return_id,order_id,customer_id,product_id,return_date,reason,refund_amount,status
RET-000001,ORD-000007,CUST-00914,PROD-0033,2023-01-12,defective,12.75,approved
RET-000002,ORD-000023,CUST-00365,PROD-0074,2023-01-04,defective,98.26,approved
RET-000003,ORD-000027,CUST-00820,PROD-0149,2023-01-12,changed_mind,26.25,approved
RET-000004,ORD-000033,CUST-01173,PROD-0098,2023-01-14,defective,22.63,approved
RET-000005,ORD-000035,CUST-00044,PROD-0018,2023-01-13,changed_mind,99.68,approved
RET-000006,ORD-000037,CUST-00808,PROD-0066,2023-01-09,defective,41.45,approved
RET-000007,ORD-000039,CUST-02565,PROD-0084,2023-01-06,changed_mind,251.67,approved
RET-000008,ORD-000040,CUST-02858,PROD-0117,2023-01-09,defective,60.87,approved
RET-000009,ORD-000044,CUST-00428,PROD-0025,2023-01-13,not_as_described,70.79,approved
RET-000010,ORD-000046,CUST-01931,PROD-0013,2023-02-01,changed_mind,129.44,rejected
RET-000011,ORD-000050,CUST-00911,PROD-0054,2023-01-21,not_as_described,54.88,approved
RET-000012,ORD-000054,CUST-01463,PROD-0016,2023-01-25,changed_mind,18.0,approved
RET-000013,ORD-000056,CUST-00965,PROD-0147,2023-01-17,not_as_described,184.94,approved
RET-000014,ORD-000057,CUST-01591,PROD-0017,2023-01-06,defective,64.48,rejected
RET-000015,ORD-000062,CUST-01943,PROD-0107,2023-01-15,changed_mind,211.33,approved
RET-000016,ORD-000065,CUST-00517,PROD-0143,2023-01-10,changed_mind,16.22,approved
RET-000017,ORD-000071,CUST-02892,PROD-0008,2023-01-11,other,47.84,approved
RET-000018,ORD-000072,CUST-02491,PROD-0127,2023-01-03,other,59.21,approved
RET-000019,ORD-000075,CUST-02865,PROD-0088,2023-01-09,other,35.16,approved
RET-000020,ORD-000079,CUST-00409,PROD-0038,2023-01-28,changed_mind,68.31,approved
RET-000021,ORD-000091,CUST-02092,PROD-0049,2023-01-21,other,23.2,approved
RET-000022,ORD-000093,CUST-01039,PROD-0037,2023-01-18,changed_mind,45.56,approved
RET-000023,ORD-000099,CUST-01487,PROD-0073,2023-01-19,changed_mind,10.71,rejected
RET-000024,ORD-000106,CUST-01009,PROD-0064,2023-01-06,wrong_item,56.44,pending
RET-000025,ORD-000116,CUST-00660,PROD-0146,2023-01-08,not_as_described,99.41,approved
RET-000026,ORD-000130,CUST-02618,PROD-0052,2023-01-11,defective,87.07,pending
RET-000027,ORD-000133,CUST-01460,PROD-0065,2023-01-08,changed_mind,77.16,approved
RET-000028,ORD-000134,CUST-01784,PROD-0090,2023-01-13,defective,45.48,approved
RET-000029,ORD-000141,CUST-01323,PROD-0041,2023-01-13,defective,42.34,approved
RET-000030,ORD-000143,CUST-02855,PROD-0022,2023-01-08,changed_mind,43.62,approved
RET-000031,ORD-000150,CUST-01562,PROD-0009,2023-01-08,defective,16.63,approved
RET-000032,ORD-000153,CUST-00398,PROD-0141,2023-01-10,not_as_described,128.39,approved
RET-000033,ORD-000157,CUST-02958,PROD-0028,2023-01-14,defective,729.12,pending
RET-000034,ORD-000160,CUST-01309,PROD-0010,2023-01-25,not_as_described,77.13,approved
RET-000035,ORD-000163,CUST-00120,PROD-0065,2023-01-29,changed_mind,20.18,approved
RET-000036,ORD-000165,CUST-02570,PROD-0056,2023-01-13,wrong_item,138.75,approved
RET-000037,ORD-000171,CUST-02945,PROD-0113,2023-01-07,changed_mind,58.36,approved
RET-000038,ORD-000181,CUST-02157,PROD-0098,2023-01-13,other,43.52,approved
RET-000039,ORD-000185,CUST-01706,PROD-0078,2023-01-09,defective,40.76,approved
RET-000040,ORD-000198,CUST-02858,PROD-0081,2023-01-20,changed_mind,103.0,approved
RET-000041,ORD-000205,CUST-02138,PROD-0118,2023-01-15,changed_mind,107.76,approved
RET-000042,ORD-000206,CUST-02604,PROD-0077,2023-01-15,wrong_item,25.87,approved
RET-000043,ORD-000215,CUST-02716,PROD-0125,2023-01-12,defective,105.24,approved
RET-000044,ORD-000219,CUST-02225,PROD-0101,2023-01-15,other,41.86,approved
RET-000045,ORD-000225,CUST-02509,PROD-0109,2023-01-12,other,39.02,approved
RET-000046,ORD-000226,CUST-00665,PROD-0080,2023-01-13,wrong_item,51.69,approved
RET-000047,ORD-000227,CUST-00320,PROD-0065,2023-01-13,changed_mind,20.67,pending
RET-000048,ORD-000245,CUST-00068,PROD-0131,2023-01-09,changed_mind,11.99,approved
RET-000049,ORD-000253,CUST-01536,PROD-0084,2023-01-25,defective,79.6,approved
RET-000050,ORD-000258,CUST-01315,PROD-0101,2023-01-12,changed_mind,20.58,approved
RET-000051,ORD-000261,CUST-02272,PROD-0093,2023-01-12,changed_mind,14.08,approved
RET-000052,ORD-000262,CUST-01950,PROD-0146,2023-01-12,changed_mind,314.91,pending
RET-000053,ORD-000279,CUST-00385,PROD-0075,2023-01-18,changed_mind,67.28,approved
RET-000054,ORD-000286,CUST-00424,PROD-0128,2023-01-19,defective,78.12,approved
RET-000055,ORD-000287,CUST-02701,PROD-0060,2023-01-15,defective,56.7,approved
RET-000056,ORD-000297,CUST-01538,PROD-0068,2023-01-10,changed_mind,9.93,approved
RET-000057,ORD-000299,CUST-01439,PROD-0076,2023-01-13,defective,55.54,pending
RET-000058,ORD-000313,CUST-02180,PROD-0046,2023-01-13,defective,75.87,approved
RET-000059,ORD-000320,CUST-01391,PROD-0137,2023-01-20,changed_mind,111.12,approved
RET-000060,ORD-000329,CUST-01108,PROD-0138,2023-01-14,other,50.64,approved
RET-000061,ORD-000343,CUST-02979,PROD-0037,2023-01-10,defective,43.61,approved
RET-000062,ORD-000346,CUST-00841,PROD-0042,2023-01-25,defective,79.2,approved
RET-000063,ORD-000357,CUST-01810,PROD-0126,2023-01-24,changed_mind,139.66,approved
RET-000064,ORD-000364,CUST-00437,PROD-0103,2023-01-12,not_as_described,34.52,approved
RET-000065,ORD-000366,CUST-00998,PROD-0148,2023-01-22,not_as_described,92.2,approved
RET-000066,ORD-000379,CUST-02196,PROD-0002,2023-01-14,changed_mind,55.42,approved
RET-000067,ORD-000384,CUST-00424,PROD-0078,2023-01-31,defective,45.71,approved
RET-000068,ORD-000388,CUST-00879,PROD-0080,2023-01-19,defective,51.22,approved
RET-000069,ORD-000393,CUST-02155,PROD-0146,2023-01-16,not_as_described,106.35,approved
RET-000070,ORD-000395,CUST-00850,PROD-0096,2023-01-19,wrong_item,30.95,approved
RET-000071,ORD-000402,CUST-02927,PROD-0028,2023-01-26,defective,260.76,approved
RET-000072,ORD-000413,CUST-02625,PROD-0046,2023-01-14,defective,73.36,approved
RET-000073,ORD-000417,CUST-01937,PROD-0046,2023-01-21,defective,45.02,approved
RET-000074,ORD-000423,CUST-02131,PROD-0140,2023-01-17,changed_mind,10.01,approved
RET-000075,ORD-000425,CUST-01058,PROD-0025,2023-01-21,changed_mind,142.54,approved
RET-000076,ORD-000428,CUST-00679,PROD-0059,2023-01-20,defective,59.43,approved
RET-000077,ORD-000434,CUST-00975,PROD-0143,2023-01-23,wrong_item,28.55,approved
RET-000078,ORD-000435,CUST-01879,PROD-0076,2023-01-26,defective,24.49,pending
RET-000079,ORD-000438,CUST-02962,PROD-0103,2023-01-30,defective,32.44,approved
RET-000080,ORD-000440,CUST-00692,PROD-0024,2023-01-17,not_as_described,43.95,approved
RET-000081,ORD-000442,CUST-01941,PROD-0006,2023-02-01,defective,19.56,approved
RET-000082,ORD-000448,CUST-02151,PROD-0109,2023-01-28,defective,17.39,rejected
RET-000083,ORD-000449,CUST-02662,PROD-0124,2023-01-19,not_as_described,164.76,approved
RET-000084,ORD-000452,CUST-02041,PROD-0143,2023-01-17,wrong_item,23.75,approved
RET-000085,ORD-000470,CUST-02243,PROD-0079,2023-01-19,not_as_described,41.24,approved
RET-000086,ORD-000471,CUST-01140,PROD-0138,2023-01-18,other,48.83,approved
RET-000087,ORD-000472,CUST-01460,PROD-0098,2023-01-22,changed_mind,35.76,approved
RET-000088,ORD-000479,CUST-00483,PROD-0056,2023-01-16,wrong_item,65.37,approved
RET-000089,ORD-000480,CUST-02542,PROD-0054,2023-01-15,changed_mind,26.18,approved
RET-000090,ORD-000486,CUST-01063,PROD-0146,2023-01-15,defective,113.67,approved
RET-000091,ORD-000495,CUST-00861,PROD-0064,2023-01-23,changed_mind,57.01,approved
RET-000092,ORD-000499,CUST-02962,PROD-0123,2023-02-02,defective,48.1,approved
RET-000093,ORD-000504,CUST-02059,PROD-0070,2023-01-27,defective,111.28,approved
RET-000094,ORD-000507,CUST-02654,PROD-0040,2023-02-02,changed_mind,79.77,approved
RET-000095,ORD-000510,CUST-01104,PROD-0100,2023-01-18,not_as_described,15.83,approved
RET-000096,ORD-000511,CUST-01749,PROD-0038,2023-01-28,changed_mind,60.7,approved
RET-000097,ORD-000513,CUST-02521,PROD-0016,2023-01-28,defective,22.1,approved
RET-000098,ORD-000515,CUST-00940,PROD-0016,2023-02-12,wrong_item,23.57,approved
RET-000099,ORD-000524,CUST-01250,PROD-0110,2023-01-28,changed_mind,427.18,rejected
RET-000100,ORD-000526,CUST-00449,PROD-0090,2023-01-25,defective,23.14,approved
RET-000101,ORD-000530,CUST-01004,PROD-0031,2023-01-27,wrong_item,86.46,approved
RET-000102,ORD-000533,CUST-00665,PROD-0021,2023-01-30,defective,132.5,approved
RET-000103,ORD-000536,CUST-02269,PROD-0143,2023-01-17,other,28.39,approved
RET-000104,ORD-000538,CUST-02844,PROD-0027,2023-01-19,not_as_described,7.64,rejected
RET-000105,ORD-000541,CUST-00434,PROD-0148,2023-01-28,changed_mind,45.14,pending
RET-000106,ORD-000545,CUST-01673,PROD-0064,2023-01-21,changed_mind,48.74,approved
RET-000107,ORD-000547,CUST-01222,PROD-0012,2023-01-24,defective,68.38,approved
RET-000108,ORD-000548,CUST-01100,PROD-0121,2023-01-18,not_as_described,45.58,rejected
RET-000109,ORD-000551,CUST-01873,PROD-0141,2023-01-27,defective,129.3,approved
RET-000110,ORD-000552,CUST-02496,PROD-0041,2023-02-09,defective,80.98,approved
RET-000111,ORD-000553,CUST-00542,PROD-0030,2023-01-24,defective,93.67,approved
RET-000112,ORD-000562,CUST-00164,PROD-0088,2023-02-01,changed_mind,34.66,approved
RET-000113,ORD-000564,CUST-01757,PROD-0040,2023-01-18,changed_mind,58.58,approved
RET-000114,ORD-000571,CUST-02499,PROD-0103,2023-01-25,changed_mind,33.91,approved
RET-000115,ORD-000572,CUST-01705,PROD-0114,2023-01-24,changed_mind,14.43,approved
RET-000116,ORD-000580,CUST-01904,PROD-0011,2023-01-29,changed_mind,10.78,approved
RET-000117,ORD-000582,CUST-01439,PROD-0147,2023-01-25,not_as_described,77.44,approved
RET-000118,ORD-000588,CUST-01433,PROD-0098,2023-01-28,wrong_item,20.92,approved
RET-000119,ORD-000590,CUST-01199,PROD-0075,2023-01-27,defective,69.84,approved
RET-000120,ORD-000591,CUST-00826,PROD-0008,2023-01-22,not_as_described,45.02,rejected
RET-000121,ORD-000593,CUST-02085,PROD-0120,2023-01-29,wrong_item,67.93,pending
RET-000122,ORD-000597,CUST-00500,PROD-0053,2023-02-02,wrong_item,70.95,approved
RET-000123,ORD-000599,CUST-02350,PROD-0053,2023-01-29,wrong_item,75.12,approved
RET-000124,ORD-000605,CUST-01190,PROD-0050,2023-01-29,changed_mind,30.56,approved
RET-000125,ORD-000610,CUST-00163,PROD-0033,2023-01-26,defective,73.36,approved
RET-000126,ORD-000613,CUST-00051,PROD-0111,2023-01-21,defective,128.73,approved
RET-000127,ORD-000624,CUST-01691,PROD-0004,2023-01-22,wrong_item,32.2,rejected
RET-000128,ORD-000625,CUST-01424,PROD-0124,2023-01-23,changed_mind,74.89,approved
RET-000129,ORD-000638,CUST-02739,PROD-0046,2023-02-16,defective,145.98,rejected
RET-000130,ORD-000639,CUST-02922,PROD-0070,2023-01-24,changed_mind,28.33,approved
RET-000131,ORD-000642,CUST-02410,PROD-0018,2023-02-01,defective,97.22,approved
RET-000132,ORD-000644,CUST-00905,PROD-0017,2023-02-08,defective,33.73,approved
RET-000133,ORD-000645,CUST-01024,PROD-0096,2023-02-14,defective,57.08,approved
RET-000134,ORD-000647,CUST-01054,PROD-0139,2023-02-06,defective,33.52,approved
RET-000135,ORD-000661,CUST-02567,PROD-0127,2023-01-26,not_as_described,61.17,pending
RET-000136,ORD-000666,CUST-01453,PROD-0103,2023-01-29,wrong_item,34.7,approved
RET-000137,ORD-000676,CUST-01586,PROD-0117,2023-02-10,defective,80.4,approved
RET-000138,ORD-000678,CUST-02118,PROD-0095,2023-01-21,changed_mind,23.63,approved
RET-000139,ORD-000682,CUST-00207,PROD-0107,2023-03-03,defective,463.02,approved
RET-000140,ORD-000683,CUST-01078,PROD-0013,2023-02-05,defective,76.16,approved
RET-000141,ORD-000685,CUST-02991,PROD-0034,2023-01-23,changed_mind,47.29,approved
RET-000142,ORD-000696,CUST-01856,PROD-0084,2023-01-29,defective,82.24,approved
RET-000143,ORD-000702,CUST-01708,PROD-0060,2023-01-30,changed_mind,59.4,approved
RET-000144,ORD-000709,CUST-01200,PROD-0015,2023-01-22,other,303.72,rejected
RET-000145,ORD-000718,CUST-01206,PROD-0073,2023-02-12,defective,10.08,approved
RET-000146,ORD-000725,CUST-01977,PROD-0028,2023-01-25,defective,230.48,approved
RET-000147,ORD-000727,CUST-01809,PROD-0101,2023-01-25,defective,18.49,approved
RET-000148,ORD-000729,CUST-01533,PROD-0126,2023-02-04,changed_mind,133.04,approved
RET-000149,ORD-000731,CUST-02364,PROD-0015,2023-01-27,not_as_described,155.01,approved
RET-000150,ORD-000733,CUST-00514,PROD-0113,2023-02-02,wrong_item,59.14,approved
RET-000151,ORD-000739,CUST-01209,PROD-0032,2023-02-02,defective,137.62,rejected
RET-000152,ORD-000745,CUST-00644,PROD-0065,2023-01-27,defective,39.5,approved
RET-000153,ORD-000746,CUST-01220,PROD-0139,2023-02-09,defective,34.18,approved
RET-000154,ORD-000748,CUST-00346,PROD-0126,2023-02-04,not_as_described,131.87,pending
RET-000155,ORD-000752,CUST-01939,PROD-0072,2023-01-25,changed_mind,68.31,approved
RET-000156,ORD-000754,CUST-01839,PROD-0005,2023-02-07,defective,22.7,approved
RET-000157,ORD-000756,CUST-00739,PROD-0070,2023-01-28,changed_mind,26.21,approved
RET-000158,ORD-000763,CUST-01868,PROD-0071,2023-01-27,changed_mind,44.25,approved
RET-000159,ORD-000773,CUST-02406,PROD-0023,2023-02-01,other,118.88,approved
RET-000160,ORD-000774,CUST-01892,PROD-0139,2023-02-13,changed_mind,33.74,approved
RET-000161,ORD-000779,CUST-00268,PROD-0107,2023-02-06,defective,682.95,approved
RET-000162,ORD-000784,CUST-00189,PROD-0127,2023-02-01,other,123.0,pending
RET-000163,ORD-000790,CUST-02766,PROD-0128,2023-01-28,changed_mind,75.76,approved
RET-000164,ORD-000793,CUST-00810,PROD-0122,2023-02-13,changed_mind,20.49,approved
RET-000165,ORD-000797,CUST-01158,PROD-0069,2023-01-25,changed_mind,62.54,approved
RET-000166,ORD-000798,CUST-00365,PROD-0125,2023-01-27,defective,32.11,approved
RET-000167,ORD-000809,CUST-00495,PROD-0140,2023-02-03,wrong_item,20.86,approved
RET-000168,ORD-000810,CUST-00344,PROD-0059,2023-02-01,other,34.8,approved
RET-000169,ORD-000811,CUST-00857,PROD-0098,2023-02-04,defective,21.04,approved
RET-000170,ORD-000813,CUST-00949,PROD-0126,2023-02-07,changed_mind,119.86,approved
RET-000171,ORD-000816,CUST-02078,PROD-0051,2023-02-06,not_as_described,40.25,approved
RET-000172,ORD-000818,CUST-02837,PROD-0115,2023-02-14,changed_mind,61.58,approved
RET-000173,ORD-000821,CUST-01162,PROD-0012,2023-02-01,not_as_described,32.23,approved
RET-000174,ORD-000822,CUST-02327,PROD-0122,2023-01-31,changed_mind,42.16,approved
RET-000175,ORD-000827,CUST-01325,PROD-0041,2023-02-23,changed_mind,41.26,approved
RET-000176,ORD-000831,CUST-00379,PROD-0119,2023-02-11,changed_mind,52.01,approved
RET-000177,ORD-000839,CUST-00603,PROD-0002,2023-02-15,changed_mind,53.9,rejected
RET-000178,ORD-000844,CUST-00335,PROD-0133,2023-01-31,defective,38.16,approved
RET-000179,ORD-000846,CUST-02510,PROD-0140,2023-02-04,wrong_item,9.78,rejected
RET-000180,ORD-000850,CUST-01609,PROD-0006,2023-02-01,defective,20.54,rejected
RET-000181,ORD-000856,CUST-01901,PROD-0084,2023-02-07,not_as_described,161.34,approved
RET-000182,ORD-000857,CUST-02047,PROD-0028,2023-02-10,changed_mind,245.14,approved
RET-000183,ORD-000858,CUST-01003,PROD-0106,2023-02-05,other,32.63,approved
RET-000184,ORD-000861,CUST-02297,PROD-0105,2023-02-04,defective,46.58,approved
RET-000185,ORD-000865,CUST-01757,PROD-0044,2023-02-13,defective,24.57,pending
RET-000186,ORD-000872,CUST-01137,PROD-0057,2023-02-02,changed_mind,27.0,approved
RET-000187,ORD-000881,CUST-02641,PROD-0016,2023-02-13,other,22.23,approved
RET-000188,ORD-000886,CUST-00432,PROD-0077,2023-02-14,changed_mind,27.56,approved
RET-000189,ORD-000895,CUST-01345,PROD-0135,2023-02-03,changed_mind,42.87,rejected
RET-000190,ORD-000896,CUST-02142,PROD-0067,2023-02-02,changed_mind,69.07,pending
RET-000191,ORD-000898,CUST-01781,PROD-0046,2023-02-07,changed_mind,82.18,approved
RET-000192,ORD-000909,CUST-02170,PROD-0101,2023-01-28,changed_mind,20.32,approved
RET-000193,ORD-000910,CUST-00799,PROD-0065,2023-02-06,changed_mind,18.29,approved
RET-000194,ORD-000912,CUST-01442,PROD-0033,2023-02-12,defective,15.63,approved
RET-000195,ORD-000915,CUST-01587,PROD-0108,2023-02-17,wrong_item,16.63,approved
RET-000196,ORD-000917,CUST-02480,PROD-0029,2023-02-02,wrong_item,19.52,pending
RET-000197,ORD-000918,CUST-01256,PROD-0084,2023-02-04,defective,75.48,approved
RET-000198,ORD-000922,CUST-01784,PROD-0012,2023-02-05,defective,33.96,approved
RET-000199,ORD-000923,CUST-00107,PROD-0050,2023-02-04,defective,15.38,approved
RET-000200,ORD-000925,CUST-00638,PROD-0139,2023-02-06,defective,74.8,approved
RET-000201,ORD-000933,CUST-02326,PROD-0113,2023-02-15,other,120.62,approved
RET-000202,ORD-000936,CUST-02728,PROD-0040,2023-01-29,defective,56.16,rejected
RET-000203,ORD-000939,CUST-00550,PROD-0012,2023-01-31,other,36.56,approved
RET-000204,ORD-000946,CUST-02426,PROD-0048,2023-01-29,changed_mind,48.92,approved
RET-000205,ORD-000957,CUST-00314,PROD-0054,2023-02-10,defective,54.64,approved
RET-000206,ORD-000958,CUST-01887,PROD-0140,2023-02-08,defective,9.75,approved
RET-000207,ORD-000963,CUST-02920,PROD-0125,2023-02-07,defective,101.37,approved
RET-000208,ORD-000966,CUST-00187,PROD-0110,2023-02-01,changed_mind,442.16,approved
RET-000209,ORD-000970,CUST-02378,PROD-0111,2023-02-28,defective,126.21,approved
RET-000210,ORD-000976,CUST-02579,PROD-0024,2023-02-11,changed_mind,47.36,approved
RET-000211,ORD-000990,CUST-01473,PROD-0100,2023-02-09,defective,35.32,pending
RET-000212,ORD-000997,CUST-02664,PROD-0019,2023-02-04,not_as_described,52.72,approved
RET-000213,ORD-001006,CUST-02452,PROD-0137,2023-02-01,defective,116.26,approved
RET-000214,ORD-001014,CUST-00556,PROD-0041,2023-02-04,wrong_item,44.42,approved
RET-000215,ORD-001015,CUST-01413,PROD-0132,2023-02-05,changed_mind,28.95,approved
RET-000216,ORD-001020,CUST-00365,PROD-0073,2023-02-22,not_as_described,10.58,approved
RET-000217,ORD-001023,CUST-01100,PROD-0074,2023-02-06,defective,46.6,approved
RET-000218,ORD-001028,CUST-01974,PROD-0106,2023-02-05,changed_mind,63.99,approved
RET-000219,ORD-001034,CUST-01380,PROD-0018,2023-02-06,changed_mind,97.08,rejected
RET-000220,ORD-001038,CUST-00880,PROD-0039,2023-02-11,other,2.36,approved
RET-000221,ORD-001039,CUST-01965,PROD-0096,2023-02-14,changed_mind,28.73,approved
RET-000222,ORD-001047,CUST-01680,PROD-0116,2023-02-02,defective,99.48,approved
RET-000223,ORD-001048,CUST-01859,PROD-0067,2023-02-09,wrong_item,79.95,approved
RET-000224,ORD-001052,CUST-00405,PROD-0091,2023-02-03,changed_mind,10.2,approved
RET-000225,ORD-001056,CUST-01469,PROD-0079,2023-02-15,defective,37.51,approved
RET-000226,ORD-001057,CUST-02227,PROD-0003,2023-02-08,changed_mind,218.82,approved
RET-000227,ORD-001064,CUST-01154,PROD-0014,2023-02-16,changed_mind,5.31,rejected
RET-000228,ORD-001072,CUST-00424,PROD-0013,2023-02-08,changed_mind,67.97,approved
RET-000229,ORD-001086,CUST-01611,PROD-0023,2023-02-07,wrong_item,519.6,approved
RET-000230,ORD-001087,CUST-01783,PROD-0044,2023-02-02,changed_mind,47.0,approved
RET-000231,ORD-001093,CUST-00173,PROD-0070,2023-02-05,defective,27.13,pending
RET-000232,ORD-001096,CUST-00902,PROD-0010,2023-02-11,changed_mind,72.91,approved
RET-000233,ORD-001099,CUST-02081,PROD-0039,2023-02-09,defective,16.53,approved
RET-000234,ORD-001107,CUST-02788,PROD-0106,2023-02-05,changed_mind,43.76,approved
RET-000235,ORD-001118,CUST-02095,PROD-0090,2023-02-13,defective,43.62,approved
RET-000236,ORD-001124,CUST-00881,PROD-0115,2023-02-07,wrong_item,201.09,approved
RET-000237,ORD-001126,CUST-02794,PROD-0102,2023-02-13,changed_mind,31.74,approved
RET-000238,ORD-001127,CUST-01679,PROD-0054,2023-02-12,defective,116.88,approved
RET-000239,ORD-001130,CUST-01526,PROD-0131,2023-02-18,not_as_described,21.36,approved
RET-000240,ORD-001131,CUST-00870,PROD-0056,2023-02-23,changed_mind,59.49,approved
RET-000241,ORD-001132,CUST-02336,PROD-0107,2023-02-08,defective,215.38,approved
RET-000242,ORD-001138,CUST-01950,PROD-0105,2023-02-14,defective,45.04,approved
RET-000243,ORD-001139,CUST-02763,PROD-0100,2023-02-19,not_as_described,16.99,approved
RET-000244,ORD-001142,CUST-02568,PROD-0028,2023-02-09,defective,252.03,pending
RET-000245,ORD-001154,CUST-02671,PROD-0138,2023-02-18,defective,51.81,approved
RET-000246,ORD-001158,CUST-01515,PROD-0149,2023-02-14,changed_mind,26.27,rejected
RET-000247,ORD-001160,CUST-02588,PROD-0030,2023-02-14,defective,65.89,approved
RET-000248,ORD-001163,CUST-00246,PROD-0030,2023-02-06,defective,103.89,approved
RET-000249,ORD-001166,CUST-00068,PROD-0115,2023-02-12,defective,64.21,approved
RET-000250,ORD-001171,CUST-01715,PROD-0028,2023-02-04,defective,523.4,approved
RET-000251,ORD-001173,CUST-00055,PROD-0048,2023-02-15,changed_mind,48.92,approved
RET-000252,ORD-001181,CUST-00316,PROD-0008,2023-02-23,changed_mind,97.88,approved
RET-000253,ORD-001183,CUST-00469,PROD-0096,2023-02-07,defective,91.56,approved
RET-000254,ORD-001186,CUST-01088,PROD-0137,2023-02-09,changed_mind,116.32,pending
RET-000255,ORD-001190,CUST-01422,PROD-0064,2023-02-11,wrong_item,56.54,approved
RET-000256,ORD-001196,CUST-00475,PROD-0111,2023-02-10,defective,88.44,approved
RET-000257,ORD-001197,CUST-00292,PROD-0125,2023-02-12,defective,34.43,approved
RET-000258,ORD-001198,CUST-02081,PROD-0019,2023-02-11,other,57.02,approved
RET-000259,ORD-001200,CUST-02735,PROD-0097,2023-02-15,defective,21.7,approved
RET-000260,ORD-001201,CUST-00731,PROD-0139,2023-02-10,defective,34.61,approved
RET-000261,ORD-001203,CUST-00334,PROD-0073,2023-02-06,defective,10.38,approved
RET-000262,ORD-001205,CUST-01699,PROD-0057,2023-02-09,wrong_item,27.41,approved
RET-000263,ORD-001206,CUST-02586,PROD-0150,2023-02-11,defective,138.9,approved
RET-000264,ORD-001214,CUST-01248,PROD-0130,2023-02-15,wrong_item,31.93,approved
RET-000265,ORD-001217,CUST-02173,PROD-0061,2023-02-09,defective,116.96,approved
RET-000266,ORD-001218,CUST-02117,PROD-0012,2023-02-09,defective,64.34,approved
RET-000267,ORD-001219,CUST-01701,PROD-0097,2023-02-08,wrong_item,30.78,pending
RET-000268,ORD-001225,CUST-02559,PROD-0044,2023-02-17,defective,21.91,approved
RET-000269,ORD-001230,CUST-02906,PROD-0079,2023-02-14,defective,78.26,approved
RET-000270,ORD-001242,CUST-01963,PROD-0009,2023-02-05,defective,31.04,approved
RET-000271,ORD-001245,CUST-00504,PROD-0056,2023-02-10,other,198.54,approved
RET-000272,ORD-001246,CUST-02028,PROD-0021,2023-02-09,defective,64.52,approved
RET-000273,ORD-001249,CUST-02095,PROD-0031,2023-02-22,defective,29.14,approved
RET-000274,ORD-001250,CUST-00975,PROD-0040,2023-02-11,defective,90.27,approved
RET-000275,ORD-001252,CUST-00247,PROD-0061,2023-02-09,changed_mind,30.9,approved
RET-000276,ORD-001255,CUST-01515,PROD-0058,2023-02-14,defective,16.4,approved
RET-000277,ORD-001256,CUST-02410,PROD-0005,2023-02-24,other,20.72,pending
RET-000278,ORD-001258,CUST-02837,PROD-0053,2023-02-24,defective,72.16,approved
RET-000279,ORD-001264,CUST-01715,PROD-0125,2023-02-12,defective,35.05,approved
RET-000280,ORD-001269,CUST-00978,PROD-0042,2023-02-19,not_as_described,59.12,approved
RET-000281,ORD-001270,CUST-01745,PROD-0029,2023-02-11,changed_mind,19.31,approved
RET-000282,ORD-001274,CUST-02828,PROD-0130,2023-02-08,changed_mind,63.62,approved
RET-000283,ORD-001280,CUST-02691,PROD-0068,2023-02-17,defective,11.57,approved
RET-000284,ORD-001289,CUST-00230,PROD-0061,2023-02-10,changed_mind,126.12,approved
RET-000285,ORD-001291,CUST-00793,PROD-0094,2023-02-15,defective,16.94,approved
RET-000286,ORD-001294,CUST-02936,PROD-0064,2023-02-15,changed_mind,56.07,approved
RET-000287,ORD-001295,CUST-01748,PROD-0042,2023-02-12,defective,36.47,approved
RET-000288,ORD-001304,CUST-02523,PROD-0031,2023-02-12,changed_mind,97.8,approved
RET-000289,ORD-001313,CUST-02664,PROD-0021,2023-02-14,defective,140.54,approved
RET-000290,ORD-001322,CUST-02882,PROD-0102,2023-02-14,changed_mind,29.84,approved
RET-000291,ORD-001327,CUST-02175,PROD-0066,2023-02-16,changed_mind,37.65,approved
RET-000292,ORD-001336,CUST-01437,PROD-0128,2023-03-04,defective,35.31,approved
RET-000293,ORD-001337,CUST-02797,PROD-0045,2023-02-16,changed_mind,32.09,approved
RET-000294,ORD-001338,CUST-02374,PROD-0054,2023-02-15,defective,27.23,approved
RET-000295,ORD-001348,CUST-01768,PROD-0007,2023-02-16,defective,6.32,approved
RET-000296,ORD-001353,CUST-02003,PROD-0053,2023-02-14,wrong_item,72.41,approved
RET-000297,ORD-001354,CUST-00968,PROD-0124,2023-02-14,other,75.28,approved
RET-000298,ORD-001357,CUST-02356,PROD-0042,2023-02-11,defective,37.63,rejected
RET-000299,ORD-001361,CUST-02060,PROD-0030,2023-02-15,defective,93.46,approved
RET-000300,ORD-001366,CUST-00084,PROD-0060,2023-02-24,changed_mind,56.21,approved
RET-000301,ORD-001369,CUST-00108,PROD-0089,2023-02-10,changed_mind,12.4,approved
RET-000302,ORD-001373,CUST-02191,PROD-0034,2023-02-25,changed_mind,156.78,pending
RET-000303,ORD-001376,CUST-00331,PROD-0019,2023-02-12,changed_mind,53.03,approved
RET-000304,ORD-001381,CUST-00492,PROD-0118,2023-02-19,defective,113.13,approved
RET-000305,ORD-001383,CUST-01818,PROD-0018,2023-02-19,defective,156.45,approved
RET-000306,ORD-001384,CUST-02093,PROD-0054,2023-02-15,defective,28.32,approved
RET-000307,ORD-001385,CUST-01501,PROD-0009,2023-02-14,not_as_described,16.82,approved
RET-000308,ORD-001387,CUST-02971,PROD-0130,2023-02-13,defective,71.72,approved
RET-000309,ORD-001390,CUST-01547,PROD-0081,2023-02-21,changed_mind,94.06,approved
RET-000310,ORD-001393,CUST-00652,PROD-0033,2023-02-19,wrong_item,18.45,pending
RET-000311,ORD-001409,CUST-00614,PROD-0005,2023-02-14,defective,43.64,approved
RET-000312,ORD-001415,CUST-01586,PROD-0132,2023-02-21,defective,14.57,approved
RET-000313,ORD-001416,CUST-02491,PROD-0126,2023-03-06,defective,275.9,approved
RET-000314,ORD-001421,CUST-00556,PROD-0126,2023-02-14,defective,135.56,pending
RET-000315,ORD-001422,CUST-01743,PROD-0023,2023-02-28,defective,109.59,approved
RET-000316,ORD-001423,CUST-01850,PROD-0130,2023-03-01,wrong_item,33.69,approved
RET-000317,ORD-001427,CUST-00711,PROD-0129,2023-02-13,not_as_described,39.07,approved
RET-000318,ORD-001432,CUST-01438,PROD-0094,2023-02-22,changed_mind,8.56,approved
RET-000319,ORD-001433,CUST-02319,PROD-0139,2023-02-15,changed_mind,26.87,rejected
RET-000320,ORD-001437,CUST-01475,PROD-0017,2023-02-27,changed_mind,35.16,approved
RET-000321,ORD-001439,CUST-02469,PROD-0028,2023-03-27,defective,264.94,rejected
RET-000322,ORD-001446,CUST-01128,PROD-0035,2023-02-14,defective,23.31,approved
RET-000323,ORD-001451,CUST-00312,PROD-0065,2023-02-25,changed_mind,57.0,rejected
RET-000324,ORD-001453,CUST-02165,PROD-0053,2023-02-22,defective,70.51,approved
RET-000325,ORD-001462,CUST-01778,PROD-0147,2023-02-14,defective,99.0,rejected
RET-000326,ORD-001463,CUST-02950,PROD-0122,2023-02-16,changed_mind,46.16,approved
RET-000327,ORD-001467,CUST-00328,PROD-0021,2023-02-13,defective,143.64,approved
RET-000328,ORD-001471,CUST-00204,PROD-0128,2023-02-12,wrong_item,38.51,approved
RET-000329,ORD-001472,CUST-01634,PROD-0066,2023-02-15,changed_mind,25.69,approved
RET-000330,ORD-001475,CUST-02369,PROD-0064,2023-02-16,wrong_item,125.16,approved
RET-000331,ORD-001481,CUST-01763,PROD-0144,2023-02-20,changed_mind,24.91,approved
RET-000332,ORD-001488,CUST-01912,PROD-0033,2023-02-13,defective,54.18,approved
RET-000333,ORD-001489,CUST-01292,PROD-0066,2023-03-01,wrong_item,41.07,approved
RET-000334,ORD-001492,CUST-00003,PROD-0029,2023-02-16,changed_mind,20.53,rejected
RET-000335,ORD-001494,CUST-02703,PROD-0043,2023-02-21,not_as_described,67.95,approved
RET-000336,ORD-001498,CUST-01821,PROD-0114,2023-02-17,defective,15.72,approved
RET-000337,ORD-001501,CUST-02957,PROD-0147,2023-02-16,not_as_described,88.0,approved
RET-000338,ORD-001503,CUST-02560,PROD-0148,2023-02-19,not_as_described,91.0,pending
RET-000339,ORD-001507,CUST-02108,PROD-0024,2023-02-26,defective,46.84,approved
RET-000340,ORD-001514,CUST-00834,PROD-0066,2023-02-25,other,37.72,approved
RET-000341,ORD-001515,CUST-01570,PROD-0107,2023-02-19,defective,458.08,approved
RET-000342,ORD-001517,CUST-01262,PROD-0052,2023-02-24,defective,82.99,rejected
RET-000343,ORD-001520,CUST-01494,PROD-0036,2023-02-20,defective,111.51,approved
RET-000344,ORD-001531,CUST-00008,PROD-0028,2023-02-28,not_as_described,713.97,approved
RET-000345,ORD-001534,CUST-02052,PROD-0039,2023-02-19,defective,5.66,approved
RET-000346,ORD-001537,CUST-01752,PROD-0076,2023-02-19,other,27.43,approved
RET-000347,ORD-001540,CUST-00229,PROD-0150,2023-02-20,defective,51.95,rejected
RET-000348,ORD-001546,CUST-02845,PROD-0079,2023-02-14,changed_mind,86.56,approved
RET-000349,ORD-001552,CUST-00966,PROD-0032,2023-02-21,defective,76.08,approved
RET-000350,ORD-001553,CUST-00355,PROD-0103,2023-02-28,wrong_item,64.82,approved
RET-000351,ORD-001556,CUST-00864,PROD-0100,2023-02-28,not_as_described,33.52,approved
RET-000352,ORD-001561,CUST-00693,PROD-0035,2023-03-12,wrong_item,26.96,approved
RET-000353,ORD-001568,CUST-02534,PROD-0088,2023-02-20,changed_mind,38.12,approved
RET-000354,ORD-001576,CUST-02361,PROD-0129,2023-02-20,wrong_item,20.74,approved
RET-000355,ORD-001586,CUST-00069,PROD-0044,2023-02-25,defective,23.85,approved
RET-000356,ORD-001589,CUST-01083,PROD-0015,2023-02-23,not_as_described,436.32,approved
RET-000357,ORD-001593,CUST-02274,PROD-0116,2023-02-21,defective,68.39,approved
RET-000358,ORD-001596,CUST-01531,PROD-0012,2023-02-18,changed_mind,71.0,approved
RET-000359,ORD-001599,CUST-02934,PROD-0123,2023-02-26,defective,50.28,approved
RET-000360,ORD-001600,CUST-02340,PROD-0049,2023-02-27,wrong_item,99.4,approved
RET-000361,ORD-001602,CUST-00971,PROD-0071,2023-02-27,changed_mind,41.37,approved
RET-000362,ORD-001603,CUST-02755,PROD-0150,2023-02-17,defective,47.63,approved
RET-000363,ORD-001604,CUST-00284,PROD-0028,2023-02-22,defective,78.25,approved
RET-000364,ORD-001606,CUST-02032,PROD-0017,2023-02-24,wrong_item,35.24,approved
RET-000365,ORD-001608,CUST-00988,PROD-0085,2023-02-28,defective,67.5,approved
RET-000366,ORD-001611,CUST-00052,PROD-0110,2023-02-26,wrong_item,860.12,rejected
RET-000367,ORD-001619,CUST-02930,PROD-0005,2023-02-22,defective,21.77,approved
RET-000368,ORD-001622,CUST-02894,PROD-0082,2023-03-01,wrong_item,14.66,approved
RET-000369,ORD-001623,CUST-02234,PROD-0057,2023-02-24,defective,27.45,approved
RET-000370,ORD-001630,CUST-00048,PROD-0002,2023-02-18,defective,15.38,approved
RET-000371,ORD-001636,CUST-01595,PROD-0048,2023-03-03,defective,98.8,pending
RET-000372,ORD-001639,CUST-01280,PROD-0116,2023-02-21,wrong_item,27.77,approved
RET-000373,ORD-001646,CUST-00902,PROD-0031,2023-02-24,wrong_item,61.68,approved
RET-000374,ORD-001647,CUST-02606,PROD-0078,2023-02-17,not_as_described,42.5,approved
RET-000375,ORD-001652,CUST-01547,PROD-0023,2023-02-25,not_as_described,87.36,approved
RET-000376,ORD-001654,CUST-02339,PROD-0094,2023-02-23,changed_mind,7.76,rejected
RET-000377,ORD-001658,CUST-01007,PROD-0010,2023-02-23,changed_mind,75.08,approved
RET-000378,ORD-001660,CUST-02880,PROD-0013,2023-03-06,defective,73.81,approved
RET-000379,ORD-001672,CUST-00899,PROD-0030,2023-03-02,defective,101.98,rejected
RET-000380,ORD-001678,CUST-01630,PROD-0091,2023-02-20,changed_mind,9.35,approved
RET-000381,ORD-001679,CUST-02340,PROD-0067,2023-02-26,changed_mind,164.1,rejected
RET-000382,ORD-001682,CUST-01234,PROD-0134,2023-02-23,wrong_item,23.08,approved
RET-000383,ORD-001684,CUST-02805,PROD-0090,2023-02-27,defective,23.27,approved
RET-000384,ORD-001686,CUST-02014,PROD-0040,2023-02-21,changed_mind,30.79,approved
RET-000385,ORD-001701,CUST-02533,PROD-0069,2023-02-23,changed_mind,30.11,approved
RET-000386,ORD-001707,CUST-01685,PROD-0101,2023-02-23,defective,19.32,approved
RET-000387,ORD-001711,CUST-00050,PROD-0111,2023-03-24,changed_mind,87.96,approved
RET-000388,ORD-001715,CUST-02341,PROD-0073,2023-03-07,defective,10.58,approved
RET-000389,ORD-001717,CUST-01378,PROD-0083,2023-02-22,defective,126.92,approved
RET-000390,ORD-001720,CUST-01223,PROD-0036,2023-02-28,changed_mind,110.75,approved
RET-000391,ORD-001722,CUST-02310,PROD-0090,2023-03-12,defective,46.86,approved
RET-000392,ORD-001724,CUST-02977,PROD-0095,2023-02-28,not_as_described,41.16,rejected
RET-000393,ORD-001725,CUST-00400,PROD-0079,2023-02-26,changed_mind,160.16,approved
RET-000394,ORD-001726,CUST-00035,PROD-0121,2023-02-26,changed_mind,140.61,approved
RET-000395,ORD-001733,CUST-01025,PROD-0033,2023-03-03,changed_mind,33.18,pending
RET-000396,ORD-001738,CUST-01949,PROD-0056,2023-03-03,changed_mind,125.7,approved
RET-000397,ORD-001739,CUST-00280,PROD-0054,2023-02-23,defective,25.7,rejected
RET-000398,ORD-001745,CUST-00414,PROD-0044,2023-03-02,defective,46.3,approved
RET-000399,ORD-001750,CUST-00862,PROD-0138,2023-03-04,defective,49.27,approved
RET-000400,ORD-001752,CUST-02491,PROD-0148,2023-03-01,wrong_item,94.28,approved
RET-000401,ORD-001766,CUST-00921,PROD-0045,2023-02-27,changed_mind,29.84,approved
RET-000402,ORD-001772,CUST-00537,PROD-0044,2023-03-14,defective,23.1,approved
RET-000403,ORD-001776,CUST-00427,PROD-0083,2023-03-02,defective,141.7,approved
RET-000404,ORD-001782,CUST-00571,PROD-0139,2023-03-06,defective,32.67,approved
RET-000405,ORD-001791,CUST-01512,PROD-0106,2023-03-09,changed_mind,24.43,approved
RET-000406,ORD-001792,CUST-00117,PROD-0012,2023-02-28,changed_mind,35.37,approved
RET-000407,ORD-001814,CUST-02722,PROD-0008,2023-03-01,wrong_item,46.59,approved
RET-000408,ORD-001815,CUST-02867,PROD-0123,2023-02-26,defective,53.85,rejected
RET-000409,ORD-001825,CUST-02673,PROD-0070,2023-03-17,changed_mind,25.67,approved
RET-000410,ORD-001828,CUST-00235,PROD-0150,2023-03-07,defective,49.84,approved
RET-000411,ORD-001833,CUST-01618,PROD-0041,2023-03-04,changed_mind,86.8,rejected
RET-000412,ORD-001837,CUST-00237,PROD-0053,2023-03-10,defective,71.38,approved
RET-000413,ORD-001842,CUST-02339,PROD-0136,2023-03-08,changed_mind,29.75,approved
RET-000414,ORD-001846,CUST-02356,PROD-0079,2023-03-06,not_as_described,118.83,rejected
RET-000415,ORD-001848,CUST-02040,PROD-0003,2023-02-28,changed_mind,115.23,approved
RET-000416,ORD-001861,CUST-01439,PROD-0060,2023-02-28,defective,60.34,approved
RET-000417,ORD-001865,CUST-01779,PROD-0141,2023-03-10,not_as_described,119.98,approved
RET-000418,ORD-001870,CUST-01702,PROD-0105,2023-03-11,defective,20.59,rejected
RET-000419,ORD-001874,CUST-02274,PROD-0046,2023-02-27,changed_mind,34.61,approved
RET-000420,ORD-001877,CUST-01376,PROD-0033,2023-03-09,defective,56.61,approved
RET-000421,ORD-001879,CUST-02173,PROD-0113,2023-03-20,changed_mind,181.5,approved
RET-000422,ORD-001881,CUST-01192,PROD-0058,2023-03-08,not_as_described,17.74,approved
RET-000423,ORD-001886,CUST-00954,PROD-0034,2023-02-27,changed_mind,47.92,approved
RET-000424,ORD-001905,CUST-02305,PROD-0112,2023-03-10,defective,39.96,pending
RET-000425,ORD-001910,CUST-02722,PROD-0124,2023-03-18,defective,78.11,approved
RET-000426,ORD-001922,CUST-02771,PROD-0130,2023-03-02,changed_mind,34.7,approved
RET-000427,ORD-001925,CUST-02890,PROD-0147,2023-02-27,changed_mind,85.39,pending
RET-000428,ORD-001929,CUST-01779,PROD-0111,2023-02-27,changed_mind,45.83,approved
RET-000429,ORD-001931,CUST-00701,PROD-0145,2023-03-19,wrong_item,10.67,approved
RET-000430,ORD-001937,CUST-02538,PROD-0102,2023-03-19,defective,32.2,pending
RET-000431,ORD-001940,CUST-02353,PROD-0038,2023-03-03,changed_mind,245.56,approved
RET-000432,ORD-001943,CUST-01521,PROD-0071,2023-03-18,not_as_described,76.58,approved
RET-000433,ORD-001944,CUST-01093,PROD-0122,2023-03-07,defective,67.32,rejected
RET-000434,ORD-001947,CUST-00843,PROD-0081,2023-03-25,changed_mind,49.08,rejected
RET-000435,ORD-001948,CUST-01110,PROD-0077,2023-03-15,wrong_item,82.26,approved
RET-000436,ORD-001952,CUST-00500,PROD-0076,2023-03-12,defective,50.6,approved
RET-000437,ORD-001953,CUST-02318,PROD-0024,2023-03-15,changed_mind,47.99,approved
RET-000438,ORD-001955,CUST-01812,PROD-0094,2023-03-24,changed_mind,8.01,approved
RET-000439,ORD-001959,CUST-02069,PROD-0044,2023-03-18,defective,24.32,rejected
RET-000440,ORD-001974,CUST-01973,PROD-0107,2023-03-14,changed_mind,244.46,approved
RET-000441,ORD-001976,CUST-01218,PROD-0118,2023-03-01,defective,116.42,approved
RET-000442,ORD-001988,CUST-01134,PROD-0033,2023-03-12,defective,16.84,approved
RET-000443,ORD-001990,CUST-02474,PROD-0123,2023-03-04,defective,47.75,approved
RET-000444,ORD-001991,CUST-01451,PROD-0068,2023-03-04,defective,10.79,approved
RET-000445,ORD-001992,CUST-02047,PROD-0011,2023-03-12,defective,11.36,approved
RET-000446,ORD-001994,CUST-01935,PROD-0094,2023-03-08,wrong_item,8.49,approved
RET-000447,ORD-001996,CUST-02017,PROD-0096,2023-03-10,not_as_described,58.64,approved
RET-000448,ORD-001997,CUST-00339,PROD-0124,2023-03-15,changed_mind,82.15,approved
RET-000449,ORD-001998,CUST-01510,PROD-0144,2023-03-19,wrong_item,21.69,approved
RET-000450,ORD-002003,CUST-02164,PROD-0022,2023-03-14,changed_mind,47.15,approved
RET-000451,ORD-002014,CUST-00335,PROD-0006,2023-03-14,defective,21.28,approved
RET-000452,ORD-002031,CUST-01022,PROD-0078,2023-03-06,wrong_item,43.58,approved
RET-000453,ORD-002034,CUST-00689,PROD-0065,2023-03-12,changed_mind,18.74,approved
RET-000454,ORD-002038,CUST-01202,PROD-0109,2023-03-09,defective,43.22,approved
RET-000455,ORD-002043,CUST-00808,PROD-0020,2023-03-07,wrong_item,24.47,approved
RET-000456,ORD-002055,CUST-00249,PROD-0126,2023-03-17,changed_mind,126.65,approved
RET-000457,ORD-002057,CUST-01437,PROD-0055,2023-03-04,wrong_item,57.36,approved
RET-000458,ORD-002062,CUST-00969,PROD-0145,2023-03-21,changed_mind,65.4,approved
RET-000459,ORD-002067,CUST-00103,PROD-0020,2023-03-06,wrong_item,38.79,approved
RET-000460,ORD-002068,CUST-01787,PROD-0046,2023-03-11,not_as_described,168.6,approved
RET-000461,ORD-002073,CUST-02946,PROD-0142,2023-03-23,other,25.96,approved
RET-000462,ORD-002077,CUST-00591,PROD-0024,2023-03-06,other,145.92,rejected
RET-000463,ORD-002078,CUST-01857,PROD-0033,2023-03-13,changed_mind,18.62,approved
RET-000464,ORD-002079,CUST-01058,PROD-0001,2023-03-10,wrong_item,97.16,approved
RET-000465,ORD-002083,CUST-02602,PROD-0050,2023-03-10,defective,12.35,approved
RET-000466,ORD-002084,CUST-01881,PROD-0016,2023-03-07,changed_mind,45.06,approved
RET-000467,ORD-002087,CUST-00268,PROD-0046,2023-03-14,defective,43.6,approved
RET-000468,ORD-002090,CUST-01507,PROD-0096,2023-03-05,wrong_item,28.04,approved
RET-000469,ORD-002093,CUST-01977,PROD-0148,2023-03-12,defective,81.88,approved
RET-000470,ORD-002097,CUST-01220,PROD-0017,2023-03-13,defective,70.84,rejected
RET-000471,ORD-002107,CUST-00575,PROD-0042,2023-03-08,wrong_item,103.95,approved
RET-000472,ORD-002109,CUST-02292,PROD-0080,2023-03-17,other,145.56,approved
RET-000473,ORD-002116,CUST-01180,PROD-0140,2023-03-13,wrong_item,10.14,approved
RET-000474,ORD-002120,CUST-02523,PROD-0120,2023-03-07,changed_mind,65.16,approved
RET-000475,ORD-002122,CUST-00116,PROD-0092,2023-03-15,changed_mind,50.58,approved
RET-000476,ORD-002124,CUST-00562,PROD-0044,2023-03-12,defective,73.68,approved
RET-000477,ORD-002125,CUST-01829,PROD-0120,2023-03-10,changed_mind,63.72,approved
RET-000478,ORD-002126,CUST-01237,PROD-0076,2023-03-23,defective,26.48,approved
RET-000479,ORD-002128,CUST-01790,PROD-0132,2023-03-05,defective,27.3,approved
RET-000480,ORD-002129,CUST-01915,PROD-0052,2023-03-30,defective,83.23,rejected
RET-000481,ORD-002131,CUST-02899,PROD-0061,2023-03-09,defective,27.93,approved
RET-000482,ORD-002132,CUST-01726,PROD-0052,2023-03-25,defective,78.38,approved
RET-000483,ORD-002135,CUST-00314,PROD-0150,2023-03-13,defective,155.22,approved
RET-000484,ORD-002145,CUST-01951,PROD-0117,2023-03-10,defective,20.65,approved
RET-000485,ORD-002154,CUST-02843,PROD-0055,2023-03-13,wrong_item,56.9,approved
RET-000486,ORD-002159,CUST-02941,PROD-0104,2023-03-11,wrong_item,24.94,approved
RET-000487,ORD-002162,CUST-02931,PROD-0019,2023-03-17,changed_mind,58.1,approved
RET-000488,ORD-002170,CUST-01760,PROD-0145,2023-03-09,changed_mind,19.84,approved
RET-000489,ORD-002174,CUST-02310,PROD-0101,2023-03-10,defective,19.16,pending
RET-000490,ORD-002175,CUST-01870,PROD-0126,2023-03-14,not_as_described,121.85,pending
RET-000491,ORD-002176,CUST-02632,PROD-0119,2023-03-16,changed_mind,51.22,approved
RET-000492,ORD-002177,CUST-01434,PROD-0057,2023-03-21,defective,27.1,approved
RET-000493,ORD-002179,CUST-02412,PROD-0067,2023-03-12,changed_mind,172.6,approved
RET-000494,ORD-002186,CUST-00163,PROD-0069,2023-03-10,wrong_item,31.19,approved
RET-000495,ORD-002199,CUST-01029,PROD-0115,2023-03-19,changed_mind,118.08,approved
RET-000496,ORD-002203,CUST-00068,PROD-0076,2023-03-28,defective,50.26,approved
RET-000497,ORD-002206,CUST-02640,PROD-0139,2023-03-11,defective,35.25,approved
RET-000498,ORD-002210,CUST-00872,PROD-0032,2023-03-09,not_as_described,68.93,pending
RET-000499,ORD-002223,CUST-01734,PROD-0096,2023-03-14,wrong_item,57.36,approved
RET-000500,ORD-002226,CUST-00197,PROD-0122,2023-03-28,changed_mind,22.92,approved
RET-000501,ORD-002227,CUST-01437,PROD-0069,2023-03-07,not_as_described,30.72,approved
RET-000502,ORD-002236,CUST-02964,PROD-0023,2023-03-15,changed_mind,118.59,rejected
RET-000503,ORD-002238,CUST-02389,PROD-0046,2023-03-14,changed_mind,237.21,approved
RET-000504,ORD-002239,CUST-02081,PROD-0025,2023-03-14,other,117.71,pending
RET-000505,ORD-002251,CUST-02176,PROD-0128,2023-03-19,changed_mind,36.18,pending
RET-000506,ORD-002256,CUST-01121,PROD-0030,2023-03-31,wrong_item,55.18,approved
RET-000507,ORD-002260,CUST-02249,PROD-0025,2023-03-09,wrong_item,158.97,approved
RET-000508,ORD-002274,CUST-02435,PROD-0102,2023-03-14,changed_mind,85.83,approved
RET-000509,ORD-002277,CUST-00473,PROD-0070,2023-03-13,not_as_described,28.19,approved
RET-000510,ORD-002278,CUST-01991,PROD-0024,2023-03-19,changed_mind,44.03,rejected
RET-000511,ORD-002279,CUST-02672,PROD-0074,2023-03-21,defective,140.79,approved
RET-000512,ORD-002284,CUST-02478,PROD-0106,2023-03-13,not_as_described,46.4,approved
RET-000513,ORD-002294,CUST-02371,PROD-0110,2023-03-16,changed_mind,456.94,approved
RET-000514,ORD-002298,CUST-00695,PROD-0052,2023-03-20,defective,87.62,approved
RET-000515,ORD-002305,CUST-02822,PROD-0056,2023-03-22,wrong_item,61.53,approved
RET-000516,ORD-002306,CUST-02264,PROD-0104,2023-03-16,not_as_described,22.15,approved
RET-000517,ORD-002308,CUST-01798,PROD-0113,2023-03-12,wrong_item,126.52,approved
RET-000518,ORD-002313,CUST-02614,PROD-0149,2023-03-16,changed_mind,28.8,rejected
RET-000519,ORD-002325,CUST-00632,PROD-0083,2023-03-24,other,69.04,approved
RET-000520,ORD-002331,CUST-02101,PROD-0059,2023-03-12,defective,68.56,approved
RET-000521,ORD-002337,CUST-00125,PROD-0012,2023-03-17,defective,13.44,approved
RET-000522,ORD-002344,CUST-02394,PROD-0139,2023-03-20,not_as_described,37.76,approved
RET-000523,ORD-002351,CUST-01006,PROD-0098,2023-04-09,changed_mind,23.48,approved
RET-000524,ORD-002352,CUST-00201,PROD-0006,2023-03-16,defective,22.69,approved
RET-000525,ORD-002353,CUST-00003,PROD-0017,2023-03-21,not_as_described,33.88,approved
RET-000526,ORD-002364,CUST-00592,PROD-0142,2023-03-24,other,26.82,rejected
RET-000527,ORD-002369,CUST-01868,PROD-0061,2023-03-21,changed_mind,29.66,pending
RET-000528,ORD-002371,CUST-02444,PROD-0019,2023-03-28,changed_mind,20.46,approved
RET-000529,ORD-002372,CUST-02629,PROD-0022,2023-03-21,defective,48.76,approved
RET-000530,ORD-002378,CUST-02335,PROD-0135,2023-03-19,not_as_described,32.99,approved
RET-000531,ORD-002382,CUST-01619,PROD-0076,2023-03-24,changed_mind,27.99,approved
RET-000532,ORD-002386,CUST-00586,PROD-0143,2023-03-14,defective,30.0,rejected
RET-000533,ORD-002399,CUST-00795,PROD-0125,2023-04-01,defective,72.48,approved
RET-000534,ORD-002401,CUST-02323,PROD-0059,2023-03-16,defective,52.65,rejected
RET-000535,ORD-002405,CUST-00160,PROD-0147,2023-03-18,defective,97.71,approved
RET-000536,ORD-002416,CUST-01091,PROD-0126,2023-03-19,not_as_described,135.22,rejected
RET-000537,ORD-002426,CUST-01907,PROD-0112,2023-03-20,defective,21.42,approved
RET-000538,ORD-002429,CUST-01165,PROD-0043,2023-03-20,defective,64.1,approved
RET-000539,ORD-002435,CUST-00061,PROD-0052,2023-03-22,defective,60.82,approved
RET-000540,ORD-002437,CUST-02965,PROD-0091,2023-03-29,other,9.59,approved
RET-000541,ORD-002451,CUST-01383,PROD-0013,2023-03-21,changed_mind,113.4,approved
RET-000542,ORD-002453,CUST-01063,PROD-0026,2023-03-23,defective,123.74,approved
RET-000543,ORD-002454,CUST-02615,PROD-0021,2023-04-08,defective,129.56,approved
RET-000544,ORD-002459,CUST-02804,PROD-0056,2023-03-27,not_as_described,56.48,approved
RET-000545,ORD-002469,CUST-02442,PROD-0083,2023-03-29,not_as_described,212.58,approved
RET-000546,ORD-002470,CUST-02935,PROD-0105,2023-04-02,defective,21.21,approved
RET-000547,ORD-002472,CUST-01608,PROD-0008,2023-03-27,changed_mind,92.78,approved
RET-000548,ORD-002474,CUST-02190,PROD-0060,2023-03-18,not_as_described,57.23,approved
RET-000549,ORD-002476,CUST-01717,PROD-0083,2023-03-20,defective,70.32,approved
RET-000550,ORD-002501,CUST-01184,PROD-0004,2023-03-20,wrong_item,31.26,approved
RET-000551,ORD-002510,CUST-01765,PROD-0052,2023-03-22,defective,86.5,approved
RET-000552,ORD-002517,CUST-00583,PROD-0125,2023-03-16,defective,35.37,approved
RET-000553,ORD-002523,CUST-02791,PROD-0068,2023-03-26,defective,10.61,approved
RET-000554,ORD-002526,CUST-02310,PROD-0065,2023-03-20,changed_mind,15.63,approved
RET-000555,ORD-002529,CUST-00750,PROD-0098,2023-03-23,not_as_described,23.51,approved
RET-000556,ORD-002531,CUST-02235,PROD-0135,2023-03-28,not_as_described,172.16,approved
RET-000557,ORD-002533,CUST-01292,PROD-0028,2023-03-19,wrong_item,259.35,pending
RET-000558,ORD-002538,CUST-02531,PROD-0057,2023-03-23,changed_mind,57.58,approved
RET-000559,ORD-002547,CUST-01081,PROD-0127,2023-03-18,changed_mind,59.81,approved
RET-000560,ORD-002550,CUST-01293,PROD-0019,2023-03-22,changed_mind,22.8,approved
RET-000561,ORD-002553,CUST-01470,PROD-0133,2023-03-23,defective,36.58,approved
RET-000562,ORD-002555,CUST-02554,PROD-0021,2023-03-22,other,140.44,approved
RET-000563,ORD-002556,CUST-02263,PROD-0137,2023-03-20,wrong_item,60.42,approved
RET-000564,ORD-002559,CUST-02096,PROD-0055,2023-03-23,changed_mind,21.82,approved
RET-000565,ORD-002560,CUST-00449,PROD-0001,2023-03-24,not_as_described,48.56,approved
RET-000566,ORD-002562,CUST-02765,PROD-0056,2023-03-26,wrong_item,23.39,approved
RET-000567,ORD-002571,CUST-01106,PROD-0080,2023-03-25,defective,47.98,approved
RET-000568,ORD-002577,CUST-00826,PROD-0011,2023-03-30,defective,17.39,approved
RET-000569,ORD-002585,CUST-00116,PROD-0083,2023-03-21,defective,67.08,approved
RET-000570,ORD-002587,CUST-01889,PROD-0036,2023-04-02,changed_mind,104.59,approved
RET-000571,ORD-002591,CUST-00716,PROD-0029,2023-03-26,defective,40.92,approved
RET-000572,ORD-002592,CUST-02576,PROD-0006,2023-04-05,defective,39.78,approved
RET-000573,ORD-002597,CUST-01812,PROD-0121,2023-03-28,changed_mind,43.54,approved
RET-000574,ORD-002600,CUST-00790,PROD-0033,2023-04-15,defective,17.32,rejected
RET-000575,ORD-002601,CUST-01322,PROD-0010,2023-03-28,not_as_described,74.81,approved
RET-000576,ORD-002614,CUST-00268,PROD-0033,2023-04-20,defective,18.71,approved
RET-000577,ORD-002616,CUST-00444,PROD-0003,2023-04-01,other,124.39,approved
RET-000578,ORD-002619,CUST-01954,PROD-0075,2023-04-02,not_as_described,135.1,rejected
RET-000579,ORD-002622,CUST-02535,PROD-0105,2023-04-02,other,22.4,approved
RET-000580,ORD-002629,CUST-00537,PROD-0089,2023-03-23,not_as_described,12.78,approved
RET-000581,ORD-002635,CUST-01624,PROD-0046,2023-03-28,defective,163.1,approved
RET-000582,ORD-002640,CUST-00417,PROD-0139,2023-04-02,defective,34.03,approved
RET-000583,ORD-002642,CUST-02437,PROD-0041,2023-03-27,defective,39.42,approved
RET-000584,ORD-002650,CUST-00058,PROD-0008,2023-04-03,defective,46.84,approved
RET-000585,ORD-002652,CUST-02323,PROD-0084,2023-03-26,defective,82.06,approved
RET-000586,ORD-002654,CUST-00305,PROD-0029,2023-03-24,wrong_item,18.06,approved
RET-000587,ORD-002657,CUST-00963,PROD-0027,2023-04-07,defective,7.35,approved
RET-000588,ORD-002658,CUST-00997,PROD-0104,2023-03-26,defective,26.43,approved
RET-000589,ORD-002659,CUST-01309,PROD-0041,2023-03-31,defective,40.81,approved
RET-000590,ORD-002667,CUST-01547,PROD-0056,2023-04-05,changed_mind,231.84,approved
RET-000591,ORD-002669,CUST-02514,PROD-0011,2023-03-25,wrong_item,20.02,approved
RET-000592,ORD-002671,CUST-01193,PROD-0069,2023-04-10,other,29.3,approved
RET-000593,ORD-002676,CUST-00690,PROD-0031,2023-04-06,wrong_item,28.76,approved
RET-000594,ORD-002680,CUST-00738,PROD-0028,2023-03-21,other,515.04,rejected
RET-000595,ORD-002687,CUST-02796,PROD-0095,2023-04-03,not_as_described,43.16,approved
RET-000596,ORD-002695,CUST-01268,PROD-0018,2023-03-30,changed_mind,30.09,rejected
RET-000597,ORD-002696,CUST-02795,PROD-0100,2023-03-31,changed_mind,65.2,approved
RET-000598,ORD-002704,CUST-02103,PROD-0018,2023-04-04,not_as_described,49.81,approved
RET-000599,ORD-002708,CUST-02081,PROD-0018,2023-03-26,defective,91.28,approved
RET-000600,ORD-002710,CUST-00638,PROD-0126,2023-03-23,wrong_item,124.53,approved
RET-000601,ORD-002724,CUST-02287,PROD-0133,2023-03-23,defective,35.06,approved
RET-000602,ORD-002731,CUST-01367,PROD-0050,2023-03-25,not_as_described,15.64,approved
RET-000603,ORD-002735,CUST-00430,PROD-0025,2023-04-04,not_as_described,282.76,approved
RET-000604,ORD-002743,CUST-02137,PROD-0059,2023-03-27,defective,17.79,approved
RET-000605,ORD-002748,CUST-00383,PROD-0026,2023-03-25,changed_mind,65.5,approved
RET-000606,ORD-002752,CUST-00980,PROD-0053,2023-04-07,wrong_item,66.39,approved
RET-000607,ORD-002759,CUST-02338,PROD-0035,2023-04-10,changed_mind,48.78,approved
RET-000608,ORD-002760,CUST-01111,PROD-0052,2023-04-14,defective,80.41,approved
RET-000609,ORD-002761,CUST-00435,PROD-0035,2023-04-05,changed_mind,23.53,approved
RET-000610,ORD-002767,CUST-00243,PROD-0004,2023-04-09,changed_mind,64.26,approved
RET-000611,ORD-002772,CUST-00581,PROD-0042,2023-04-10,changed_mind,36.23,approved
RET-000612,ORD-002773,CUST-01228,PROD-0080,2023-04-09,defective,46.13,approved
RET-000613,ORD-002775,CUST-02540,PROD-0074,2023-03-27,changed_mind,140.46,pending
RET-000614,ORD-002781,CUST-02532,PROD-0019,2023-03-24,defective,31.21,approved
RET-000615,ORD-002782,CUST-01481,PROD-0052,2023-03-26,defective,81.89,approved
RET-000616,ORD-002783,CUST-02552,PROD-0143,2023-04-04,changed_mind,27.48,pending
RET-000617,ORD-002790,CUST-01524,PROD-0017,2023-03-27,defective,104.37,approved
RET-000618,ORD-002794,CUST-01212,PROD-0136,2023-03-27,changed_mind,33.61,approved
RET-000619,ORD-002803,CUST-02997,PROD-0075,2023-03-27,other,65.8,approved
RET-000620,ORD-002804,CUST-00537,PROD-0038,2023-04-06,changed_mind,62.62,approved
RET-000621,ORD-002806,CUST-01007,PROD-0137,2023-03-30,defective,118.64,approved
RET-000622,ORD-002808,CUST-01515,PROD-0020,2023-04-01,not_as_described,121.35,pending
RET-000623,ORD-002821,CUST-02069,PROD-0115,2023-03-24,changed_mind,65.87,approved
RET-000624,ORD-002824,CUST-02821,PROD-0033,2023-03-29,defective,18.17,approved
RET-000625,ORD-002836,CUST-01186,PROD-0116,2023-03-29,defective,27.82,approved
RET-000626,ORD-002843,CUST-00927,PROD-0076,2023-04-08,defective,13.4,approved
RET-000627,ORD-002847,CUST-02075,PROD-0023,2023-03-29,defective,252.8,approved
RET-000628,ORD-002857,CUST-01570,PROD-0031,2023-04-08,wrong_item,30.94,approved
RET-000629,ORD-002862,CUST-01630,PROD-0001,2023-03-31,changed_mind,48.38,pending
RET-000630,ORD-002863,CUST-00810,PROD-0044,2023-04-10,changed_mind,21.52,approved
RET-000631,ORD-002868,CUST-02639,PROD-0043,2023-04-02,not_as_described,69.31,approved
RET-000632,ORD-002869,CUST-00568,PROD-0009,2023-04-23,wrong_item,15.37,approved
RET-000633,ORD-002876,CUST-01898,PROD-0041,2023-03-30,defective,44.23,approved
RET-000634,ORD-002878,CUST-02034,PROD-0103,2023-03-31,wrong_item,23.0,approved
RET-000635,ORD-002881,CUST-02626,PROD-0006,2023-04-14,defective,22.51,approved
RET-000636,ORD-002882,CUST-00729,PROD-0147,2023-04-01,changed_mind,95.08,approved
RET-000637,ORD-002888,CUST-00223,PROD-0074,2023-03-29,changed_mind,48.09,approved
RET-000638,ORD-002889,CUST-00797,PROD-0042,2023-04-15,defective,39.14,approved
RET-000639,ORD-002891,CUST-00653,PROD-0098,2023-03-28,changed_mind,21.08,approved
RET-000640,ORD-002892,CUST-01618,PROD-0076,2023-04-15,defective,24.53,approved
RET-000641,ORD-002893,CUST-01859,PROD-0092,2023-03-29,other,45.87,approved
RET-000642,ORD-002922,CUST-01471,PROD-0081,2023-04-02,wrong_item,50.16,approved
RET-000643,ORD-002925,CUST-00527,PROD-0080,2023-04-02,wrong_item,90.22,approved
RET-000644,ORD-002935,CUST-00183,PROD-0098,2023-04-06,not_as_described,41.8,approved
RET-000645,ORD-002954,CUST-02846,PROD-0032,2023-04-04,defective,147.02,approved
RET-000646,ORD-002955,CUST-00200,PROD-0107,2023-04-12,defective,174.43,approved
RET-000647,ORD-002956,CUST-02642,PROD-0011,2023-04-10,defective,11.34,approved
RET-000648,ORD-002973,CUST-00986,PROD-0085,2023-04-05,defective,34.96,approved
RET-000649,ORD-002974,CUST-01624,PROD-0085,2023-04-04,defective,108.36,approved
RET-000650,ORD-002975,CUST-01259,PROD-0109,2023-04-14,defective,20.31,approved
RET-000651,ORD-002980,CUST-01826,PROD-0051,2023-04-04,other,24.47,approved
RET-000652,ORD-002981,CUST-01453,PROD-0143,2023-04-05,defective,56.66,approved
RET-000653,ORD-002995,CUST-00526,PROD-0080,2023-04-18,wrong_item,46.13,approved
RET-000654,ORD-002999,CUST-01228,PROD-0044,2023-04-01,defective,23.67,approved
RET-000655,ORD-003001,CUST-00769,PROD-0109,2023-04-09,changed_mind,20.93,rejected
RET-000656,ORD-003005,CUST-00592,PROD-0052,2023-04-05,defective,84.99,approved
RET-000657,ORD-003019,CUST-02506,PROD-0012,2023-04-02,not_as_described,33.75,approved
RET-000658,ORD-003027,CUST-00189,PROD-0054,2023-04-09,not_as_described,28.44,approved
RET-000659,ORD-003033,CUST-01680,PROD-0071,2023-03-30,wrong_item,39.17,approved
RET-000660,ORD-003034,CUST-00535,PROD-0015,2023-04-04,defective,125.68,approved
RET-000661,ORD-003035,CUST-02741,PROD-0089,2023-04-05,defective,8.45,approved
RET-000662,ORD-003036,CUST-01217,PROD-0052,2023-04-10,defective,85.36,approved
RET-000663,ORD-003037,CUST-01439,PROD-0107,2023-04-05,changed_mind,220.25,approved
RET-000664,ORD-003045,CUST-02680,PROD-0043,2023-04-03,defective,125.5,approved
RET-000665,ORD-003052,CUST-00772,PROD-0086,2023-04-07,wrong_item,17.82,approved
RET-000666,ORD-003058,CUST-00766,PROD-0145,2023-04-07,wrong_item,79.92,approved
RET-000667,ORD-003067,CUST-02881,PROD-0017,2023-04-03,defective,35.73,approved
RET-000668,ORD-003074,CUST-00437,PROD-0139,2023-04-22,defective,64.94,approved
RET-000669,ORD-003076,CUST-01150,PROD-0103,2023-04-16,defective,37.07,approved
RET-000670,ORD-003078,CUST-00560,PROD-0106,2023-04-19,defective,23.96,approved
RET-000671,ORD-003080,CUST-00237,PROD-0005,2023-04-06,not_as_described,21.81,approved
RET-000672,ORD-003081,CUST-02957,PROD-0026,2023-04-03,changed_mind,118.94,approved
RET-000673,ORD-003092,CUST-01593,PROD-0085,2023-04-07,defective,35.84,approved
RET-000674,ORD-003093,CUST-00577,PROD-0133,2023-04-11,defective,36.6,approved
RET-000675,ORD-003099,CUST-02526,PROD-0006,2023-04-11,defective,62.64,rejected
RET-000676,ORD-003106,CUST-01417,PROD-0088,2023-04-10,changed_mind,35.48,approved
RET-000677,ORD-003109,CUST-00665,PROD-0039,2023-04-08,defective,15.51,approved
RET-000678,ORD-003110,CUST-02338,PROD-0067,2023-04-14,defective,81.36,approved
RET-000679,ORD-003114,CUST-01515,PROD-0133,2023-04-10,defective,33.61,approved
RET-000680,ORD-003118,CUST-01744,PROD-0105,2023-04-19,defective,18.78,approved
RET-000681,ORD-003125,CUST-01085,PROD-0085,2023-04-15,defective,74.58,approved
RET-000682,ORD-003133,CUST-00052,PROD-0036,2023-04-10,defective,113.16,approved
RET-000683,ORD-003138,CUST-01732,PROD-0027,2023-04-06,changed_mind,13.32,approved
RET-000684,ORD-003143,CUST-01109,PROD-0052,2023-04-09,defective,333.36,pending
RET-000685,ORD-003151,CUST-00295,PROD-0113,2023-04-15,defective,64.38,approved
RET-000686,ORD-003156,CUST-01176,PROD-0076,2023-04-09,defective,112.32,approved
RET-000687,ORD-003160,CUST-01481,PROD-0111,2023-04-13,other,41.52,approved
RET-000688,ORD-003163,CUST-00616,PROD-0144,2023-04-22,changed_mind,22.89,approved
RET-000689,ORD-003164,CUST-00770,PROD-0068,2023-04-15,defective,10.97,approved
RET-000690,ORD-003169,CUST-00284,PROD-0097,2023-04-22,defective,144.87,approved
RET-000691,ORD-003179,CUST-01871,PROD-0052,2023-04-13,defective,82.92,rejected
RET-000692,ORD-003182,CUST-01808,PROD-0023,2023-04-06,changed_mind,398.52,approved
RET-000693,ORD-003185,CUST-01763,PROD-0119,2023-04-19,defective,51.7,approved
RET-000694,ORD-003190,CUST-00297,PROD-0077,2023-04-12,changed_mind,26.21,approved
RET-000695,ORD-003201,CUST-00742,PROD-0026,2023-04-10,not_as_described,61.34,approved
RET-000696,ORD-003202,CUST-02948,PROD-0136,2023-04-06,defective,31.49,approved
RET-000697,ORD-003203,CUST-00554,PROD-0017,2023-04-13,defective,12.4,approved
RET-000698,ORD-003207,CUST-02324,PROD-0061,2023-04-09,defective,31.08,approved
RET-000699,ORD-003220,CUST-02320,PROD-0006,2023-04-13,defective,11.02,approved
RET-000700,ORD-003224,CUST-02602,PROD-0090,2023-04-06,other,23.55,approved
RET-000701,ORD-003228,CUST-01146,PROD-0076,2023-04-10,defective,28.06,approved
RET-000702,ORD-003230,CUST-01940,PROD-0060,2023-04-23,defective,60.83,approved
RET-000703,ORD-003234,CUST-00718,PROD-0105,2023-04-15,defective,68.85,approved
RET-000704,ORD-003240,CUST-02242,PROD-0106,2023-04-15,not_as_described,23.33,approved
RET-000705,ORD-003241,CUST-02508,PROD-0028,2023-04-22,defective,232.71,approved
RET-000706,ORD-003243,CUST-01297,PROD-0047,2023-04-19,defective,4.83,approved
RET-000707,ORD-003248,CUST-02057,PROD-0002,2023-04-09,changed_mind,25.44,approved
RET-000708,ORD-003254,CUST-00765,PROD-0128,2023-04-14,defective,36.09,approved
RET-000709,ORD-003259,CUST-01652,PROD-0101,2023-04-13,defective,20.56,approved
RET-000710,ORD-003266,CUST-02773,PROD-0081,2023-04-08,not_as_described,98.5,approved
RET-000711,ORD-003269,CUST-02541,PROD-0012,2023-04-08,defective,32.57,approved
RET-000712,ORD-003270,CUST-01696,PROD-0053,2023-04-20,wrong_item,65.69,approved
RET-000713,ORD-003274,CUST-02739,PROD-0107,2023-04-09,changed_mind,644.07,approved
RET-000714,ORD-003277,CUST-02706,PROD-0012,2023-04-21,defective,35.92,approved
RET-000715,ORD-003283,CUST-02262,PROD-0085,2023-04-20,defective,36.59,approved
RET-000716,ORD-003285,CUST-02103,PROD-0099,2023-04-20,changed_mind,15.1,approved
RET-000717,ORD-003288,CUST-00799,PROD-0086,2023-04-11,changed_mind,9.66,approved
RET-000718,ORD-003299,CUST-01522,PROD-0141,2023-04-21,not_as_described,125.96,approved
RET-000719,ORD-003300,CUST-01060,PROD-0005,2023-04-20,defective,43.74,approved
RET-000720,ORD-003303,CUST-00853,PROD-0012,2023-04-14,defective,16.22,approved
RET-000721,ORD-003304,CUST-02280,PROD-0047,2023-04-18,other,5.16,approved
RET-000722,ORD-003310,CUST-01589,PROD-0066,2023-05-03,defective,39.91,approved
RET-000723,ORD-003313,CUST-02108,PROD-0093,2023-04-21,other,37.61,approved
RET-000724,ORD-003320,CUST-02307,PROD-0146,2023-04-13,changed_mind,110.1,approved
RET-000725,ORD-003323,CUST-00423,PROD-0083,2023-04-16,defective,31.64,approved
RET-000726,ORD-003324,CUST-00857,PROD-0095,2023-04-14,not_as_described,120.6,approved
RET-000727,ORD-003328,CUST-02675,PROD-0044,2023-04-19,defective,48.74,approved
RET-000728,ORD-003330,CUST-02845,PROD-0129,2023-04-16,changed_mind,15.15,approved
RET-000729,ORD-003332,CUST-01373,PROD-0100,2023-04-14,defective,33.96,approved
RET-000730,ORD-003338,CUST-01960,PROD-0039,2023-04-17,defective,5.18,approved
RET-000731,ORD-003341,CUST-01503,PROD-0105,2023-04-23,defective,41.84,approved
RET-000732,ORD-003344,CUST-02293,PROD-0139,2023-04-10,defective,36.25,pending
RET-000733,ORD-003372,CUST-00064,PROD-0087,2023-04-18,defective,28.16,approved
RET-000734,ORD-003377,CUST-02582,PROD-0083,2023-04-13,defective,284.4,rejected
RET-000735,ORD-003379,CUST-00297,PROD-0128,2023-04-22,defective,13.78,approved
RET-000736,ORD-003380,CUST-02839,PROD-0004,2023-04-15,changed_mind,33.34,approved
RET-000737,ORD-003382,CUST-01706,PROD-0093,2023-04-23,defective,33.38,approved
RET-000738,ORD-003383,CUST-00122,PROD-0142,2023-04-22,changed_mind,84.99,approved
RET-000739,ORD-003384,CUST-01183,PROD-0025,2023-05-05,wrong_item,142.24,approved
RET-000740,ORD-003387,CUST-01564,PROD-0038,2023-04-26,changed_mind,60.97,approved
RET-000741,ORD-003395,CUST-02680,PROD-0109,2023-04-19,defective,40.88,approved
RET-000742,ORD-003401,CUST-00308,PROD-0046,2023-04-29,defective,78.61,rejected
RET-000743,ORD-003403,CUST-02883,PROD-0117,2023-04-25,changed_mind,21.55,approved
RET-000744,ORD-003406,CUST-01856,PROD-0015,2023-04-17,changed_mind,300.66,approved
RET-000745,ORD-003410,CUST-02470,PROD-0022,2023-04-16,defective,43.29,approved
RET-000746,ORD-003426,CUST-02623,PROD-0125,2023-05-06,defective,32.84,approved
RET-000747,ORD-003429,CUST-00406,PROD-0130,2023-05-04,changed_mind,33.95,rejected
RET-000748,ORD-003430,CUST-01204,PROD-0077,2023-04-12,changed_mind,28.55,approved
RET-000749,ORD-003433,CUST-02042,PROD-0118,2023-04-19,changed_mind,102.06,approved
RET-000750,ORD-003442,CUST-02218,PROD-0052,2023-04-30,defective,75.26,approved
RET-000751,ORD-003445,CUST-00516,PROD-0048,2023-05-03,defective,95.66,approved
RET-000752,ORD-003449,CUST-00419,PROD-0117,2023-05-02,defective,79.6,approved
RET-000753,ORD-003450,CUST-02436,PROD-0126,2023-04-21,other,266.28,approved
RET-000754,ORD-003451,CUST-00399,PROD-0048,2023-04-15,not_as_described,27.05,approved
RET-000755,ORD-003461,CUST-01892,PROD-0040,2023-04-22,changed_mind,29.39,approved
RET-000756,ORD-003471,CUST-02835,PROD-0056,2023-04-17,wrong_item,57.67,pending
RET-000757,ORD-003474,CUST-01557,PROD-0067,2023-04-18,other,80.23,approved
RET-000758,ORD-003481,CUST-01795,PROD-0029,2023-04-16,wrong_item,20.34,approved
RET-000759,ORD-003482,CUST-01234,PROD-0140,2023-04-18,changed_mind,9.78,approved
RET-000760,ORD-003484,CUST-01716,PROD-0007,2023-04-19,other,23.32,approved
RET-000761,ORD-003486,CUST-02656,PROD-0046,2023-04-24,defective,81.39,approved
RET-000762,ORD-003492,CUST-02598,PROD-0139,2023-04-24,defective,35.42,approved
RET-000763,ORD-003497,CUST-00798,PROD-0082,2023-05-04,not_as_described,14.13,approved
RET-000764,ORD-003506,CUST-01438,PROD-0023,2023-04-15,defective,360.9,approved
RET-000765,ORD-003507,CUST-00894,PROD-0117,2023-04-22,wrong_item,23.17,approved
RET-000766,ORD-003512,CUST-01620,PROD-0026,2023-04-21,other,63.28,approved
RET-000767,ORD-003513,CUST-01575,PROD-0033,2023-04-22,changed_mind,51.0,pending
RET-000768,ORD-003519,CUST-02169,PROD-0033,2023-04-26,defective,17.52,approved
RET-000769,ORD-003523,CUST-00500,PROD-0089,2023-04-22,wrong_item,13.11,approved
RET-000770,ORD-003525,CUST-02148,PROD-0006,2023-04-23,defective,36.34,approved
RET-000771,ORD-003535,CUST-01638,PROD-0118,2023-05-04,changed_mind,334.38,approved
RET-000772,ORD-003536,CUST-02765,PROD-0103,2023-04-21,other,31.92,approved
RET-000773,ORD-003538,CUST-01220,PROD-0059,2023-04-23,defective,17.88,approved
RET-000774,ORD-003545,CUST-01555,PROD-0104,2023-04-26,changed_mind,109.36,approved
RET-000775,ORD-003546,CUST-00352,PROD-0094,2023-05-03,not_as_described,8.56,approved
RET-000776,ORD-003549,CUST-01622,PROD-0006,2023-04-17,defective,21.72,approved
RET-000777,ORD-003550,CUST-00394,PROD-0104,2023-04-16,not_as_described,105.0,approved
RET-000778,ORD-003555,CUST-00780,PROD-0133,2023-04-22,defective,33.9,approved
RET-000779,ORD-003558,CUST-00487,PROD-0084,2023-04-20,changed_mind,75.32,pending
RET-000780,ORD-003559,CUST-01117,PROD-0020,2023-04-23,changed_mind,51.26,approved
RET-000781,ORD-003561,CUST-02675,PROD-0137,2023-05-12,defective,210.16,pending
RET-000782,ORD-003564,CUST-02658,PROD-0074,2023-04-17,defective,48.32,approved
RET-000783,ORD-003567,CUST-02097,PROD-0112,2023-05-05,wrong_item,3.47,approved
RET-000784,ORD-003568,CUST-02319,PROD-0036,2023-04-22,changed_mind,105.4,approved
RET-000785,ORD-003569,CUST-00024,PROD-0028,2023-04-26,defective,248.62,approved
RET-000786,ORD-003573,CUST-02618,PROD-0070,2023-05-01,defective,25.12,approved
RET-000787,ORD-003576,CUST-00264,PROD-0125,2023-04-27,changed_mind,34.07,approved
RET-000788,ORD-003582,CUST-00156,PROD-0134,2023-04-18,wrong_item,43.9,pending
RET-000789,ORD-003587,CUST-01770,PROD-0150,2023-05-26,other,51.99,approved
RET-000790,ORD-003588,CUST-02371,PROD-0050,2023-04-17,defective,14.13,approved
RET-000791,ORD-003592,CUST-00515,PROD-0145,2023-05-02,other,19.13,approved
RET-000792,ORD-003593,CUST-02614,PROD-0025,2023-04-24,not_as_described,152.34,approved
RET-000793,ORD-003595,CUST-00300,PROD-0126,2023-05-05,not_as_described,268.92,approved
RET-000794,ORD-003600,CUST-00373,PROD-0132,2023-04-24,not_as_described,87.69,approved
RET-000795,ORD-003603,CUST-01061,PROD-0035,2023-04-26,changed_mind,23.14,approved
RET-000796,ORD-003605,CUST-01820,PROD-0063,2023-04-23,wrong_item,8.32,approved
RET-000797,ORD-003613,CUST-02642,PROD-0147,2023-04-22,changed_mind,97.38,approved
RET-000798,ORD-003615,CUST-01877,PROD-0106,2023-04-22,wrong_item,44.48,approved
RET-000799,ORD-003619,CUST-02076,PROD-0080,2023-05-03,changed_mind,100.98,approved
RET-000800,ORD-003626,CUST-01453,PROD-0090,2023-05-12,defective,22.47,approved
RET-000801,ORD-003631,CUST-00618,PROD-0080,2023-05-10,wrong_item,52.65,approved
RET-000802,ORD-003634,CUST-00423,PROD-0011,2023-04-23,defective,10.44,rejected
RET-000803,ORD-003641,CUST-02398,PROD-0015,2023-05-07,wrong_item,141.84,pending
RET-000804,ORD-003643,CUST-01664,PROD-0123,2023-05-09,defective,46.95,approved
RET-000805,ORD-003644,CUST-00264,PROD-0139,2023-04-20,defective,35.11,approved
RET-000806,ORD-003649,CUST-00769,PROD-0125,2023-04-22,wrong_item,32.12,approved
RET-000807,ORD-003650,CUST-02471,PROD-0033,2023-04-21,defective,17.86,approved
RET-000808,ORD-003654,CUST-02559,PROD-0134,2023-04-26,changed_mind,22.1,approved
RET-000809,ORD-003659,CUST-02822,PROD-0038,2023-04-30,other,138.86,approved
RET-000810,ORD-003663,CUST-01983,PROD-0127,2023-04-20,changed_mind,123.76,approved
RET-000811,ORD-003665,CUST-01459,PROD-0038,2023-04-22,changed_mind,181.65,approved
RET-000812,ORD-003669,CUST-02237,PROD-0092,2023-04-21,changed_mind,100.54,approved
RET-000813,ORD-003674,CUST-02579,PROD-0130,2023-05-05,wrong_item,73.78,approved
RET-000814,ORD-003681,CUST-00578,PROD-0018,2023-05-07,not_as_described,46.13,approved
RET-000815,ORD-003682,CUST-00692,PROD-0025,2023-05-04,changed_mind,273.86,approved
RET-000816,ORD-003685,CUST-02592,PROD-0077,2023-05-04,other,52.02,rejected
RET-000817,ORD-003691,CUST-01899,PROD-0064,2023-05-05,changed_mind,62.85,pending
RET-000818,ORD-003694,CUST-01562,PROD-0121,2023-04-27,defective,45.89,approved
RET-000819,ORD-003705,CUST-01724,PROD-0109,2023-04-29,defective,20.78,approved
RET-000820,ORD-003707,CUST-02821,PROD-0075,2023-04-21,defective,67.63,approved
RET-000821,ORD-003711,CUST-00948,PROD-0028,2023-04-22,defective,460.32,approved
RET-000822,ORD-003716,CUST-02314,PROD-0056,2023-04-24,wrong_item,59.15,approved
RET-000823,ORD-003718,CUST-01440,PROD-0032,2023-05-03,defective,95.35,approved
RET-000824,ORD-003736,CUST-00726,PROD-0141,2023-04-29,not_as_described,103.08,approved
RET-000825,ORD-003739,CUST-00853,PROD-0021,2023-05-03,defective,201.51,approved
RET-000826,ORD-003747,CUST-02869,PROD-0084,2023-04-28,changed_mind,73.27,approved
RET-000827,ORD-003749,CUST-00243,PROD-0052,2023-05-05,defective,82.09,approved
RET-000828,ORD-003750,CUST-02497,PROD-0097,2023-04-22,defective,47.44,approved
RET-000829,ORD-003751,CUST-02852,PROD-0113,2023-05-02,other,64.78,approved
RET-000830,ORD-003754,CUST-00308,PROD-0076,2023-04-24,defective,18.52,approved
RET-000831,ORD-003757,CUST-02523,PROD-0130,2023-04-27,not_as_described,35.51,approved
RET-000832,ORD-003759,CUST-02360,PROD-0042,2023-04-28,changed_mind,38.98,rejected
RET-000833,ORD-003766,CUST-02846,PROD-0023,2023-04-28,defective,128.52,approved
RET-000834,ORD-003770,CUST-02147,PROD-0091,2023-04-27,wrong_item,10.11,rejected
RET-000835,ORD-003771,CUST-02777,PROD-0051,2023-04-23,not_as_described,25.42,approved
RET-000836,ORD-003775,CUST-00077,PROD-0076,2023-04-29,wrong_item,27.82,approved
RET-000837,ORD-003776,CUST-01447,PROD-0120,2023-04-26,changed_mind,135.06,approved
RET-000838,ORD-003781,CUST-02992,PROD-0050,2023-05-01,defective,14.76,approved
RET-000839,ORD-003784,CUST-01889,PROD-0052,2023-04-26,defective,82.82,rejected
RET-000840,ORD-003785,CUST-00891,PROD-0105,2023-04-25,wrong_item,9.34,approved
RET-000841,ORD-003787,CUST-02437,PROD-0092,2023-05-04,changed_mind,47.24,approved
RET-000842,ORD-003788,CUST-02845,PROD-0053,2023-05-07,defective,74.58,approved
RET-000843,ORD-003795,CUST-00358,PROD-0149,2023-05-20,changed_mind,26.18,approved
RET-000844,ORD-003796,CUST-01973,PROD-0011,2023-04-30,defective,22.9,approved
RET-000845,ORD-003797,CUST-02492,PROD-0064,2023-05-07,not_as_described,54.87,approved
RET-000846,ORD-003807,CUST-00515,PROD-0059,2023-05-02,changed_mind,19.71,approved
RET-000847,ORD-003812,CUST-00753,PROD-0090,2023-05-08,defective,22.77,approved
RET-000848,ORD-003814,CUST-00224,PROD-0120,2023-05-22,other,192.9,approved
RET-000849,ORD-003815,CUST-01414,PROD-0106,2023-05-09,other,44.44,approved
RET-000850,ORD-003818,CUST-01215,PROD-0105,2023-04-24,defective,22.43,approved
RET-000851,ORD-003819,CUST-01910,PROD-0076,2023-05-05,defective,17.01,approved
RET-000852,ORD-003828,CUST-02976,PROD-0063,2023-04-23,wrong_item,7.75,approved
RET-000853,ORD-003830,CUST-01031,PROD-0117,2023-05-01,defective,62.55,approved
RET-000854,ORD-003835,CUST-00151,PROD-0078,2023-05-01,defective,39.69,approved
RET-000855,ORD-003845,CUST-00526,PROD-0099,2023-05-22,wrong_item,11.99,approved
RET-000856,ORD-003855,CUST-00539,PROD-0133,2023-04-30,defective,38.88,approved
RET-000857,ORD-003856,CUST-02412,PROD-0089,2023-05-04,changed_mind,13.02,approved
RET-000858,ORD-003861,CUST-01957,PROD-0107,2023-05-03,changed_mind,124.42,rejected
RET-000859,ORD-003863,CUST-02953,PROD-0004,2023-05-08,changed_mind,30.28,approved
RET-000860,ORD-003868,CUST-01629,PROD-0053,2023-05-07,not_as_described,66.65,approved
RET-000861,ORD-003869,CUST-01339,PROD-0136,2023-04-29,not_as_described,29.41,approved
RET-000862,ORD-003871,CUST-02313,PROD-0048,2023-04-25,other,147.21,approved
RET-000863,ORD-003893,CUST-01143,PROD-0044,2023-04-27,defective,23.0,approved
RET-000864,ORD-003895,CUST-01416,PROD-0141,2023-05-12,wrong_item,131.07,approved
RET-000865,ORD-003906,CUST-01019,PROD-0025,2023-05-02,changed_mind,156.75,approved
RET-000866,ORD-003913,CUST-00474,PROD-0065,2023-05-07,not_as_described,19.37,approved
RET-000867,ORD-003916,CUST-01522,PROD-0033,2023-05-01,defective,37.42,approved
RET-000868,ORD-003917,CUST-01782,PROD-0094,2023-04-30,changed_mind,8.05,approved
RET-000869,ORD-003923,CUST-01777,PROD-0145,2023-05-30,not_as_described,19.81,pending
RET-000870,ORD-003928,CUST-00099,PROD-0046,2023-05-08,defective,76.08,approved
RET-000871,ORD-003937,CUST-01719,PROD-0012,2023-05-17,changed_mind,128.24,approved
RET-000872,ORD-003938,CUST-00582,PROD-0130,2023-05-01,defective,57.73,approved
RET-000873,ORD-003940,CUST-00183,PROD-0123,2023-05-22,changed_mind,157.05,approved
RET-000874,ORD-003954,CUST-00793,PROD-0068,2023-04-30,not_as_described,24.7,approved
RET-000875,ORD-003959,CUST-01565,PROD-0138,2023-05-05,changed_mind,48.22,approved
RET-000876,ORD-003965,CUST-02664,PROD-0015,2023-04-30,defective,540.83,approved
RET-000877,ORD-003966,CUST-02937,PROD-0020,2023-05-04,changed_mind,80.9,approved
RET-000878,ORD-003968,CUST-02181,PROD-0038,2023-04-28,changed_mind,67.76,approved
RET-000879,ORD-003969,CUST-00321,PROD-0017,2023-04-28,defective,102.24,approved
RET-000880,ORD-003975,CUST-02349,PROD-0060,2023-05-03,wrong_item,63.01,approved
RET-000881,ORD-003976,CUST-02214,PROD-0012,2023-05-11,defective,67.46,approved
RET-000882,ORD-003980,CUST-00074,PROD-0088,2023-05-09,wrong_item,38.39,approved
RET-000883,ORD-003986,CUST-00815,PROD-0050,2023-05-06,changed_mind,27.48,approved
RET-000884,ORD-003987,CUST-02587,PROD-0063,2023-05-12,changed_mind,8.09,approved
RET-000885,ORD-003988,CUST-02717,PROD-0105,2023-05-05,defective,21.4,rejected
RET-000886,ORD-003990,CUST-02168,PROD-0107,2023-04-29,defective,237.08,approved
RET-000887,ORD-003991,CUST-01090,PROD-0046,2023-05-04,defective,153.56,approved
RET-000888,ORD-003994,CUST-01280,PROD-0070,2023-04-30,changed_mind,28.56,approved
RET-000889,ORD-003995,CUST-00848,PROD-0114,2023-05-05,defective,47.73,approved
RET-000890,ORD-004007,CUST-02722,PROD-0009,2023-05-16,defective,29.68,rejected
RET-000891,ORD-004014,CUST-00630,PROD-0095,2023-05-05,changed_mind,38.88,approved
RET-000892,ORD-004032,CUST-01057,PROD-0036,2023-05-03,not_as_described,109.87,approved
RET-000893,ORD-004034,CUST-02370,PROD-0147,2023-05-05,changed_mind,98.08,approved
RET-000894,ORD-004046,CUST-02173,PROD-0030,2023-05-06,defective,109.55,approved
RET-000895,ORD-004049,CUST-02904,PROD-0072,2023-05-05,not_as_described,81.95,pending
RET-000896,ORD-004051,CUST-00026,PROD-0143,2023-05-02,wrong_item,30.15,approved
RET-000897,ORD-004052,CUST-02220,PROD-0023,2023-05-07,defective,230.98,pending
RET-000898,ORD-004059,CUST-01762,PROD-0054,2023-05-09,defective,54.32,approved
RET-000899,ORD-004062,CUST-01863,PROD-0033,2023-05-23,defective,38.04,approved
RET-000900,ORD-004066,CUST-02640,PROD-0078,2023-05-01,defective,43.09,approved
RET-000901,ORD-004073,CUST-01520,PROD-0025,2023-05-17,changed_mind,138.39,approved
RET-000902,ORD-004074,CUST-00128,PROD-0087,2023-05-02,defective,28.42,approved
RET-000903,ORD-004075,CUST-01993,PROD-0002,2023-05-05,wrong_item,106.2,approved
RET-000904,ORD-004076,CUST-02918,PROD-0126,2023-05-10,defective,122.1,approved
RET-000905,ORD-004077,CUST-00635,PROD-0099,2023-05-21,changed_mind,15.71,rejected
RET-000906,ORD-004091,CUST-01562,PROD-0127,2023-05-29,other,167.37,approved
RET-000907,ORD-004102,CUST-01435,PROD-0091,2023-05-21,defective,9.48,approved
RET-000908,ORD-004103,CUST-00680,PROD-0125,2023-05-23,defective,10.78,approved
RET-000909,ORD-004105,CUST-02698,PROD-0045,2023-05-16,defective,29.37,approved
RET-000910,ORD-004111,CUST-01472,PROD-0072,2023-05-10,changed_mind,61.01,approved
RET-000911,ORD-004112,CUST-01366,PROD-0122,2023-05-04,not_as_described,40.94,approved
RET-000912,ORD-004125,CUST-00016,PROD-0040,2023-06-03,defective,28.39,approved
RET-000913,ORD-004131,CUST-02869,PROD-0118,2023-05-07,defective,108.98,approved
RET-000914,ORD-004133,CUST-01978,PROD-0105,2023-05-14,defective,83.96,approved
RET-000915,ORD-004134,CUST-02769,PROD-0123,2023-05-22,defective,49.92,approved
RET-000916,ORD-004137,CUST-02382,PROD-0113,2023-05-07,changed_mind,63.92,rejected
RET-000917,ORD-004139,CUST-01306,PROD-0028,2023-05-17,defective,251.94,approved
RET-000918,ORD-004142,CUST-00672,PROD-0084,2023-05-11,wrong_item,76.36,approved
RET-000919,ORD-004145,CUST-00245,PROD-0031,2023-05-11,wrong_item,31.72,approved
RET-000920,ORD-004146,CUST-02048,PROD-0032,2023-05-04,defective,264.6,approved
RET-000921,ORD-004147,CUST-01774,PROD-0145,2023-05-06,wrong_item,42.88,approved
RET-000922,ORD-004151,CUST-02787,PROD-0063,2023-05-13,wrong_item,7.36,approved
RET-000923,ORD-004155,CUST-00327,PROD-0136,2023-05-31,defective,23.91,approved
RET-000924,ORD-004156,CUST-00588,PROD-0118,2023-05-13,changed_mind,111.86,approved
RET-000925,ORD-004157,CUST-00413,PROD-0131,2023-05-22,changed_mind,11.93,approved
RET-000926,ORD-004160,CUST-00112,PROD-0013,2023-05-06,other,162.08,approved
RET-000927,ORD-004166,CUST-01667,PROD-0040,2023-05-12,defective,48.68,approved
RET-000928,ORD-004173,CUST-02142,PROD-0017,2023-05-15,changed_mind,35.08,approved
RET-000929,ORD-004177,CUST-02188,PROD-0138,2023-05-15,not_as_described,47.88,approved
RET-000930,ORD-004181,CUST-01303,PROD-0114,2023-05-24,other,15.52,pending
RET-000931,ORD-004184,CUST-01124,PROD-0087,2023-05-06,defective,28.61,approved
RET-000932,ORD-004188,CUST-00580,PROD-0043,2023-05-10,not_as_described,60.88,approved
RET-000933,ORD-004197,CUST-02526,PROD-0002,2023-05-09,other,26.33,approved
RET-000934,ORD-004205,CUST-01162,PROD-0103,2023-05-12,defective,67.38,approved
RET-000935,ORD-004206,CUST-02164,PROD-0101,2023-05-09,changed_mind,21.18,approved
RET-000936,ORD-004216,CUST-01704,PROD-0104,2023-05-25,changed_mind,25.25,rejected
RET-000937,ORD-004221,CUST-01376,PROD-0107,2023-05-06,not_as_described,228.39,approved
RET-000938,ORD-004225,CUST-01637,PROD-0101,2023-05-14,defective,18.64,approved
RET-000939,ORD-004227,CUST-02403,PROD-0050,2023-05-12,defective,7.45,approved
RET-000940,ORD-004232,CUST-01014,PROD-0023,2023-05-13,changed_mind,399.87,pending
RET-000941,ORD-004233,CUST-01119,PROD-0132,2023-05-28,changed_mind,29.81,approved
RET-000942,ORD-004234,CUST-00597,PROD-0082,2023-05-18,not_as_described,13.57,approved
RET-000943,ORD-004246,CUST-00681,PROD-0036,2023-05-18,wrong_item,114.61,approved
RET-000944,ORD-004250,CUST-01200,PROD-0095,2023-05-19,defective,38.2,approved
RET-000945,ORD-004251,CUST-01548,PROD-0083,2023-05-20,not_as_described,64.38,approved
RET-000946,ORD-004254,CUST-02377,PROD-0150,2023-05-15,defective,47.23,approved
RET-000947,ORD-004256,CUST-00235,PROD-0042,2023-05-19,defective,38.83,approved
RET-000948,ORD-004257,CUST-00768,PROD-0063,2023-05-16,defective,23.28,approved
RET-000949,ORD-004261,CUST-02468,PROD-0026,2023-05-09,not_as_described,59.36,approved
RET-000950,ORD-004267,CUST-02327,PROD-0125,2023-06-02,defective,33.38,approved
RET-000951,ORD-004272,CUST-02009,PROD-0104,2023-05-22,defective,10.81,approved
RET-000952,ORD-004277,CUST-01684,PROD-0123,2023-05-17,defective,47.19,approved
RET-000953,ORD-004280,CUST-01010,PROD-0017,2023-05-08,defective,33.33,approved
RET-000954,ORD-004282,CUST-01425,PROD-0004,2023-05-11,not_as_described,34.98,approved
RET-000955,ORD-004285,CUST-01446,PROD-0052,2023-06-01,defective,80.66,approved
RET-000956,ORD-004289,CUST-00183,PROD-0118,2023-05-14,defective,113.88,approved
RET-000957,ORD-004301,CUST-02834,PROD-0012,2023-05-11,defective,100.26,approved
RET-000958,ORD-004312,CUST-01899,PROD-0043,2023-05-11,defective,71.32,pending
RET-000959,ORD-004316,CUST-00653,PROD-0060,2023-05-14,other,112.56,approved
RET-000960,ORD-004318,CUST-01530,PROD-0022,2023-05-20,not_as_described,34.62,approved
RET-000961,ORD-004330,CUST-00183,PROD-0142,2023-05-19,not_as_described,56.92,approved
RET-000962,ORD-004335,CUST-02352,PROD-0148,2023-05-12,changed_mind,45.87,approved
RET-000963,ORD-004343,CUST-00528,PROD-0087,2023-05-18,defective,28.75,approved
RET-000964,ORD-004346,CUST-01612,PROD-0062,2023-05-11,changed_mind,13.96,approved
RET-000965,ORD-004347,CUST-01238,PROD-0017,2023-05-25,defective,44.03,approved
RET-000966,ORD-004348,CUST-02339,PROD-0089,2023-06-03,changed_mind,23.24,approved
RET-000967,ORD-004350,CUST-01082,PROD-0046,2023-05-20,defective,166.7,approved
RET-000968,ORD-004355,CUST-02688,PROD-0041,2023-05-23,not_as_described,15.45,approved
RET-000969,ORD-004356,CUST-01253,PROD-0148,2023-05-16,wrong_item,45.99,approved
RET-000970,ORD-004360,CUST-01776,PROD-0104,2023-05-27,not_as_described,26.34,approved
RET-000971,ORD-004362,CUST-02683,PROD-0143,2023-05-27,defective,30.28,approved
RET-000972,ORD-004366,CUST-02791,PROD-0008,2023-05-21,changed_mind,101.98,approved
RET-000973,ORD-004368,CUST-01182,PROD-0003,2023-05-15,not_as_described,128.9,approved
RET-000974,ORD-004371,CUST-00788,PROD-0046,2023-05-19,defective,72.65,rejected
RET-000975,ORD-004378,CUST-00238,PROD-0120,2023-05-18,defective,252.16,approved
RET-000976,ORD-004379,CUST-01170,PROD-0138,2023-05-31,changed_mind,51.67,approved
RET-000977,ORD-004389,CUST-00247,PROD-0099,2023-05-31,other,32.34,approved
RET-000978,ORD-004392,CUST-01368,PROD-0091,2023-05-15,other,4.67,approved
RET-000979,ORD-004395,CUST-02632,PROD-0142,2023-05-20,wrong_item,27.96,approved
RET-000980,ORD-004397,CUST-01323,PROD-0116,2023-05-12,defective,26.43,approved
RET-000981,ORD-004401,CUST-02757,PROD-0141,2023-05-14,not_as_described,258.9,approved
RET-000982,ORD-004413,CUST-01463,PROD-0099,2023-05-28,wrong_item,16.62,approved
RET-000983,ORD-004415,CUST-02872,PROD-0132,2023-05-14,not_as_described,29.37,approved
RET-000984,ORD-004423,CUST-01401,PROD-0123,2023-05-29,changed_mind,42.81,approved
RET-000985,ORD-004424,CUST-00468,PROD-0039,2023-05-13,defective,5.16,approved
RET-000986,ORD-004427,CUST-01910,PROD-0032,2023-06-21,defective,67.01,approved
RET-000987,ORD-004428,CUST-01232,PROD-0083,2023-05-13,defective,67.51,approved
RET-000988,ORD-004429,CUST-01049,PROD-0130,2023-05-27,defective,125.68,approved
RET-000989,ORD-004431,CUST-02401,PROD-0109,2023-05-17,wrong_item,18.83,pending
RET-000990,ORD-004433,CUST-01026,PROD-0105,2023-05-13,defective,21.2,approved
RET-000991,ORD-004438,CUST-01411,PROD-0096,2023-05-12,defective,28.23,rejected
RET-000992,ORD-004439,CUST-01131,PROD-0007,2023-05-20,wrong_item,24.16,approved
RET-000993,ORD-004440,CUST-02530,PROD-0052,2023-05-24,defective,76.56,approved
RET-000994,ORD-004441,CUST-01989,PROD-0036,2023-05-14,changed_mind,113.55,approved
RET-000995,ORD-004446,CUST-02447,PROD-0094,2023-05-25,changed_mind,23.19,approved
RET-000996,ORD-004450,CUST-00370,PROD-0138,2023-05-25,other,51.3,approved
RET-000997,ORD-004453,CUST-02453,PROD-0061,2023-05-13,defective,30.79,approved
RET-000998,ORD-004460,CUST-00994,PROD-0105,2023-05-20,defective,61.74,approved
RET-000999,ORD-004461,CUST-00521,PROD-0141,2023-05-24,other,134.41,approved
RET-001000,ORD-004477,CUST-00267,PROD-0138,2023-05-20,defective,51.96,approved
RET-001001,ORD-004479,CUST-01628,PROD-0046,2023-05-25,other,83.97,approved
RET-001002,ORD-004486,CUST-00337,PROD-0034,2023-06-07,wrong_item,50.25,approved
RET-001003,ORD-004487,CUST-00916,PROD-0052,2023-05-31,defective,241.68,approved
RET-001004,ORD-004488,CUST-02519,PROD-0036,2023-05-23,defective,112.52,approved
RET-001005,ORD-004493,CUST-00473,PROD-0081,2023-05-25,defective,47.38,approved
RET-001006,ORD-004495,CUST-02987,PROD-0107,2023-05-17,defective,231.21,approved
RET-001007,ORD-004496,CUST-00500,PROD-0021,2023-05-15,defective,65.25,approved
RET-001008,ORD-004498,CUST-02452,PROD-0031,2023-05-22,wrong_item,30.87,approved
RET-001009,ORD-004502,CUST-00179,PROD-0030,2023-05-15,defective,94.97,approved
RET-001010,ORD-004503,CUST-02734,PROD-0077,2023-05-18,wrong_item,26.6,approved
RET-001011,ORD-004504,CUST-02396,PROD-0014,2023-05-19,defective,5.08,approved
RET-001012,ORD-004506,CUST-02366,PROD-0021,2023-05-19,defective,63.82,approved
RET-001013,ORD-004516,CUST-02020,PROD-0046,2023-05-26,wrong_item,39.29,approved
RET-001014,ORD-004522,CUST-02796,PROD-0066,2023-05-25,defective,78.38,rejected
RET-001015,ORD-004524,CUST-02481,PROD-0045,2023-05-21,not_as_described,32.91,approved
RET-001016,ORD-004526,CUST-01674,PROD-0002,2023-05-18,defective,16.99,rejected
RET-001017,ORD-004529,CUST-02015,PROD-0116,2023-05-21,changed_mind,27.03,approved
RET-001018,ORD-004530,CUST-02662,PROD-0083,2023-05-25,wrong_item,143.0,approved
RET-001019,ORD-004532,CUST-02590,PROD-0049,2023-06-13,wrong_item,43.92,approved
RET-001020,ORD-004534,CUST-00265,PROD-0071,2023-05-26,defective,42.24,approved
RET-001021,ORD-004537,CUST-01235,PROD-0055,2023-05-24,changed_mind,118.28,approved
RET-001022,ORD-004540,CUST-00250,PROD-0128,2023-05-27,changed_mind,33.77,rejected
RET-001023,ORD-004543,CUST-01390,PROD-0053,2023-05-24,changed_mind,146.48,approved
RET-001024,ORD-004549,CUST-01674,PROD-0129,2023-05-17,not_as_described,38.78,approved
RET-001025,ORD-004559,CUST-01804,PROD-0119,2023-05-30,defective,47.63,approved
RET-001026,ORD-004569,CUST-02620,PROD-0118,2023-05-22,defective,101.17,approved
RET-001027,ORD-004570,CUST-02619,PROD-0127,2023-05-23,changed_mind,58.34,approved
RET-001028,ORD-004572,CUST-02809,PROD-0012,2023-05-29,changed_mind,35.79,approved
RET-001029,ORD-004581,CUST-02577,PROD-0015,2023-05-19,changed_mind,309.22,approved
RET-001030,ORD-004584,CUST-01606,PROD-0134,2023-05-16,not_as_described,21.57,rejected
RET-001031,ORD-004586,CUST-02178,PROD-0044,2023-05-29,defective,24.0,rejected
RET-001032,ORD-004588,CUST-02517,PROD-0141,2023-05-16,changed_mind,364.71,approved
RET-001033,ORD-004596,CUST-00971,PROD-0078,2023-05-25,defective,133.14,approved
RET-001034,ORD-004600,CUST-00005,PROD-0057,2023-06-03,changed_mind,87.87,approved
RET-001035,ORD-004609,CUST-00992,PROD-0111,2023-05-24,changed_mind,133.23,approved
RET-001036,ORD-004612,CUST-00380,PROD-0074,2023-05-30,defective,153.87,approved
RET-001037,ORD-004613,CUST-01014,PROD-0104,2023-05-20,defective,76.26,approved
RET-001038,ORD-004615,CUST-00293,PROD-0026,2023-05-26,changed_mind,124.82,approved
RET-001039,ORD-004621,CUST-00202,PROD-0110,2023-05-20,not_as_described,880.62,approved
RET-001040,ORD-004625,CUST-02188,PROD-0092,2023-05-25,changed_mind,51.48,approved
RET-001041,ORD-004630,CUST-01837,PROD-0118,2023-05-24,defective,226.82,approved
RET-001042,ORD-004634,CUST-00084,PROD-0095,2023-05-19,changed_mind,38.18,pending
RET-001043,ORD-004642,CUST-00414,PROD-0068,2023-05-29,defective,21.56,approved
RET-001044,ORD-004650,CUST-01702,PROD-0071,2023-05-18,defective,43.54,approved
RET-001045,ORD-004653,CUST-00087,PROD-0063,2023-05-19,changed_mind,7.32,approved
RET-001046,ORD-004655,CUST-00376,PROD-0009,2023-06-02,changed_mind,16.1,approved
RET-001047,ORD-004657,CUST-00606,PROD-0035,2023-05-20,wrong_item,25.0,approved
RET-001048,ORD-004659,CUST-01149,PROD-0021,2023-05-27,changed_mind,68.16,approved
RET-001049,ORD-004667,CUST-01147,PROD-0117,2023-06-02,defective,66.09,approved
RET-001050,ORD-004700,CUST-01238,PROD-0001,2023-06-06,changed_mind,45.18,approved
RET-001051,ORD-004703,CUST-02407,PROD-0132,2023-05-21,defective,21.71,approved
RET-001052,ORD-004710,CUST-02529,PROD-0142,2023-05-30,changed_mind,27.96,approved
RET-001053,ORD-004721,CUST-00503,PROD-0006,2023-05-24,defective,19.68,approved
RET-001054,ORD-004722,CUST-01159,PROD-0126,2023-05-22,defective,122.94,approved
RET-001055,ORD-004723,CUST-00200,PROD-0003,2023-05-25,other,116.52,approved
RET-001056,ORD-004728,CUST-00890,PROD-0028,2023-06-01,defective,514.0,rejected
RET-001057,ORD-004736,CUST-00864,PROD-0128,2023-05-31,changed_mind,38.66,rejected
RET-001058,ORD-004738,CUST-00831,PROD-0004,2023-05-22,changed_mind,31.19,approved
RET-001059,ORD-004745,CUST-01075,PROD-0110,2023-06-02,not_as_described,455.52,approved
RET-001060,ORD-004753,CUST-00340,PROD-0103,2023-05-24,defective,35.31,approved
RET-001061,ORD-004755,CUST-00847,PROD-0089,2023-06-12,changed_mind,25.5,approved
RET-001062,ORD-004764,CUST-01575,PROD-0078,2023-05-26,defective,43.25,approved
RET-001063,ORD-004768,CUST-01336,PROD-0136,2023-06-19,defective,33.65,approved
RET-001064,ORD-004771,CUST-01937,PROD-0004,2023-06-09,changed_mind,31.76,approved
RET-001065,ORD-004776,CUST-02440,PROD-0125,2023-05-30,defective,36.65,approved
RET-001066,ORD-004782,CUST-00993,PROD-0070,2023-05-28,other,27.44,approved
RET-001067,ORD-004783,CUST-02407,PROD-0075,2023-06-10,defective,65.88,approved
RET-001068,ORD-004787,CUST-01417,PROD-0093,2023-05-26,changed_mind,65.14,pending
RET-001069,ORD-004792,CUST-01981,PROD-0021,2023-05-30,defective,142.18,approved
RET-001070,ORD-004793,CUST-02760,PROD-0028,2023-06-05,defective,239.26,approved
RET-001071,ORD-004798,CUST-02593,PROD-0042,2023-05-29,changed_mind,36.51,approved
RET-001072,ORD-004809,CUST-02827,PROD-0031,2023-06-02,not_as_described,16.94,approved
RET-001073,ORD-004837,CUST-02606,PROD-0113,2023-06-12,changed_mind,57.46,approved
RET-001074,ORD-004838,CUST-02750,PROD-0150,2023-05-31,defective,202.88,approved
RET-001075,ORD-004839,CUST-02893,PROD-0097,2023-05-29,defective,49.89,approved
RET-001076,ORD-004840,CUST-01030,PROD-0090,2023-05-24,wrong_item,24.17,approved
RET-001077,ORD-004850,CUST-02721,PROD-0141,2023-05-26,changed_mind,128.1,approved
RET-001078,ORD-004851,CUST-01587,PROD-0079,2023-06-05,not_as_described,41.98,approved
RET-001079,ORD-004854,CUST-01904,PROD-0132,2023-05-29,defective,26.61,approved
RET-001080,ORD-004856,CUST-01083,PROD-0061,2023-05-28,changed_mind,28.9,approved
RET-001081,ORD-004859,CUST-00745,PROD-0003,2023-06-11,wrong_item,119.75,approved
RET-001082,ORD-004863,CUST-00500,PROD-0138,2023-05-29,changed_mind,49.75,rejected
RET-001083,ORD-004865,CUST-01728,PROD-0006,2023-05-29,defective,40.4,approved
RET-001084,ORD-004866,CUST-02625,PROD-0087,2023-06-04,defective,25.8,rejected
RET-001085,ORD-004884,CUST-00667,PROD-0023,2023-05-26,defective,129.53,approved
RET-001086,ORD-004890,CUST-00269,PROD-0005,2023-06-11,not_as_described,62.31,rejected
RET-001087,ORD-004893,CUST-00990,PROD-0014,2023-05-28,wrong_item,5.86,approved
RET-001088,ORD-004913,CUST-01978,PROD-0123,2023-06-19,defective,47.38,approved
RET-001089,ORD-004918,CUST-00685,PROD-0017,2023-06-15,defective,32.67,pending
RET-001090,ORD-004920,CUST-02498,PROD-0043,2023-05-31,wrong_item,132.68,approved
RET-001091,ORD-004921,CUST-00245,PROD-0033,2023-06-02,defective,36.26,approved
RET-001092,ORD-004928,CUST-02450,PROD-0013,2023-06-09,changed_mind,76.73,approved
RET-001093,ORD-004932,CUST-02305,PROD-0096,2023-06-02,wrong_item,29.24,approved
RET-001094,ORD-004938,CUST-02997,PROD-0109,2023-05-31,defective,42.24,approved
RET-001095,ORD-004940,CUST-02600,PROD-0046,2023-06-15,defective,53.84,rejected
RET-001096,ORD-004946,CUST-01384,PROD-0015,2023-06-18,changed_mind,146.38,approved
RET-001097,ORD-004948,CUST-02032,PROD-0030,2023-06-17,defective,104.32,approved
RET-001098,ORD-004949,CUST-01868,PROD-0052,2023-06-10,defective,169.94,approved
RET-001099,ORD-004951,CUST-01417,PROD-0123,2023-06-07,defective,99.12,approved
RET-001100,ORD-004957,CUST-01046,PROD-0025,2023-06-06,changed_mind,148.93,rejected
RET-001101,ORD-004958,CUST-01236,PROD-0084,2023-06-13,defective,146.48,approved
RET-001102,ORD-004967,CUST-01832,PROD-0135,2023-06-02,changed_mind,29.89,approved
RET-001103,ORD-004969,CUST-00622,PROD-0009,2023-05-30,changed_mind,29.44,approved
RET-001104,ORD-004970,CUST-02705,PROD-0124,2023-06-06,not_as_described,195.22,approved
RET-001105,ORD-004971,CUST-02494,PROD-0032,2023-06-01,defective,71.14,approved
RET-001106,ORD-004976,CUST-00724,PROD-0112,2023-05-27,defective,10.23,approved
RET-001107,ORD-004979,CUST-02562,PROD-0035,2023-05-30,changed_mind,18.32,approved
RET-001108,ORD-004980,CUST-02161,PROD-0132,2023-06-02,defective,22.48,approved
RET-001109,ORD-004984,CUST-02611,PROD-0033,2023-06-04,defective,17.71,approved
RET-001110,ORD-004992,CUST-01020,PROD-0092,2023-05-28,changed_mind,48.33,approved
RET-001111,ORD-004997,CUST-02315,PROD-0138,2023-06-10,defective,112.16,approved
RET-001112,ORD-005003,CUST-00492,PROD-0044,2023-06-07,changed_mind,21.11,approved
RET-001113,ORD-005016,CUST-02069,PROD-0064,2023-06-05,changed_mind,178.5,rejected
RET-001114,ORD-005019,CUST-00729,PROD-0139,2023-06-11,defective,23.53,approved
RET-001115,ORD-005024,CUST-01793,PROD-0060,2023-06-15,wrong_item,36.28,rejected
RET-001116,ORD-005033,CUST-01738,PROD-0056,2023-06-01,changed_mind,64.7,approved
RET-001117,ORD-005034,CUST-00844,PROD-0059,2023-06-28,defective,18.61,approved
RET-001118,ORD-005036,CUST-00831,PROD-0081,2023-06-07,not_as_described,148.53,rejected
RET-001119,ORD-005038,CUST-01917,PROD-0038,2023-06-02,wrong_item,45.57,approved
RET-001120,ORD-005046,CUST-01846,PROD-0103,2023-06-06,not_as_described,34.83,approved
RET-001121,ORD-005048,CUST-01194,PROD-0111,2023-06-07,changed_mind,44.26,rejected
RET-001122,ORD-005049,CUST-01055,PROD-0044,2023-06-04,defective,47.96,approved
RET-001123,ORD-005054,CUST-02162,PROD-0028,2023-06-03,other,486.94,approved
RET-001124,ORD-005056,CUST-02859,PROD-0106,2023-05-31,not_as_described,97.2,approved
RET-001125,ORD-005063,CUST-02818,PROD-0011,2023-06-05,changed_mind,11.05,approved
RET-001126,ORD-005066,CUST-02488,PROD-0101,2023-06-01,changed_mind,20.12,approved
RET-001127,ORD-005068,CUST-00828,PROD-0017,2023-06-03,changed_mind,110.73,approved
RET-001128,ORD-005069,CUST-02306,PROD-0149,2023-06-04,changed_mind,58.28,pending
RET-001129,ORD-005074,CUST-00457,PROD-0046,2023-06-13,defective,82.89,approved
RET-001130,ORD-005075,CUST-00033,PROD-0104,2023-06-17,changed_mind,25.68,approved
RET-001131,ORD-005078,CUST-00472,PROD-0109,2023-07-09,defective,18.66,approved
RET-001132,ORD-005084,CUST-01727,PROD-0059,2023-06-15,changed_mind,15.67,rejected
RET-001133,ORD-005085,CUST-02200,PROD-0122,2023-06-02,changed_mind,40.26,approved
RET-001134,ORD-005087,CUST-00489,PROD-0001,2023-06-07,changed_mind,37.54,pending
RET-001135,ORD-005088,CUST-01313,PROD-0068,2023-06-25,defective,19.9,approved
RET-001136,ORD-005089,CUST-02159,PROD-0008,2023-06-08,defective,46.98,approved
RET-001137,ORD-005092,CUST-01998,PROD-0015,2023-06-02,not_as_described,143.86,approved
RET-001138,ORD-005096,CUST-01202,PROD-0010,2023-06-09,changed_mind,73.13,pending
RET-001139,ORD-005098,CUST-02275,PROD-0117,2023-06-15,changed_mind,19.57,pending
RET-001140,ORD-005105,CUST-00910,PROD-0093,2023-06-07,wrong_item,34.53,approved
RET-001141,ORD-005109,CUST-00030,PROD-0007,2023-06-05,changed_mind,10.82,rejected
RET-001142,ORD-005110,CUST-02451,PROD-0036,2023-06-03,defective,100.46,approved
RET-001143,ORD-005120,CUST-02612,PROD-0014,2023-06-03,changed_mind,5.49,approved
RET-001144,ORD-005127,CUST-02076,PROD-0016,2023-06-13,not_as_described,40.78,approved
RET-001145,ORD-005128,CUST-01819,PROD-0010,2023-06-04,wrong_item,75.72,pending
RET-001146,ORD-005129,CUST-00105,PROD-0076,2023-06-12,changed_mind,52.52,approved
RET-001147,ORD-005130,CUST-01265,PROD-0110,2023-06-02,defective,417.77,approved
RET-001148,ORD-005133,CUST-00167,PROD-0090,2023-06-27,defective,24.42,approved
RET-001149,ORD-005134,CUST-01585,PROD-0053,2023-06-07,defective,68.59,approved
RET-001150,ORD-005137,CUST-02797,PROD-0148,2023-06-08,wrong_item,41.05,approved
RET-001151,ORD-005138,CUST-02568,PROD-0013,2023-06-14,other,79.08,approved
RET-001152,ORD-005143,CUST-00649,PROD-0071,2023-06-04,changed_mind,71.59,approved
RET-001153,ORD-005145,CUST-00919,PROD-0113,2023-06-16,changed_mind,58.12,approved
RET-001154,ORD-005155,CUST-01593,PROD-0023,2023-06-09,changed_mind,361.62,rejected
RET-001155,ORD-005156,CUST-01294,PROD-0046,2023-07-04,defective,83.39,approved
RET-001156,ORD-005158,CUST-00846,PROD-0117,2023-06-07,changed_mind,12.08,approved
RET-001157,ORD-005162,CUST-00398,PROD-0042,2023-06-05,changed_mind,106.29,approved
RET-001158,ORD-005164,CUST-00142,PROD-0067,2023-06-11,wrong_item,84.17,approved
RET-001159,ORD-005166,CUST-01244,PROD-0083,2023-06-09,defective,139.96,approved
RET-001160,ORD-005168,CUST-00129,PROD-0083,2023-06-16,defective,140.02,approved
RET-001161,ORD-005169,CUST-02755,PROD-0117,2023-06-27,not_as_described,21.13,approved
RET-001162,ORD-005170,CUST-02642,PROD-0024,2023-06-06,wrong_item,50.13,approved
RET-001163,ORD-005171,CUST-00831,PROD-0067,2023-06-09,defective,354.76,approved
RET-001164,ORD-005192,CUST-00010,PROD-0067,2023-06-03,changed_mind,79.35,approved
RET-001165,ORD-005200,CUST-00294,PROD-0047,2023-06-06,changed_mind,5.11,approved
RET-001166,ORD-005202,CUST-00752,PROD-0028,2023-06-06,defective,509.84,approved
RET-001167,ORD-005219,CUST-00143,PROD-0078,2023-06-11,changed_mind,104.71,approved
RET-001168,ORD-005220,CUST-02422,PROD-0139,2023-06-14,defective,21.42,approved
RET-001169,ORD-005233,CUST-00827,PROD-0058,2023-06-11,not_as_described,18.6,approved
RET-001170,ORD-005241,CUST-01576,PROD-0129,2023-06-19,other,22.92,approved
RET-001171,ORD-005242,CUST-01423,PROD-0019,2023-06-06,changed_mind,55.92,approved
RET-001172,ORD-005243,CUST-01501,PROD-0110,2023-06-24,changed_mind,836.06,approved
RET-001173,ORD-005248,CUST-02699,PROD-0053,2023-07-03,not_as_described,73.58,approved
RET-001174,ORD-005249,CUST-01394,PROD-0066,2023-06-08,defective,43.03,rejected
RET-001175,ORD-005250,CUST-01189,PROD-0123,2023-06-08,defective,38.39,approved
RET-001176,ORD-005261,CUST-02381,PROD-0045,2023-06-13,other,33.84,approved
RET-001177,ORD-005274,CUST-01814,PROD-0049,2023-06-19,changed_mind,25.15,approved
RET-001178,ORD-005275,CUST-00179,PROD-0074,2023-06-09,changed_mind,51.9,approved
RET-001179,ORD-005285,CUST-02142,PROD-0031,2023-06-19,wrong_item,14.11,approved
RET-001180,ORD-005288,CUST-01601,PROD-0021,2023-06-13,defective,133.36,rejected
RET-001181,ORD-005293,CUST-02026,PROD-0123,2023-06-21,changed_mind,52.27,approved
RET-001182,ORD-005298,CUST-02268,PROD-0129,2023-06-12,defective,40.1,approved
RET-001183,ORD-005303,CUST-02621,PROD-0036,2023-06-14,changed_mind,102.0,approved
RET-001184,ORD-005305,CUST-02447,PROD-0015,2023-06-27,changed_mind,426.27,approved
RET-001185,ORD-005310,CUST-02884,PROD-0042,2023-06-16,changed_mind,37.26,rejected
RET-001186,ORD-005315,CUST-02057,PROD-0055,2023-06-06,wrong_item,56.79,approved
RET-001187,ORD-005319,CUST-00427,PROD-0092,2023-06-16,wrong_item,49.1,approved
RET-001188,ORD-005320,CUST-01887,PROD-0087,2023-06-20,defective,30.04,approved
RET-001189,ORD-005323,CUST-01371,PROD-0010,2023-06-08,changed_mind,79.31,approved
RET-001190,ORD-005334,CUST-00521,PROD-0074,2023-06-13,not_as_described,32.3,rejected
RET-001191,ORD-005339,CUST-02122,PROD-0123,2023-06-09,defective,51.67,approved
RET-001192,ORD-005341,CUST-02303,PROD-0092,2023-06-21,changed_mind,15.76,approved
RET-001193,ORD-005346,CUST-00610,PROD-0015,2023-06-14,not_as_described,146.04,approved
RET-001194,ORD-005347,CUST-01222,PROD-0106,2023-06-23,changed_mind,15.45,approved
RET-001195,ORD-005359,CUST-00047,PROD-0050,2023-06-12,defective,14.82,approved
RET-001196,ORD-005366,CUST-02947,PROD-0076,2023-06-13,defective,27.89,approved
RET-001197,ORD-005370,CUST-02353,PROD-0090,2023-06-16,defective,22.2,approved
RET-001198,ORD-005380,CUST-00854,PROD-0053,2023-06-19,defective,130.0,approved
RET-001199,ORD-005382,CUST-00144,PROD-0112,2023-06-11,defective,10.04,approved
RET-001200,ORD-005386,CUST-01767,PROD-0037,2023-06-13,changed_mind,81.56,rejected
RET-001201,ORD-005389,CUST-01549,PROD-0130,2023-06-09,wrong_item,67.52,approved
RET-001202,ORD-005394,CUST-02310,PROD-0053,2023-06-18,other,269.68,approved
RET-001203,ORD-005407,CUST-02125,PROD-0139,2023-06-18,defective,70.78,approved
RET-001204,ORD-005410,CUST-01455,PROD-0048,2023-06-16,wrong_item,91.32,approved
RET-001205,ORD-005412,CUST-01288,PROD-0021,2023-06-11,defective,68.41,approved
RET-001206,ORD-005427,CUST-00777,PROD-0127,2023-06-12,defective,59.91,approved
RET-001207,ORD-005429,CUST-02774,PROD-0096,2023-06-16,defective,45.16,approved
RET-001208,ORD-005431,CUST-01989,PROD-0102,2023-06-25,changed_mind,25.56,approved
RET-001209,ORD-005434,CUST-01058,PROD-0057,2023-06-23,changed_mind,27.84,approved
RET-001210,ORD-005439,CUST-01027,PROD-0095,2023-06-17,changed_mind,75.22,approved
RET-001211,ORD-005448,CUST-00179,PROD-0115,2023-06-26,changed_mind,64.97,approved
RET-001212,ORD-005462,CUST-01636,PROD-0124,2023-06-28,defective,76.3,approved
RET-001213,ORD-005466,CUST-01413,PROD-0123,2023-06-20,defective,93.56,approved
RET-001214,ORD-005469,CUST-00515,PROD-0008,2023-06-12,not_as_described,44.32,approved
RET-001215,ORD-005473,CUST-00842,PROD-0070,2023-06-29,changed_mind,28.77,approved
RET-001216,ORD-005474,CUST-01933,PROD-0112,2023-06-16,defective,10.27,approved
RET-001217,ORD-005475,CUST-01893,PROD-0054,2023-06-13,changed_mind,50.86,approved
RET-001218,ORD-005507,CUST-00182,PROD-0044,2023-06-15,defective,23.04,approved
RET-001219,ORD-005511,CUST-02325,PROD-0052,2023-06-12,changed_mind,75.19,pending
RET-001220,ORD-005516,CUST-02304,PROD-0024,2023-06-21,changed_mind,47.71,approved
RET-001221,ORD-005518,CUST-02111,PROD-0150,2023-06-18,defective,51.83,approved
RET-001222,ORD-005521,CUST-01886,PROD-0053,2023-06-25,defective,149.56,approved
RET-001223,ORD-005529,CUST-01079,PROD-0105,2023-06-29,defective,42.58,approved
RET-001224,ORD-005531,CUST-02101,PROD-0051,2023-07-02,wrong_item,43.32,approved
RET-001225,ORD-005546,CUST-00599,PROD-0121,2023-07-06,changed_mind,31.74,approved
RET-001226,ORD-005548,CUST-01571,PROD-0052,2023-06-15,defective,140.98,rejected
RET-001227,ORD-005549,CUST-02516,PROD-0138,2023-07-06,defective,48.46,approved
RET-001228,ORD-005551,CUST-00788,PROD-0107,2023-06-21,not_as_described,214.38,approved
RET-001229,ORD-005560,CUST-01014,PROD-0092,2023-06-17,changed_mind,53.06,rejected
RET-001230,ORD-005564,CUST-01159,PROD-0129,2023-06-24,other,37.08,approved
RET-001231,ORD-005570,CUST-01209,PROD-0088,2023-06-14,other,36.89,approved
RET-001232,ORD-005573,CUST-02313,PROD-0028,2023-07-05,defective,506.94,approved
RET-001233,ORD-005575,CUST-02184,PROD-0008,2023-06-25,changed_mind,45.11,approved
RET-001234,ORD-005576,CUST-01510,PROD-0055,2023-06-24,defective,62.25,approved
RET-001235,ORD-005580,CUST-02289,PROD-0001,2023-06-18,changed_mind,90.64,approved
RET-001236,ORD-005585,CUST-02903,PROD-0117,2023-06-25,defective,21.46,approved
RET-001237,ORD-005586,CUST-00478,PROD-0105,2023-06-27,defective,15.67,approved
RET-001238,ORD-005589,CUST-01586,PROD-0129,2023-06-19,changed_mind,24.38,approved
RET-001239,ORD-005593,CUST-02014,PROD-0001,2023-06-20,changed_mind,42.96,approved
RET-001240,ORD-005595,CUST-01706,PROD-0084,2023-06-23,defective,78.91,approved
RET-001241,ORD-005596,CUST-02478,PROD-0048,2023-06-23,changed_mind,136.29,approved
RET-001242,ORD-005597,CUST-02264,PROD-0081,2023-06-30,not_as_described,48.18,pending
RET-001243,ORD-005599,CUST-00842,PROD-0043,2023-06-22,wrong_item,69.92,rejected
RET-001244,ORD-005601,CUST-01376,PROD-0081,2023-06-27,changed_mind,44.55,approved
RET-001245,ORD-005603,CUST-01005,PROD-0032,2023-06-20,defective,91.64,approved
RET-001246,ORD-005607,CUST-02026,PROD-0128,2023-06-18,wrong_item,36.62,approved
RET-001247,ORD-005608,CUST-02143,PROD-0034,2023-06-15,changed_mind,76.14,approved
RET-001248,ORD-005616,CUST-00167,PROD-0110,2023-06-17,changed_mind,451.94,approved
RET-001249,ORD-005618,CUST-02612,PROD-0067,2023-06-24,changed_mind,84.08,approved
RET-001250,ORD-005619,CUST-02060,PROD-0073,2023-06-29,defective,11.15,approved
RET-001251,ORD-005621,CUST-00642,PROD-0105,2023-06-23,defective,22.19,approved
RET-001252,ORD-005627,CUST-01193,PROD-0117,2023-06-22,defective,22.44,approved
RET-001253,ORD-005630,CUST-01229,PROD-0073,2023-06-23,wrong_item,11.0,approved
RET-001254,ORD-005633,CUST-01432,PROD-0027,2023-06-19,defective,14.52,approved
RET-001255,ORD-005643,CUST-00802,PROD-0030,2023-06-17,defective,62.19,approved
RET-001256,ORD-005644,CUST-01729,PROD-0013,2023-06-23,not_as_described,71.37,approved
RET-001257,ORD-005645,CUST-01872,PROD-0109,2023-06-14,defective,36.52,approved
RET-001258,ORD-005665,CUST-00324,PROD-0053,2023-06-19,wrong_item,69.43,rejected
RET-001259,ORD-005667,CUST-00033,PROD-0070,2023-06-16,changed_mind,24.9,approved
RET-001260,ORD-005672,CUST-01989,PROD-0042,2023-06-18,changed_mind,111.72,approved
RET-001261,ORD-005682,CUST-00153,PROD-0109,2023-06-15,defective,38.24,approved
RET-001262,ORD-005686,CUST-02734,PROD-0113,2023-06-30,not_as_described,58.02,approved
RET-001263,ORD-005688,CUST-00947,PROD-0067,2023-06-24,changed_mind,76.8,approved
RET-001264,ORD-005706,CUST-00799,PROD-0041,2023-06-30,defective,43.89,approved
RET-001265,ORD-005707,CUST-00548,PROD-0051,2023-07-12,not_as_described,81.82,pending
RET-001266,ORD-005708,CUST-01856,PROD-0109,2023-07-01,defective,20.07,approved
RET-001267,ORD-005713,CUST-01340,PROD-0056,2023-06-18,defective,57.83,approved
RET-001268,ORD-005716,CUST-02002,PROD-0046,2023-06-20,defective,81.4,pending
RET-001269,ORD-005726,CUST-01449,PROD-0001,2023-06-23,changed_mind,48.11,approved
RET-001270,ORD-005731,CUST-00768,PROD-0131,2023-06-21,not_as_described,11.59,approved
RET-001271,ORD-005734,CUST-01489,PROD-0044,2023-06-29,defective,24.7,approved
RET-001272,ORD-005743,CUST-01849,PROD-0111,2023-07-10,not_as_described,40.14,approved
RET-001273,ORD-005746,CUST-02254,PROD-0087,2023-07-06,defective,55.68,rejected
RET-001274,ORD-005747,CUST-02709,PROD-0110,2023-06-21,defective,840.2,approved
RET-001275,ORD-005761,CUST-00543,PROD-0123,2023-06-19,defective,52.06,approved
RET-001276,ORD-005762,CUST-00002,PROD-0125,2023-07-11,defective,32.43,approved
RET-001277,ORD-005769,CUST-02853,PROD-0146,2023-07-07,not_as_described,98.85,approved
RET-001278,ORD-005772,CUST-02766,PROD-0046,2023-06-23,defective,74.33,approved
RET-001279,ORD-005775,CUST-02349,PROD-0001,2023-07-01,defective,32.91,approved
RET-001280,ORD-005777,CUST-01921,PROD-0143,2023-06-29,other,60.76,approved
RET-001281,ORD-005778,CUST-01536,PROD-0050,2023-06-21,changed_mind,13.65,approved
RET-001282,ORD-005779,CUST-01155,PROD-0076,2023-06-20,defective,26.42,approved
RET-001283,ORD-005786,CUST-00633,PROD-0111,2023-07-03,defective,85.7,approved
RET-001284,ORD-005791,CUST-02356,PROD-0090,2023-06-28,defective,21.71,pending
RET-001285,ORD-005793,CUST-02688,PROD-0052,2023-06-19,defective,157.18,approved
RET-001286,ORD-005798,CUST-01689,PROD-0090,2023-06-21,defective,21.72,approved
RET-001287,ORD-005810,CUST-02716,PROD-0133,2023-07-07,defective,142.92,approved
RET-001288,ORD-005811,CUST-01286,PROD-0092,2023-06-23,wrong_item,49.06,pending
RET-001289,ORD-005812,CUST-02453,PROD-0026,2023-06-25,other,60.97,approved
RET-001290,ORD-005815,CUST-01266,PROD-0147,2023-06-21,changed_mind,94.95,approved
RET-001291,ORD-005823,CUST-01496,PROD-0039,2023-07-03,defective,4.99,approved
RET-001292,ORD-005827,CUST-02661,PROD-0135,2023-06-27,changed_mind,37.97,approved
RET-001293,ORD-005831,CUST-02901,PROD-0107,2023-06-26,defective,215.21,approved
RET-001294,ORD-005833,CUST-01444,PROD-0048,2023-07-12,defective,154.77,approved
RET-001295,ORD-005836,CUST-01529,PROD-0087,2023-06-22,wrong_item,54.0,approved
RET-001296,ORD-005840,CUST-02035,PROD-0013,2023-06-27,changed_mind,145.64,approved
RET-001297,ORD-005843,CUST-00105,PROD-0139,2023-07-15,defective,23.68,rejected
RET-001298,ORD-005847,CUST-00458,PROD-0019,2023-07-17,wrong_item,57.74,approved
RET-001299,ORD-005853,CUST-01643,PROD-0138,2023-06-29,defective,24.03,approved
RET-001300,ORD-005856,CUST-01026,PROD-0077,2023-07-09,defective,25.82,approved
RET-001301,ORD-005862,CUST-01144,PROD-0142,2023-07-03,changed_mind,25.23,approved
RET-001302,ORD-005876,CUST-00718,PROD-0149,2023-07-01,changed_mind,28.22,approved
RET-001303,ORD-005883,CUST-00156,PROD-0021,2023-07-27,not_as_described,132.14,approved
RET-001304,ORD-005884,CUST-00649,PROD-0141,2023-06-25,changed_mind,397.35,pending
RET-001305,ORD-005891,CUST-02429,PROD-0085,2023-07-03,defective,114.9,approved
RET-001306,ORD-005897,CUST-02886,PROD-0019,2023-06-26,defective,100.8,approved
RET-001307,ORD-005898,CUST-01050,PROD-0107,2023-06-24,defective,210.89,approved
RET-001308,ORD-005899,CUST-01489,PROD-0150,2023-07-01,defective,54.01,approved
RET-001309,ORD-005900,CUST-02796,PROD-0018,2023-07-02,not_as_described,47.91,approved
RET-001310,ORD-005901,CUST-00808,PROD-0004,2023-06-28,not_as_described,34.39,approved
RET-001311,ORD-005903,CUST-00483,PROD-0007,2023-06-29,changed_mind,11.15,approved
RET-001312,ORD-005904,CUST-00880,PROD-0037,2023-07-04,not_as_described,161.4,approved
RET-001313,ORD-005906,CUST-01450,PROD-0119,2023-06-23,defective,46.31,rejected
RET-001314,ORD-005912,CUST-01912,PROD-0032,2023-06-23,defective,39.23,approved
RET-001315,ORD-005917,CUST-00590,PROD-0026,2023-06-30,defective,39.11,approved
RET-001316,ORD-005922,CUST-01419,PROD-0068,2023-07-02,defective,11.41,approved
RET-001317,ORD-005926,CUST-01477,PROD-0037,2023-06-26,changed_mind,85.66,approved
RET-001318,ORD-005927,CUST-00541,PROD-0117,2023-07-02,defective,22.6,rejected
RET-001319,ORD-005929,CUST-00565,PROD-0144,2023-06-28,not_as_described,89.44,approved
RET-001320,ORD-005932,CUST-01351,PROD-0133,2023-07-11,defective,115.5,approved
RET-001321,ORD-005934,CUST-02889,PROD-0073,2023-06-25,changed_mind,7.84,approved
RET-001322,ORD-005937,CUST-00881,PROD-0003,2023-07-05,not_as_described,245.52,approved
RET-001323,ORD-005938,CUST-02153,PROD-0062,2023-06-25,defective,12.23,approved
RET-001324,ORD-005947,CUST-00559,PROD-0065,2023-07-14,changed_mind,19.99,approved
RET-001325,ORD-005950,CUST-02204,PROD-0132,2023-08-04,other,27.55,approved
RET-001326,ORD-005952,CUST-00152,PROD-0012,2023-06-23,defective,35.88,approved
RET-001327,ORD-005954,CUST-01500,PROD-0149,2023-07-19,changed_mind,29.12,approved
RET-001328,ORD-005957,CUST-00744,PROD-0044,2023-07-10,defective,73.38,approved
RET-001329,ORD-005963,CUST-00169,PROD-0120,2023-06-26,other,68.78,approved
RET-001330,ORD-005973,CUST-01635,PROD-0033,2023-06-24,changed_mind,17.73,approved
RET-001331,ORD-005980,CUST-02242,PROD-0135,2023-07-12,not_as_described,18.75,approved
RET-001332,ORD-005985,CUST-02085,PROD-0067,2023-06-28,defective,68.84,approved
RET-001333,ORD-005986,CUST-01675,PROD-0044,2023-07-14,defective,22.96,approved
RET-001334,ORD-005987,CUST-01736,PROD-0141,2023-07-08,defective,124.91,approved
RET-001335,ORD-005992,CUST-01321,PROD-0076,2023-06-26,defective,76.56,approved
RET-001336,ORD-005996,CUST-01247,PROD-0068,2023-06-27,defective,10.12,rejected
RET-001337,ORD-005997,CUST-00857,PROD-0056,2023-07-03,other,62.01,approved
RET-001338,ORD-006001,CUST-02004,PROD-0001,2023-07-05,defective,44.97,pending
RET-001339,ORD-006005,CUST-01911,PROD-0084,2023-06-28,changed_mind,159.16,approved
RET-001340,ORD-006006,CUST-01013,PROD-0030,2023-06-29,wrong_item,39.52,approved
RET-001341,ORD-006009,CUST-00592,PROD-0012,2023-07-13,defective,31.2,approved
RET-001342,ORD-006012,CUST-02571,PROD-0058,2023-07-05,changed_mind,16.48,approved
RET-001343,ORD-006013,CUST-00889,PROD-0102,2023-06-30,not_as_described,62.66,approved
RET-001344,ORD-006017,CUST-01651,PROD-0074,2023-07-01,other,88.88,approved
RET-001345,ORD-006020,CUST-02157,PROD-0063,2023-07-01,changed_mind,7.77,pending
RET-001346,ORD-006021,CUST-01503,PROD-0117,2023-07-06,defective,63.33,approved
RET-001347,ORD-006023,CUST-02017,PROD-0087,2023-07-09,defective,28.48,approved
RET-001348,ORD-006025,CUST-00991,PROD-0095,2023-06-26,wrong_item,83.26,approved
RET-001349,ORD-006036,CUST-01014,PROD-0006,2023-06-29,wrong_item,20.0,approved
RET-001350,ORD-006043,CUST-01340,PROD-0088,2023-06-26,changed_mind,38.41,approved
RET-001351,ORD-006045,CUST-01304,PROD-0059,2023-06-30,defective,19.34,pending
RET-001352,ORD-006049,CUST-02874,PROD-0001,2023-06-29,defective,46.62,approved
RET-001353,ORD-006055,CUST-00634,PROD-0005,2023-06-30,not_as_described,83.36,approved
RET-001354,ORD-006060,CUST-00600,PROD-0069,2023-07-11,changed_mind,29.08,rejected
RET-001355,ORD-006065,CUST-00761,PROD-0033,2023-07-09,defective,18.49,approved
RET-001356,ORD-006066,CUST-00986,PROD-0084,2023-07-02,defective,158.64,approved
RET-001357,ORD-006068,CUST-01739,PROD-0028,2023-06-30,defective,241.17,approved
RET-001358,ORD-006069,CUST-01587,PROD-0087,2023-07-08,defective,26.08,approved
RET-001359,ORD-006070,CUST-00314,PROD-0009,2023-06-28,wrong_item,15.93,approved
RET-001360,ORD-006072,CUST-01517,PROD-0128,2023-07-12,changed_mind,38.6,approved
RET-001361,ORD-006073,CUST-01842,PROD-0051,2023-07-01,not_as_described,42.55,approved
RET-001362,ORD-006076,CUST-01350,PROD-0139,2023-07-01,defective,35.35,approved
RET-001363,ORD-006082,CUST-00329,PROD-0060,2023-07-02,defective,64.47,approved
RET-001364,ORD-006088,CUST-00417,PROD-0084,2023-07-25,wrong_item,81.84,approved
RET-001365,ORD-006089,CUST-01578,PROD-0053,2023-06-29,changed_mind,135.04,rejected
RET-001366,ORD-006100,CUST-01749,PROD-0109,2023-06-30,defective,36.18,approved
RET-001367,ORD-006106,CUST-01148,PROD-0132,2023-06-28,defective,85.26,approved
RET-001368,ORD-006114,CUST-02742,PROD-0099,2023-07-02,not_as_described,16.68,approved
RET-001369,ORD-006115,CUST-00961,PROD-0085,2023-07-06,defective,37.66,approved
RET-001370,ORD-006124,CUST-00294,PROD-0148,2023-06-30,changed_mind,45.16,approved
RET-001371,ORD-006135,CUST-01843,PROD-0051,2023-07-05,changed_mind,38.91,approved
RET-001372,ORD-006137,CUST-00728,PROD-0123,2023-07-09,changed_mind,99.18,pending
RET-001373,ORD-006138,CUST-01097,PROD-0118,2023-07-04,defective,53.8,rejected
RET-001374,ORD-006141,CUST-01212,PROD-0136,2023-07-11,defective,30.91,rejected
RET-001375,ORD-006146,CUST-01605,PROD-0138,2023-07-17,changed_mind,101.04,approved
RET-001376,ORD-006153,CUST-01616,PROD-0051,2023-07-06,not_as_described,39.93,rejected
RET-001377,ORD-006163,CUST-02702,PROD-0050,2023-07-04,defective,14.01,approved
RET-001378,ORD-006168,CUST-00005,PROD-0133,2023-06-30,defective,35.83,approved
RET-001379,ORD-006169,CUST-01446,PROD-0123,2023-07-01,wrong_item,53.92,pending
RET-001380,ORD-006173,CUST-01282,PROD-0136,2023-07-04,changed_mind,26.93,approved
RET-001381,ORD-006178,CUST-01263,PROD-0004,2023-07-06,wrong_item,62.7,approved
RET-001382,ORD-006181,CUST-00964,PROD-0138,2023-06-29,changed_mind,37.01,approved
RET-001383,ORD-006187,CUST-02359,PROD-0133,2023-07-01,defective,37.68,approved
RET-001384,ORD-006188,CUST-02458,PROD-0110,2023-07-13,wrong_item,403.98,approved
RET-001385,ORD-006196,CUST-01666,PROD-0044,2023-07-05,other,22.75,approved
RET-001386,ORD-006197,CUST-02186,PROD-0021,2023-07-12,defective,67.26,approved
RET-001387,ORD-006203,CUST-01904,PROD-0087,2023-07-01,changed_mind,26.94,approved
RET-001388,ORD-006204,CUST-01082,PROD-0052,2023-07-10,not_as_described,76.2,approved
RET-001389,ORD-006207,CUST-00269,PROD-0066,2023-07-08,defective,40.73,approved
RET-001390,ORD-006213,CUST-01365,PROD-0003,2023-07-09,wrong_item,117.24,rejected
RET-001391,ORD-006217,CUST-01721,PROD-0109,2023-07-10,defective,20.12,rejected
RET-001392,ORD-006220,CUST-01516,PROD-0113,2023-07-04,wrong_item,57.39,pending
RET-001393,ORD-006221,CUST-00904,PROD-0004,2023-07-05,defective,68.06,approved
RET-001394,ORD-006229,CUST-00915,PROD-0006,2023-07-20,defective,21.42,approved
RET-001395,ORD-006233,CUST-01255,PROD-0118,2023-07-16,defective,107.74,approved
RET-001396,ORD-006236,CUST-02751,PROD-0054,2023-07-04,changed_mind,42.35,approved
RET-001397,ORD-006240,CUST-00653,PROD-0007,2023-07-04,other,23.74,approved
RET-001398,ORD-006253,CUST-02795,PROD-0009,2023-07-16,defective,14.61,approved
RET-001399,ORD-006254,CUST-01867,PROD-0103,2023-07-02,not_as_described,35.35,approved
RET-001400,ORD-006257,CUST-00013,PROD-0046,2023-07-16,defective,74.92,rejected
RET-001401,ORD-006265,CUST-00238,PROD-0107,2023-07-21,defective,138.9,approved
RET-001402,ORD-006266,CUST-01024,PROD-0087,2023-07-09,changed_mind,24.53,approved
RET-001403,ORD-006268,CUST-01577,PROD-0090,2023-07-13,defective,24.53,rejected
RET-001404,ORD-006272,CUST-02393,PROD-0081,2023-07-09,defective,100.32,rejected
RET-001405,ORD-006278,CUST-01181,PROD-0029,2023-07-08,wrong_item,20.0,rejected
RET-001406,ORD-006282,CUST-02542,PROD-0113,2023-07-25,changed_mind,26.14,approved
RET-001407,ORD-006289,CUST-01649,PROD-0035,2023-07-09,changed_mind,23.77,approved
RET-001408,ORD-006302,CUST-01095,PROD-0060,2023-07-05,changed_mind,63.05,approved
RET-001409,ORD-006309,CUST-00295,PROD-0067,2023-07-11,defective,127.4,approved
RET-001410,ORD-006310,CUST-00043,PROD-0005,2023-08-19,not_as_described,20.79,approved
RET-001411,ORD-006315,CUST-02651,PROD-0120,2023-07-07,changed_mind,70.13,approved
RET-001412,ORD-006323,CUST-00090,PROD-0149,2023-07-12,defective,55.44,approved
RET-001413,ORD-006324,CUST-01943,PROD-0147,2023-07-07,changed_mind,89.88,approved
RET-001414,ORD-006345,CUST-01057,PROD-0047,2023-07-15,changed_mind,4.81,approved
RET-001415,ORD-006346,CUST-00843,PROD-0107,2023-07-12,defective,732.0,rejected
RET-001416,ORD-006360,CUST-02894,PROD-0123,2023-07-07,defective,46.3,approved
RET-001417,ORD-006363,CUST-01806,PROD-0034,2023-07-13,changed_mind,53.47,approved
RET-001418,ORD-006368,CUST-00666,PROD-0117,2023-07-08,changed_mind,20.81,pending
RET-001419,ORD-006378,CUST-02720,PROD-0067,2023-07-14,changed_mind,250.41,pending
RET-001420,ORD-006379,CUST-00904,PROD-0019,2023-07-06,not_as_described,52.13,rejected
RET-001421,ORD-006389,CUST-02875,PROD-0118,2023-07-14,defective,116.11,approved
RET-001422,ORD-006390,CUST-02959,PROD-0126,2023-07-10,changed_mind,173.35,approved
RET-001423,ORD-006394,CUST-02583,PROD-0041,2023-07-17,changed_mind,44.86,approved
RET-001424,ORD-006398,CUST-01758,PROD-0042,2023-07-23,wrong_item,37.28,approved
RET-001425,ORD-006403,CUST-01507,PROD-0053,2023-07-12,not_as_described,73.59,approved
RET-001426,ORD-006411,CUST-01283,PROD-0091,2023-07-20,changed_mind,20.48,approved
RET-001427,ORD-006412,CUST-02572,PROD-0122,2023-07-09,changed_mind,82.36,approved
RET-001428,ORD-006416,CUST-00595,PROD-0033,2023-07-21,changed_mind,17.8,approved
RET-001429,ORD-006418,CUST-01856,PROD-0032,2023-07-18,not_as_described,77.36,approved
RET-001430,ORD-006422,CUST-00781,PROD-0107,2023-07-21,changed_mind,213.95,rejected
RET-001431,ORD-006424,CUST-00123,PROD-0126,2023-07-25,defective,134.43,rejected
RET-001432,ORD-006425,CUST-00788,PROD-0129,2023-07-15,other,39.71,approved
RET-001433,ORD-006433,CUST-02542,PROD-0014,2023-07-10,wrong_item,11.18,approved
RET-001434,ORD-006436,CUST-00490,PROD-0109,2023-07-22,changed_mind,36.44,approved
RET-001435,ORD-006442,CUST-02873,PROD-0034,2023-08-03,not_as_described,50.85,approved
RET-001436,ORD-006454,CUST-00248,PROD-0105,2023-07-09,wrong_item,22.97,approved
RET-001437,ORD-006455,CUST-02620,PROD-0031,2023-07-12,changed_mind,30.16,approved
RET-001438,ORD-006458,CUST-01137,PROD-0143,2023-07-12,other,44.91,rejected
RET-001439,ORD-006465,CUST-00400,PROD-0032,2023-07-20,changed_mind,270.52,approved
RET-001440,ORD-006466,CUST-00703,PROD-0119,2023-07-20,changed_mind,46.88,approved
RET-001441,ORD-006467,CUST-01632,PROD-0117,2023-07-17,defective,23.19,approved
RET-001442,ORD-006470,CUST-01219,PROD-0045,2023-07-27,other,96.69,approved
RET-001443,ORD-006474,CUST-01185,PROD-0021,2023-07-17,defective,73.27,rejected
RET-001444,ORD-006483,CUST-00343,PROD-0109,2023-07-16,defective,39.16,approved
RET-001445,ORD-006484,CUST-01836,PROD-0106,2023-07-15,not_as_described,21.95,rejected
RET-001446,ORD-006487,CUST-02980,PROD-0061,2023-07-17,changed_mind,16.55,approved
RET-001447,ORD-006488,CUST-00463,PROD-0078,2023-07-22,defective,89.16,approved
RET-001448,ORD-006495,CUST-00904,PROD-0016,2023-07-31,defective,22.05,approved
RET-001449,ORD-006496,CUST-00448,PROD-0069,2023-07-18,changed_mind,55.0,approved
RET-001450,ORD-006499,CUST-01702,PROD-0074,2023-07-18,not_as_described,47.82,approved
RET-001451,ORD-006505,CUST-02796,PROD-0127,2023-07-29,changed_mind,129.9,approved
RET-001452,ORD-006507,CUST-01832,PROD-0028,2023-07-13,defective,264.65,approved
RET-001453,ORD-006509,CUST-00333,PROD-0126,2023-07-31,not_as_described,127.58,approved
RET-001454,ORD-006515,CUST-01318,PROD-0030,2023-07-22,changed_mind,99.58,approved
RET-001455,ORD-006520,CUST-02627,PROD-0119,2023-07-12,defective,46.01,approved
RET-001456,ORD-006524,CUST-01089,PROD-0022,2023-07-24,defective,43.38,rejected
RET-001457,ORD-006530,CUST-01068,PROD-0149,2023-07-15,changed_mind,20.74,approved
RET-001458,ORD-006539,CUST-01841,PROD-0052,2023-07-17,defective,80.2,approved
RET-001459,ORD-006543,CUST-02246,PROD-0006,2023-07-17,defective,20.47,approved
RET-001460,ORD-006555,CUST-01725,PROD-0044,2023-07-15,changed_mind,21.45,approved
RET-001461,ORD-006558,CUST-01053,PROD-0104,2023-08-11,not_as_described,25.49,approved
RET-001462,ORD-006559,CUST-00371,PROD-0021,2023-07-28,defective,146.96,approved
RET-001463,ORD-006564,CUST-00424,PROD-0014,2023-07-17,not_as_described,11.3,approved
RET-001464,ORD-006566,CUST-00379,PROD-0001,2023-07-24,other,130.65,approved
RET-001465,ORD-006567,CUST-01370,PROD-0022,2023-07-15,changed_mind,49.29,approved
RET-001466,ORD-006568,CUST-02199,PROD-0139,2023-08-08,not_as_described,36.26,rejected
RET-001467,ORD-006570,CUST-01775,PROD-0146,2023-07-19,changed_mind,112.27,approved
RET-001468,ORD-006572,CUST-01351,PROD-0138,2023-07-30,changed_mind,55.51,approved
RET-001469,ORD-006584,CUST-01974,PROD-0142,2023-07-19,other,27.2,pending
RET-001470,ORD-006594,CUST-02634,PROD-0090,2023-07-17,defective,63.87,approved
RET-001471,ORD-006599,CUST-02515,PROD-0123,2023-07-22,defective,100.26,approved
RET-001472,ORD-006603,CUST-01974,PROD-0116,2023-07-19,not_as_described,27.19,approved
RET-001473,ORD-006606,CUST-00823,PROD-0076,2023-07-19,not_as_described,50.44,approved
RET-001474,ORD-006607,CUST-01577,PROD-0020,2023-07-18,changed_mind,146.76,approved
RET-001475,ORD-006616,CUST-00902,PROD-0028,2023-07-25,defective,244.88,approved
RET-001476,ORD-006618,CUST-00819,PROD-0094,2023-07-17,defective,7.7,approved
RET-001477,ORD-006619,CUST-00186,PROD-0019,2023-07-18,not_as_described,53.09,approved
RET-001478,ORD-006625,CUST-02271,PROD-0117,2023-07-16,defective,22.41,approved
RET-001479,ORD-006628,CUST-01017,PROD-0052,2023-07-17,defective,83.36,approved
RET-001480,ORD-006639,CUST-00567,PROD-0052,2023-07-20,defective,175.94,rejected
RET-001481,ORD-006640,CUST-00090,PROD-0074,2023-07-15,defective,101.42,rejected
RET-001482,ORD-006642,CUST-01049,PROD-0100,2023-07-17,changed_mind,17.44,approved
RET-001483,ORD-006643,CUST-01057,PROD-0021,2023-07-14,defective,70.96,approved
RET-001484,ORD-006645,CUST-00824,PROD-0057,2023-07-16,changed_mind,24.13,pending
RET-001485,ORD-006654,CUST-02574,PROD-0037,2023-07-18,defective,43.58,approved
RET-001486,ORD-006665,CUST-01118,PROD-0138,2023-07-17,changed_mind,52.95,approved
RET-001487,ORD-006666,CUST-02891,PROD-0137,2023-07-15,not_as_described,168.36,rejected
RET-001488,ORD-006668,CUST-01220,PROD-0085,2023-07-16,defective,38.08,approved
RET-001489,ORD-006669,CUST-02266,PROD-0051,2023-08-02,changed_mind,41.62,approved
RET-001490,ORD-006672,CUST-00873,PROD-0043,2023-07-30,changed_mind,61.2,approved
RET-001491,ORD-006685,CUST-02865,PROD-0050,2023-07-18,defective,14.78,approved
RET-001492,ORD-006686,CUST-00707,PROD-0082,2023-08-01,defective,13.44,approved
RET-001493,ORD-006689,CUST-02147,PROD-0084,2023-07-21,other,73.81,approved
RET-001494,ORD-006698,CUST-01753,PROD-0005,2023-07-23,wrong_item,16.86,approved
RET-001495,ORD-006699,CUST-01220,PROD-0132,2023-07-26,wrong_item,29.47,approved
RET-001496,ORD-006700,CUST-01448,PROD-0120,2023-07-19,changed_mind,68.0,rejected
RET-001497,ORD-006703,CUST-00496,PROD-0135,2023-07-19,changed_mind,39.05,approved
RET-001498,ORD-006709,CUST-00072,PROD-0096,2023-07-29,defective,58.5,approved
RET-001499,ORD-006710,CUST-01836,PROD-0006,2023-07-21,defective,21.95,approved
RET-001500,ORD-006712,CUST-01580,PROD-0040,2023-07-24,defective,28.36,approved
RET-001501,ORD-006713,CUST-00070,PROD-0112,2023-07-26,defective,19.24,approved
RET-001502,ORD-006714,CUST-00910,PROD-0042,2023-07-26,defective,37.51,approved
RET-001503,ORD-006716,CUST-01306,PROD-0015,2023-07-25,wrong_item,147.29,approved
RET-001504,ORD-006718,CUST-02488,PROD-0014,2023-07-26,changed_mind,5.27,approved
RET-001505,ORD-006726,CUST-00921,PROD-0036,2023-08-05,not_as_described,114.68,approved
RET-001506,ORD-006734,CUST-02315,PROD-0138,2023-07-28,not_as_described,55.35,rejected
RET-001507,ORD-006736,CUST-00118,PROD-0034,2023-08-02,wrong_item,48.41,approved
RET-001508,ORD-006737,CUST-00025,PROD-0150,2023-07-27,defective,50.88,approved
RET-001509,ORD-006740,CUST-00781,PROD-0103,2023-07-26,defective,36.22,approved
RET-001510,ORD-006751,CUST-02957,PROD-0141,2023-07-19,wrong_item,271.2,approved
RET-001511,ORD-006756,CUST-02320,PROD-0105,2023-07-29,defective,21.45,approved
RET-001512,ORD-006760,CUST-02473,PROD-0011,2023-07-26,wrong_item,10.41,rejected
RET-001513,ORD-006762,CUST-02171,PROD-0054,2023-08-07,changed_mind,25.64,approved
RET-001514,ORD-006765,CUST-01477,PROD-0013,2023-07-31,defective,72.27,rejected
RET-001515,ORD-006766,CUST-01913,PROD-0101,2023-08-03,defective,37.24,approved
RET-001516,ORD-006767,CUST-00587,PROD-0028,2023-07-26,defective,241.05,approved
RET-001517,ORD-006769,CUST-02650,PROD-0067,2023-07-22,defective,88.66,approved
RET-001518,ORD-006773,CUST-01243,PROD-0052,2023-07-19,defective,78.07,approved
RET-001519,ORD-006778,CUST-02762,PROD-0051,2023-07-19,changed_mind,37.38,approved
RET-001520,ORD-006780,CUST-02338,PROD-0079,2023-08-07,defective,42.53,approved
RET-001521,ORD-006789,CUST-02940,PROD-0103,2023-07-23,defective,34.26,approved
RET-001522,ORD-006794,CUST-01858,PROD-0138,2023-07-30,changed_mind,51.72,approved
RET-001523,ORD-006801,CUST-01032,PROD-0033,2023-07-30,defective,18.55,approved
RET-001524,ORD-006802,CUST-02612,PROD-0031,2023-07-30,wrong_item,33.8,approved
RET-001525,ORD-006804,CUST-02619,PROD-0078,2023-07-25,defective,87.92,approved
RET-001526,ORD-006812,CUST-01280,PROD-0049,2023-07-20,changed_mind,47.14,approved
RET-001527,ORD-006814,CUST-01030,PROD-0025,2023-07-28,changed_mind,140.88,approved
RET-001528,ORD-006822,CUST-01621,PROD-0018,2023-07-23,changed_mind,94.4,rejected
RET-001529,ORD-006826,CUST-02852,PROD-0068,2023-08-09,changed_mind,9.93,approved
RET-001530,ORD-006827,CUST-02772,PROD-0002,2023-07-22,wrong_item,27.94,approved
RET-001531,ORD-006829,CUST-02179,PROD-0114,2023-08-15,changed_mind,5.73,approved
RET-001532,ORD-006835,CUST-02534,PROD-0055,2023-07-28,wrong_item,65.45,approved
RET-001533,ORD-006839,CUST-00826,PROD-0097,2023-07-21,defective,42.82,approved
RET-001534,ORD-006842,CUST-02234,PROD-0133,2023-07-25,defective,39.52,approved
RET-001535,ORD-006847,CUST-00305,PROD-0056,2023-07-23,changed_mind,60.46,approved
RET-001536,ORD-006854,CUST-02258,PROD-0060,2023-08-02,defective,115.68,approved
RET-001537,ORD-006861,CUST-00159,PROD-0109,2023-07-28,defective,20.35,approved
RET-001538,ORD-006862,CUST-00472,PROD-0142,2023-07-25,defective,52.3,approved
RET-001539,ORD-006866,CUST-00218,PROD-0030,2023-07-24,changed_mind,108.11,approved
RET-001540,ORD-006867,CUST-02402,PROD-0078,2023-07-28,defective,28.35,approved
RET-001541,ORD-006869,CUST-01324,PROD-0076,2023-07-30,defective,26.39,approved
RET-001542,ORD-006872,CUST-02380,PROD-0074,2023-09-09,changed_mind,48.85,approved
RET-001543,ORD-006876,CUST-00252,PROD-0094,2023-07-27,defective,23.34,approved
RET-001544,ORD-006879,CUST-00829,PROD-0017,2023-07-31,defective,35.17,approved
RET-001545,ORD-006880,CUST-01174,PROD-0113,2023-07-24,other,120.3,approved
RET-001546,ORD-006883,CUST-00207,PROD-0149,2023-08-15,changed_mind,28.81,approved
RET-001547,ORD-006886,CUST-02910,PROD-0124,2023-07-30,defective,81.81,pending
RET-001548,ORD-006899,CUST-00146,PROD-0052,2023-07-27,defective,175.18,approved
RET-001549,ORD-006902,CUST-01746,PROD-0052,2023-07-27,defective,78.82,approved
RET-001550,ORD-006904,CUST-02904,PROD-0069,2023-07-29,other,30.76,approved
RET-001551,ORD-006908,CUST-00352,PROD-0029,2023-07-30,not_as_described,78.52,rejected
RET-001552,ORD-006912,CUST-00624,PROD-0078,2023-08-02,defective,45.75,approved
RET-001553,ORD-006914,CUST-01745,PROD-0060,2023-07-27,changed_mind,240.36,approved
RET-001554,ORD-006916,CUST-02564,PROD-0103,2023-08-02,changed_mind,32.4,approved
RET-001555,ORD-006921,CUST-01136,PROD-0036,2023-07-24,changed_mind,104.03,approved
RET-001556,ORD-006922,CUST-01727,PROD-0150,2023-07-23,defective,53.8,approved
RET-001557,ORD-006929,CUST-02981,PROD-0124,2023-07-25,changed_mind,82.88,approved
RET-001558,ORD-006931,CUST-00123,PROD-0121,2023-07-31,wrong_item,41.04,approved
RET-001559,ORD-006932,CUST-00118,PROD-0091,2023-08-08,wrong_item,10.7,approved
RET-001560,ORD-006933,CUST-00499,PROD-0052,2023-07-24,changed_mind,87.27,approved
RET-001561,ORD-006938,CUST-01172,PROD-0028,2023-08-19,defective,487.62,approved
RET-001562,ORD-006939,CUST-01849,PROD-0093,2023-08-06,wrong_item,36.9,approved
RET-001563,ORD-006940,CUST-02991,PROD-0144,2023-07-25,wrong_item,15.09,approved
RET-001564,ORD-006949,CUST-02554,PROD-0041,2023-08-05,defective,172.4,approved
RET-001565,ORD-006954,CUST-01585,PROD-0126,2023-08-02,changed_mind,263.08,approved
RET-001566,ORD-006961,CUST-00340,PROD-0033,2023-07-28,wrong_item,33.86,approved
RET-001567,ORD-006963,CUST-01435,PROD-0015,2023-08-05,changed_mind,313.86,approved
RET-001568,ORD-006966,CUST-02484,PROD-0002,2023-07-26,not_as_described,25.88,approved
RET-001569,ORD-006967,CUST-02141,PROD-0036,2023-08-08,changed_mind,105.15,approved
RET-001570,ORD-006969,CUST-01616,PROD-0074,2023-07-31,not_as_described,51.99,approved
RET-001571,ORD-006973,CUST-00927,PROD-0125,2023-08-01,defective,33.54,approved
RET-001572,ORD-006974,CUST-02170,PROD-0033,2023-07-30,defective,36.94,approved
RET-001573,ORD-006977,CUST-02029,PROD-0020,2023-08-22,changed_mind,36.09,rejected
RET-001574,ORD-006980,CUST-00397,PROD-0053,2023-08-03,defective,67.09,rejected
RET-001575,ORD-006981,CUST-01244,PROD-0150,2023-07-30,defective,46.26,pending
RET-001576,ORD-006985,CUST-02304,PROD-0132,2023-08-17,defective,29.16,approved
RET-001577,ORD-006989,CUST-01015,PROD-0146,2023-08-01,changed_mind,223.14,approved
RET-001578,ORD-007003,CUST-01432,PROD-0004,2023-07-26,defective,32.59,approved
RET-001579,ORD-007008,CUST-00899,PROD-0051,2023-07-30,not_as_described,37.64,approved
RET-001580,ORD-007009,CUST-02512,PROD-0100,2023-08-02,wrong_item,34.32,approved
RET-001581,ORD-007011,CUST-01435,PROD-0022,2023-07-27,defective,48.48,approved
RET-001582,ORD-007013,CUST-00670,PROD-0105,2023-08-14,defective,20.07,approved
RET-001583,ORD-007019,CUST-01603,PROD-0024,2023-08-11,changed_mind,38.68,approved
RET-001584,ORD-007020,CUST-02893,PROD-0076,2023-07-29,defective,26.81,approved
RET-001585,ORD-007028,CUST-00324,PROD-0141,2023-08-04,wrong_item,394.17,approved
RET-001586,ORD-007030,CUST-01472,PROD-0100,2023-07-28,other,15.67,rejected
RET-001587,ORD-007033,CUST-01344,PROD-0137,2023-08-08,defective,174.81,approved
RET-001588,ORD-007037,CUST-00899,PROD-0021,2023-08-02,changed_mind,64.56,approved
RET-001589,ORD-007038,CUST-01616,PROD-0071,2023-08-03,defective,89.1,rejected
RET-001590,ORD-007054,CUST-00020,PROD-0150,2023-08-23,defective,145.26,approved
RET-001591,ORD-007056,CUST-02833,PROD-0099,2023-08-08,changed_mind,69.24,approved
RET-001592,ORD-007060,CUST-02041,PROD-0111,2023-08-08,defective,46.29,approved
RET-001593,ORD-007068,CUST-01259,PROD-0135,2023-08-06,changed_mind,25.7,approved
RET-001594,ORD-007071,CUST-02258,PROD-0053,2023-07-28,wrong_item,74.07,approved
RET-001595,ORD-007073,CUST-02327,PROD-0044,2023-07-27,changed_mind,33.02,approved
RET-001596,ORD-007076,CUST-00825,PROD-0129,2023-08-06,changed_mind,31.92,approved
RET-001597,ORD-007078,CUST-01615,PROD-0030,2023-08-01,defective,100.06,rejected
RET-001598,ORD-007081,CUST-00342,PROD-0008,2023-08-28,changed_mind,99.8,approved
RET-001599,ORD-007083,CUST-01833,PROD-0043,2023-07-28,changed_mind,64.39,approved
RET-001600,ORD-007089,CUST-02320,PROD-0078,2023-08-03,changed_mind,40.83,approved
RET-001601,ORD-007090,CUST-02662,PROD-0109,2023-08-07,defective,38.04,approved
RET-001602,ORD-007094,CUST-02819,PROD-0094,2023-08-02,wrong_item,15.68,approved
RET-001603,ORD-007102,CUST-01165,PROD-0123,2023-07-31,defective,47.31,approved
RET-001604,ORD-007103,CUST-00518,PROD-0037,2023-07-30,changed_mind,44.3,approved
RET-001605,ORD-007110,CUST-01547,PROD-0150,2023-07-27,defective,48.53,approved
RET-001606,ORD-007111,CUST-02980,PROD-0120,2023-08-06,other,63.58,approved
RET-001607,ORD-007112,CUST-02150,PROD-0068,2023-08-13,defective,10.48,approved
RET-001608,ORD-007116,CUST-02329,PROD-0028,2023-08-06,defective,252.59,approved
RET-001609,ORD-007119,CUST-02773,PROD-0087,2023-08-04,defective,27.81,approved
RET-001610,ORD-007123,CUST-02423,PROD-0023,2023-08-20,other,251.8,approved
RET-001611,ORD-007125,CUST-01033,PROD-0113,2023-08-08,not_as_described,259.2,approved
RET-001612,ORD-007126,CUST-02187,PROD-0061,2023-08-24,not_as_described,57.56,approved
RET-001613,ORD-007128,CUST-00304,PROD-0132,2023-08-01,defective,23.56,approved
RET-001614,ORD-007130,CUST-00026,PROD-0018,2023-08-07,defective,50.85,approved
RET-001615,ORD-007131,CUST-02817,PROD-0047,2023-07-31,wrong_item,4.9,approved
RET-001616,ORD-007135,CUST-01872,PROD-0095,2023-08-10,changed_mind,83.82,approved
RET-001617,ORD-007137,CUST-00015,PROD-0053,2023-08-10,changed_mind,70.04,approved
RET-001618,ORD-007138,CUST-00743,PROD-0053,2023-08-20,defective,144.78,rejected
RET-001619,ORD-007143,CUST-00166,PROD-0038,2023-08-03,defective,62.04,rejected
RET-001620,ORD-007153,CUST-00714,PROD-0091,2023-08-12,defective,9.29,approved
RET-001621,ORD-007156,CUST-02090,PROD-0118,2023-08-01,defective,108.73,approved
RET-001622,ORD-007160,CUST-00269,PROD-0101,2023-08-03,defective,20.07,approved
RET-001623,ORD-007162,CUST-01062,PROD-0096,2023-08-06,changed_mind,28.43,approved
RET-001624,ORD-007166,CUST-01727,PROD-0123,2023-08-09,defective,51.02,approved
RET-001625,ORD-007167,CUST-02858,PROD-0118,2023-08-07,defective,115.0,approved
RET-001626,ORD-007168,CUST-00990,PROD-0096,2023-08-15,defective,27.92,approved
RET-001627,ORD-007178,CUST-01079,PROD-0017,2023-08-01,defective,35.81,approved
RET-001628,ORD-007184,CUST-01872,PROD-0033,2023-08-02,defective,34.16,approved
RET-001629,ORD-007186,CUST-01810,PROD-0084,2023-08-20,defective,84.02,approved
RET-001630,ORD-007189,CUST-00177,PROD-0059,2023-07-31,changed_mind,17.98,approved
RET-001631,ORD-007195,CUST-01065,PROD-0127,2023-08-07,defective,65.29,approved
RET-001632,ORD-007196,CUST-00652,PROD-0064,2023-09-06,changed_mind,60.28,approved
RET-001633,ORD-007207,CUST-00369,PROD-0135,2023-08-19,changed_mind,39.27,approved
RET-001634,ORD-007210,CUST-02948,PROD-0036,2023-08-08,defective,112.81,rejected
RET-001635,ORD-007222,CUST-02612,PROD-0046,2023-08-16,defective,73.96,approved
RET-001636,ORD-007223,CUST-00909,PROD-0050,2023-08-11,defective,14.24,rejected
RET-001637,ORD-007227,CUST-00629,PROD-0072,2023-08-13,changed_mind,80.75,approved
RET-001638,ORD-007241,CUST-00260,PROD-0139,2023-08-16,defective,37.05,approved
RET-001639,ORD-007243,CUST-01563,PROD-0144,2023-08-10,changed_mind,65.85,approved
RET-001640,ORD-007245,CUST-00671,PROD-0122,2023-08-03,changed_mind,44.4,approved
RET-001641,ORD-007247,CUST-00523,PROD-0076,2023-08-05,defective,50.66,approved
RET-001642,ORD-007248,CUST-00286,PROD-0089,2023-08-04,defective,8.1,approved
RET-001643,ORD-007253,CUST-02422,PROD-0073,2023-08-06,defective,21.64,approved
RET-001644,ORD-007257,CUST-01681,PROD-0130,2023-08-10,defective,34.6,approved
RET-001645,ORD-007266,CUST-00337,PROD-0027,2023-08-21,changed_mind,15.48,approved
RET-001646,ORD-007277,CUST-00605,PROD-0102,2023-08-04,wrong_item,59.1,approved
RET-001647,ORD-007280,CUST-00713,PROD-0023,2023-08-13,wrong_item,115.18,approved
RET-001648,ORD-007283,CUST-00105,PROD-0110,2023-08-09,defective,442.03,approved
RET-001649,ORD-007295,CUST-02065,PROD-0075,2023-08-06,defective,74.73,approved
RET-001650,ORD-007297,CUST-00734,PROD-0046,2023-08-11,defective,167.8,approved
RET-001651,ORD-007298,CUST-02325,PROD-0124,2023-08-12,defective,259.23,approved
RET-001652,ORD-007299,CUST-00642,PROD-0044,2023-08-15,defective,22.65,approved
RET-001653,ORD-007307,CUST-00019,PROD-0052,2023-08-09,defective,76.14,approved
RET-001654,ORD-007311,CUST-02135,PROD-0057,2023-08-10,not_as_described,28.19,rejected
RET-001655,ORD-007312,CUST-01370,PROD-0072,2023-08-14,not_as_described,85.71,approved
RET-001656,ORD-007316,CUST-00359,PROD-0051,2023-08-14,defective,40.62,rejected
RET-001657,ORD-007321,CUST-01445,PROD-0032,2023-08-15,defective,71.38,approved
RET-001658,ORD-007323,CUST-00657,PROD-0039,2023-08-06,defective,5.21,approved
RET-001659,ORD-007326,CUST-01793,PROD-0064,2023-08-27,wrong_item,64.0,approved
RET-001660,ORD-007330,CUST-01666,PROD-0094,2023-08-09,defective,7.9,approved
RET-001661,ORD-007332,CUST-00679,PROD-0073,2023-08-15,changed_mind,20.4,rejected
RET-001662,ORD-007333,CUST-00602,PROD-0107,2023-08-07,defective,186.75,approved
RET-001663,ORD-007338,CUST-01334,PROD-0012,2023-08-10,not_as_described,33.3,approved
RET-001664,ORD-007342,CUST-01145,PROD-0080,2023-08-14,other,49.69,approved
RET-001665,ORD-007346,CUST-01446,PROD-0052,2023-08-18,defective,301.2,approved
RET-001666,ORD-007351,CUST-01873,PROD-0084,2023-08-18,defective,73.88,approved
RET-001667,ORD-007352,CUST-01323,PROD-0011,2023-08-07,defective,22.0,approved
RET-001668,ORD-007356,CUST-02648,PROD-0084,2023-08-08,defective,35.98,rejected
RET-001669,ORD-007358,CUST-02369,PROD-0096,2023-08-06,defective,61.64,approved
RET-001670,ORD-007362,CUST-00001,PROD-0139,2023-08-19,defective,36.82,approved
RET-001671,ORD-007370,CUST-00878,PROD-0046,2023-08-24,defective,78.22,approved
RET-001672,ORD-007373,CUST-00727,PROD-0019,2023-08-09,wrong_item,53.57,approved
RET-001673,ORD-007374,CUST-02405,PROD-0026,2023-08-15,defective,66.31,approved
RET-001674,ORD-007375,CUST-01383,PROD-0040,2023-08-12,changed_mind,79.74,approved
RET-001675,ORD-007378,CUST-02077,PROD-0145,2023-08-13,other,19.05,approved
RET-001676,ORD-007380,CUST-00415,PROD-0074,2023-08-16,wrong_item,50.74,pending
RET-001677,ORD-007394,CUST-01267,PROD-0090,2023-08-24,defective,44.08,approved
RET-001678,ORD-007396,CUST-01869,PROD-0093,2023-08-14,changed_mind,48.42,approved
RET-001679,ORD-007401,CUST-01894,PROD-0011,2023-08-22,wrong_item,23.2,approved
RET-001680,ORD-007407,CUST-02882,PROD-0109,2023-08-19,defective,18.95,approved
RET-001681,ORD-007410,CUST-02458,PROD-0147,2023-08-14,defective,180.22,approved
RET-001682,ORD-007414,CUST-00296,PROD-0078,2023-08-07,defective,44.11,approved
RET-001683,ORD-007416,CUST-02610,PROD-0038,2023-08-11,changed_mind,122.42,approved
RET-001684,ORD-007419,CUST-01125,PROD-0104,2023-08-08,wrong_item,28.34,approved
RET-001685,ORD-007422,CUST-01425,PROD-0007,2023-08-24,not_as_described,20.92,pending
RET-001686,ORD-007428,CUST-02956,PROD-0060,2023-08-14,wrong_item,44.14,approved
RET-001687,ORD-007429,CUST-02224,PROD-0094,2023-08-24,not_as_described,8.52,approved
RET-001688,ORD-007430,CUST-02534,PROD-0078,2023-08-09,defective,44.04,approved
RET-001689,ORD-007437,CUST-02217,PROD-0012,2023-09-01,defective,32.35,approved
RET-001690,ORD-007441,CUST-01268,PROD-0036,2023-08-16,wrong_item,111.39,approved
RET-001691,ORD-007443,CUST-00385,PROD-0004,2023-08-19,changed_mind,35.08,approved
RET-001692,ORD-007449,CUST-01888,PROD-0126,2023-08-13,wrong_item,130.89,approved
RET-001693,ORD-007453,CUST-01408,PROD-0144,2023-08-14,defective,22.22,approved
RET-001694,ORD-007458,CUST-01697,PROD-0016,2023-08-15,changed_mind,20.34,approved
RET-001695,ORD-007464,CUST-00718,PROD-0032,2023-08-10,defective,70.17,approved
RET-001696,ORD-007465,CUST-00258,PROD-0044,2023-08-25,defective,45.64,approved
RET-001697,ORD-007469,CUST-00339,PROD-0006,2023-08-08,defective,21.18,approved
RET-001698,ORD-007470,CUST-01970,PROD-0003,2023-08-09,not_as_described,117.15,approved
RET-001699,ORD-007475,CUST-00916,PROD-0035,2023-08-12,wrong_item,24.32,pending
RET-001700,ORD-007477,CUST-02392,PROD-0060,2023-08-13,changed_mind,59.53,approved
RET-001701,ORD-007480,CUST-01596,PROD-0038,2023-08-25,changed_mind,66.37,approved
RET-001702,ORD-007482,CUST-01343,PROD-0078,2023-08-18,defective,40.85,approved
RET-001703,ORD-007490,CUST-01958,PROD-0060,2023-08-10,defective,138.32,approved
RET-001704,ORD-007494,CUST-00876,PROD-0083,2023-08-12,defective,208.8,approved
RET-001705,ORD-007497,CUST-00652,PROD-0025,2023-08-11,other,618.68,approved
RET-001706,ORD-007499,CUST-00535,PROD-0092,2023-08-23,changed_mind,53.38,approved
RET-001707,ORD-007502,CUST-00854,PROD-0078,2023-08-17,wrong_item,94.04,approved
RET-001708,ORD-007505,CUST-02831,PROD-0059,2023-08-12,defective,36.58,approved
RET-001709,ORD-007506,CUST-02292,PROD-0128,2023-08-29,not_as_described,38.26,approved
RET-001710,ORD-007507,CUST-01274,PROD-0024,2023-08-18,changed_mind,50.03,rejected
RET-001711,ORD-007517,CUST-02307,PROD-0101,2023-09-13,changed_mind,11.65,approved
RET-001712,ORD-007519,CUST-01807,PROD-0021,2023-08-14,defective,73.08,pending
RET-001713,ORD-007530,CUST-00473,PROD-0125,2023-08-18,defective,32.23,approved
RET-001714,ORD-007533,CUST-01146,PROD-0150,2023-08-17,defective,48.09,approved
RET-001715,ORD-007534,CUST-01535,PROD-0050,2023-08-14,defective,15.62,approved
RET-001716,ORD-007535,CUST-01582,PROD-0042,2023-08-19,defective,33.76,approved
RET-001717,ORD-007536,CUST-01250,PROD-0129,2023-08-18,changed_mind,69.28,approved
RET-001718,ORD-007548,CUST-01221,PROD-0027,2023-08-17,not_as_described,13.6,approved
RET-001719,ORD-007549,CUST-01257,PROD-0039,2023-08-15,defective,5.66,rejected
RET-001720,ORD-007550,CUST-02153,PROD-0093,2023-08-29,not_as_described,33.76,approved
RET-001721,ORD-007552,CUST-02981,PROD-0111,2023-08-16,not_as_described,129.33,approved
RET-001722,ORD-007555,CUST-00266,PROD-0077,2023-08-24,defective,19.05,approved
RET-001723,ORD-007556,CUST-00798,PROD-0054,2023-08-16,defective,25.64,pending
RET-001724,ORD-007560,CUST-00817,PROD-0083,2023-08-19,wrong_item,137.1,approved
RET-001725,ORD-007562,CUST-02112,PROD-0030,2023-08-26,not_as_described,101.22,approved
RET-001726,ORD-007565,CUST-00064,PROD-0033,2023-08-15,defective,17.04,approved
RET-001727,ORD-007566,CUST-02565,PROD-0016,2023-08-23,changed_mind,22.3,approved
RET-001728,ORD-007596,CUST-01955,PROD-0073,2023-08-20,defective,19.74,approved
RET-001729,ORD-007600,CUST-02145,PROD-0016,2023-08-14,changed_mind,23.5,approved
RET-001730,ORD-007603,CUST-02239,PROD-0097,2023-08-26,changed_mind,45.94,approved
RET-001731,ORD-007607,CUST-01134,PROD-0139,2023-08-19,defective,71.08,approved
RET-001732,ORD-007608,CUST-02927,PROD-0133,2023-09-01,defective,105.57,approved
RET-001733,ORD-007609,CUST-02164,PROD-0105,2023-08-16,defective,22.57,approved
RET-001734,ORD-007610,CUST-02245,PROD-0150,2023-08-22,defective,194.48,approved
RET-001735,ORD-007612,CUST-02052,PROD-0133,2023-08-23,other,34.49,approved
RET-001736,ORD-007620,CUST-01983,PROD-0132,2023-08-21,changed_mind,30.8,approved
RET-001737,ORD-007623,CUST-01573,PROD-0040,2023-08-14,changed_mind,27.96,approved
RET-001738,ORD-007632,CUST-02109,PROD-0135,2023-08-21,other,40.48,rejected
RET-001739,ORD-007633,CUST-00173,PROD-0126,2023-08-12,defective,139.53,pending
RET-001740,ORD-007637,CUST-02953,PROD-0003,2023-09-01,other,124.21,approved
RET-001741,ORD-007641,CUST-02119,PROD-0118,2023-08-24,wrong_item,215.86,approved
RET-001742,ORD-007645,CUST-00636,PROD-0133,2023-09-01,defective,36.85,approved
RET-001743,ORD-007646,CUST-00625,PROD-0040,2023-08-22,other,53.2,approved
RET-001744,ORD-007656,CUST-01979,PROD-0087,2023-08-29,not_as_described,30.01,approved
RET-001745,ORD-007664,CUST-02778,PROD-0127,2023-08-22,changed_mind,59.19,rejected
RET-001746,ORD-007670,CUST-02202,PROD-0087,2023-08-24,defective,52.54,approved
RET-001747,ORD-007675,CUST-02873,PROD-0075,2023-08-16,defective,65.53,approved
RET-001748,ORD-007692,CUST-01726,PROD-0091,2023-08-21,changed_mind,9.91,approved
RET-001749,ORD-007703,CUST-01678,PROD-0045,2023-08-20,defective,66.7,rejected
RET-001750,ORD-007710,CUST-01052,PROD-0140,2023-08-24,changed_mind,29.64,rejected
RET-001751,ORD-007714,CUST-02797,PROD-0076,2023-08-25,defective,27.31,approved
RET-001752,ORD-007722,CUST-02693,PROD-0078,2023-08-22,wrong_item,41.25,approved
RET-001753,ORD-007724,CUST-00845,PROD-0088,2023-08-19,defective,18.33,approved
RET-001754,ORD-007730,CUST-02881,PROD-0045,2023-08-21,not_as_described,29.67,approved
RET-001755,ORD-007732,CUST-00905,PROD-0028,2023-08-18,defective,523.4,approved
RET-001756,ORD-007733,CUST-00665,PROD-0021,2023-08-17,defective,125.32,pending
RET-001757,ORD-007734,CUST-01565,PROD-0141,2023-08-25,changed_mind,104.56,approved
RET-001758,ORD-007735,CUST-02017,PROD-0077,2023-08-20,not_as_described,28.04,approved
RET-001759,ORD-007737,CUST-01166,PROD-0123,2023-08-28,defective,45.97,approved
RET-001760,ORD-007748,CUST-00991,PROD-0135,2023-08-17,defective,41.37,approved
RET-001761,ORD-007752,CUST-02396,PROD-0133,2023-08-24,defective,33.84,pending
RET-001762,ORD-007754,CUST-01391,PROD-0085,2023-08-18,defective,65.6,approved
RET-001763,ORD-007766,CUST-00330,PROD-0070,2023-08-24,wrong_item,24.62,approved
RET-001764,ORD-007773,CUST-02651,PROD-0132,2023-08-27,defective,28.32,approved
RET-001765,ORD-007779,CUST-01908,PROD-0032,2023-08-23,not_as_described,72.62,approved
RET-001766,ORD-007787,CUST-02872,PROD-0115,2023-09-15,changed_mind,62.88,approved
RET-001767,ORD-007788,CUST-02936,PROD-0150,2023-08-24,defective,32.46,approved
RET-001768,ORD-007793,CUST-01724,PROD-0006,2023-09-02,not_as_described,9.95,approved
RET-001769,ORD-007797,CUST-02955,PROD-0053,2023-08-22,defective,67.24,approved
RET-001770,ORD-007800,CUST-01673,PROD-0046,2023-08-19,changed_mind,84.76,pending
RET-001771,ORD-007803,CUST-02190,PROD-0088,2023-08-25,defective,34.52,approved
RET-001772,ORD-007805,CUST-00033,PROD-0139,2023-08-23,defective,33.7,approved
RET-001773,ORD-007808,CUST-01659,PROD-0113,2023-08-26,changed_mind,59.36,approved
RET-001774,ORD-007813,CUST-01703,PROD-0103,2023-09-08,defective,36.88,approved
RET-001775,ORD-007816,CUST-00724,PROD-0070,2023-08-24,defective,28.48,pending
RET-001776,ORD-007817,CUST-01858,PROD-0060,2023-08-27,changed_mind,63.33,approved
RET-001777,ORD-007826,CUST-02762,PROD-0150,2023-08-22,defective,53.9,approved
RET-001778,ORD-007827,CUST-02422,PROD-0028,2023-08-26,changed_mind,259.75,approved
RET-001779,ORD-007829,CUST-00832,PROD-0076,2023-08-22,defective,56.98,approved
RET-001780,ORD-007834,CUST-00182,PROD-0032,2023-09-01,wrong_item,74.77,approved
RET-001781,ORD-007835,CUST-01677,PROD-0048,2023-08-24,defective,141.75,approved
RET-001782,ORD-007844,CUST-00590,PROD-0122,2023-08-24,changed_mind,42.8,approved
RET-001783,ORD-007845,CUST-00798,PROD-0031,2023-09-03,changed_mind,62.66,approved
RET-001784,ORD-007849,CUST-00095,PROD-0096,2023-08-19,defective,53.84,approved
RET-001785,ORD-007857,CUST-01448,PROD-0117,2023-08-20,not_as_described,63.99,approved
RET-001786,ORD-007867,CUST-01060,PROD-0046,2023-08-24,defective,155.9,approved
RET-001787,ORD-007868,CUST-02449,PROD-0008,2023-08-21,other,51.05,approved
RET-001788,ORD-007870,CUST-00013,PROD-0048,2023-08-28,defective,45.86,rejected
RET-001789,ORD-007871,CUST-01590,PROD-0135,2023-08-29,changed_mind,40.24,approved
RET-001790,ORD-007876,CUST-01045,PROD-0034,2023-08-20,wrong_item,47.33,pending
RET-001791,ORD-007891,CUST-01069,PROD-0129,2023-08-24,defective,71.96,approved
RET-001792,ORD-007892,CUST-01786,PROD-0114,2023-08-30,changed_mind,6.1,approved
RET-001793,ORD-007893,CUST-02520,PROD-0061,2023-08-25,defective,28.41,approved
RET-001794,ORD-007898,CUST-01005,PROD-0012,2023-09-06,defective,31.5,approved
RET-001795,ORD-007900,CUST-02397,PROD-0127,2023-09-02,changed_mind,62.4,approved
RET-001796,ORD-007905,CUST-02394,PROD-0034,2023-08-26,other,49.4,approved
RET-001797,ORD-007906,CUST-02887,PROD-0057,2023-08-29,wrong_item,29.23,approved
RET-001798,ORD-007910,CUST-02393,PROD-0126,2023-09-04,not_as_described,132.56,approved
RET-001799,ORD-007914,CUST-01094,PROD-0105,2023-08-30,defective,22.29,approved
RET-001800,ORD-007922,CUST-00782,PROD-0053,2023-08-24,changed_mind,69.54,approved
RET-001801,ORD-007924,CUST-01624,PROD-0075,2023-09-12,wrong_item,169.52,pending
RET-001802,ORD-007927,CUST-00901,PROD-0146,2023-08-30,other,105.43,approved
RET-001803,ORD-007931,CUST-01906,PROD-0083,2023-08-22,defective,67.77,approved
RET-001804,ORD-007936,CUST-02740,PROD-0015,2023-09-02,changed_mind,163.66,approved
RET-001805,ORD-007940,CUST-01895,PROD-0088,2023-09-02,wrong_item,105.78,approved
RET-001806,ORD-007945,CUST-02803,PROD-0057,2023-08-23,other,30.67,approved
RET-001807,ORD-007948,CUST-00507,PROD-0113,2023-09-09,wrong_item,55.91,approved
RET-001808,ORD-007958,CUST-01393,PROD-0042,2023-08-23,defective,35.16,approved
RET-001809,ORD-007961,CUST-00853,PROD-0030,2023-08-26,other,323.79,approved
RET-001810,ORD-007967,CUST-02714,PROD-0048,2023-08-26,changed_mind,49.86,approved
RET-001811,ORD-007970,CUST-01448,PROD-0107,2023-08-26,defective,243.44,approved
RET-001812,ORD-007980,CUST-00847,PROD-0004,2023-08-31,defective,32.21,approved
RET-001813,ORD-007985,CUST-02085,PROD-0052,2023-08-27,defective,168.44,pending
RET-001814,ORD-007986,CUST-00851,PROD-0117,2023-09-12,defective,21.37,approved
RET-001815,ORD-007987,CUST-02796,PROD-0110,2023-09-05,wrong_item,398.38,approved
RET-001816,ORD-007998,CUST-01206,PROD-0064,2023-09-08,wrong_item,63.42,approved
RET-001817,ORD-008006,CUST-02974,PROD-0055,2023-09-14,not_as_described,65.24,approved
RET-001818,ORD-008007,CUST-01491,PROD-0030,2023-08-26,defective,104.36,rejected
RET-001819,ORD-008010,CUST-01189,PROD-0146,2023-09-02,wrong_item,200.7,approved
RET-001820,ORD-008014,CUST-01878,PROD-0125,2023-08-28,defective,67.88,pending
RET-001821,ORD-008017,CUST-02065,PROD-0050,2023-09-01,changed_mind,14.99,pending
RET-001822,ORD-008018,CUST-02141,PROD-0060,2023-08-28,not_as_described,112.94,approved
RET-001823,ORD-008023,CUST-01208,PROD-0054,2023-08-25,changed_mind,20.31,approved
RET-001824,ORD-008029,CUST-02047,PROD-0077,2023-09-01,defective,17.15,approved
RET-001825,ORD-008032,CUST-02981,PROD-0113,2023-08-29,defective,56.03,approved
RET-001826,ORD-008037,CUST-01131,PROD-0012,2023-09-02,defective,36.43,approved
RET-001827,ORD-008042,CUST-02452,PROD-0142,2023-08-30,changed_mind,59.12,approved
RET-001828,ORD-008045,CUST-00572,PROD-0092,2023-08-29,changed_mind,104.72,approved
RET-001829,ORD-008049,CUST-00769,PROD-0103,2023-08-26,defective,27.24,pending
RET-001830,ORD-008052,CUST-00398,PROD-0057,2023-09-10,not_as_described,55.04,approved
RET-001831,ORD-008054,CUST-01308,PROD-0080,2023-09-09,wrong_item,135.63,approved
RET-001832,ORD-008056,CUST-02415,PROD-0125,2023-08-31,defective,56.5,approved
RET-001833,ORD-008061,CUST-02841,PROD-0030,2023-09-02,defective,195.1,pending
RET-001834,ORD-008063,CUST-00307,PROD-0008,2023-08-31,defective,45.82,approved
RET-001835,ORD-008071,CUST-00927,PROD-0017,2023-08-27,defective,34.19,approved
RET-001836,ORD-008077,CUST-01179,PROD-0076,2023-09-01,changed_mind,26.5,approved
RET-001837,ORD-008084,CUST-00883,PROD-0052,2023-09-01,defective,78.09,approved
RET-001838,ORD-008087,CUST-01847,PROD-0039,2023-09-03,defective,11.2,rejected
RET-001839,ORD-008092,CUST-00667,PROD-0008,2023-09-01,changed_mind,29.92,approved
RET-001840,ORD-008095,CUST-02808,PROD-0030,2023-08-29,defective,107.5,approved
RET-001841,ORD-008098,CUST-00692,PROD-0001,2023-09-11,defective,30.11,pending
RET-001842,ORD-008103,CUST-02991,PROD-0010,2023-09-05,not_as_described,77.11,approved
RET-001843,ORD-008108,CUST-02966,PROD-0044,2023-09-02,defective,21.59,approved
RET-001844,ORD-008111,CUST-00702,PROD-0101,2023-09-12,defective,18.14,approved
RET-001845,ORD-008131,CUST-01085,PROD-0074,2023-09-03,defective,45.61,approved
RET-001846,ORD-008132,CUST-01516,PROD-0017,2023-09-07,defective,107.88,rejected
RET-001847,ORD-008136,CUST-01090,PROD-0039,2023-09-05,defective,10.94,approved
RET-001848,ORD-008143,CUST-02106,PROD-0005,2023-08-31,changed_mind,43.66,approved
RET-001849,ORD-008146,CUST-01337,PROD-0019,2023-09-05,not_as_described,50.46,approved
RET-001850,ORD-008148,CUST-02502,PROD-0066,2023-09-01,defective,157.16,pending
RET-001851,ORD-008151,CUST-00780,PROD-0105,2023-08-29,wrong_item,16.17,approved
RET-001852,ORD-008153,CUST-02892,PROD-0112,2023-09-02,defective,10.8,approved
RET-001853,ORD-008164,CUST-02241,PROD-0028,2023-09-11,changed_mind,244.13,approved
RET-001854,ORD-008169,CUST-02371,PROD-0031,2023-10-20,defective,20.09,approved
RET-001855,ORD-008170,CUST-02513,PROD-0041,2023-09-03,changed_mind,86.34,approved
RET-001856,ORD-008171,CUST-02333,PROD-0016,2023-09-02,wrong_item,21.03,approved
RET-001857,ORD-008175,CUST-00031,PROD-0039,2023-09-06,defective,5.65,approved
RET-001858,ORD-008185,CUST-00522,PROD-0001,2023-08-29,changed_mind,48.82,approved
RET-001859,ORD-008188,CUST-00103,PROD-0079,2023-09-04,changed_mind,41.97,approved
RET-001860,ORD-008190,CUST-00348,PROD-0105,2023-09-03,wrong_item,20.11,approved
RET-001861,ORD-008192,CUST-01172,PROD-0054,2023-09-01,defective,27.56,approved
RET-001862,ORD-008196,CUST-01638,PROD-0066,2023-08-28,defective,37.66,approved
RET-001863,ORD-008199,CUST-02806,PROD-0105,2023-09-02,wrong_item,41.28,approved
RET-001864,ORD-008201,CUST-01159,PROD-0055,2023-09-10,defective,57.55,rejected
RET-001865,ORD-008202,CUST-01707,PROD-0121,2023-09-06,other,46.64,approved
RET-001866,ORD-008204,CUST-01859,PROD-0009,2023-08-28,changed_mind,17.14,rejected
RET-001867,ORD-008206,CUST-00804,PROD-0136,2023-08-30,defective,32.94,approved
RET-001868,ORD-008208,CUST-00592,PROD-0139,2023-09-11,not_as_described,32.75,approved
RET-001869,ORD-008223,CUST-00609,PROD-0064,2023-08-31,other,55.63,pending
RET-001870,ORD-008227,CUST-01428,PROD-0110,2023-08-31,wrong_item,1268.46,rejected
RET-001871,ORD-008234,CUST-01683,PROD-0140,2023-09-08,defective,21.92,approved
RET-001872,ORD-008235,CUST-00101,PROD-0090,2023-09-03,defective,74.25,approved
RET-001873,ORD-008242,CUST-00412,PROD-0012,2023-09-18,changed_mind,34.75,approved
RET-001874,ORD-008246,CUST-02587,PROD-0012,2023-09-03,defective,16.74,approved
RET-001875,ORD-008249,CUST-00976,PROD-0017,2023-09-07,defective,36.71,approved
RET-001876,ORD-008254,CUST-02803,PROD-0005,2023-09-12,changed_mind,21.36,approved
RET-001877,ORD-008258,CUST-01005,PROD-0148,2023-09-12,changed_mind,45.15,approved
RET-001878,ORD-008263,CUST-00485,PROD-0034,2023-08-31,changed_mind,53.18,approved
RET-001879,ORD-008269,CUST-00090,PROD-0107,2023-09-06,defective,213.08,approved
RET-001880,ORD-008271,CUST-01423,PROD-0085,2023-09-06,defective,38.11,approved
RET-001881,ORD-008272,CUST-02490,PROD-0055,2023-09-19,wrong_item,65.12,approved
RET-001882,ORD-008273,CUST-02904,PROD-0087,2023-09-01,defective,54.28,approved
RET-001883,ORD-008277,CUST-01031,PROD-0044,2023-09-03,defective,65.25,approved
RET-001884,ORD-008282,CUST-02349,PROD-0130,2023-09-08,defective,68.74,approved
RET-001885,ORD-008284,CUST-00925,PROD-0072,2023-09-25,changed_mind,87.52,approved
RET-001886,ORD-008290,CUST-01616,PROD-0080,2023-09-03,changed_mind,47.49,approved
RET-001887,ORD-008295,CUST-01311,PROD-0052,2023-09-05,changed_mind,80.12,approved
RET-001888,ORD-008301,CUST-01369,PROD-0053,2023-09-13,wrong_item,55.0,approved
RET-001889,ORD-008304,CUST-00848,PROD-0075,2023-09-18,changed_mind,134.58,approved
RET-001890,ORD-008307,CUST-01208,PROD-0105,2023-09-04,changed_mind,46.1,pending
RET-001891,ORD-008308,CUST-02921,PROD-0070,2023-09-03,defective,24.28,approved
RET-001892,ORD-008310,CUST-00996,PROD-0044,2023-09-03,other,43.12,approved
RET-001893,ORD-008316,CUST-01943,PROD-0083,2023-09-09,changed_mind,69.32,approved
RET-001894,ORD-008319,CUST-02825,PROD-0044,2023-09-06,defective,44.22,approved
RET-001895,ORD-008334,CUST-01050,PROD-0083,2023-09-08,changed_mind,64.13,rejected
RET-001896,ORD-008335,CUST-00417,PROD-0053,2023-09-13,other,70.18,approved
RET-001897,ORD-008340,CUST-01036,PROD-0146,2023-09-16,wrong_item,207.02,approved
RET-001898,ORD-008342,CUST-01800,PROD-0033,2023-09-09,defective,10.89,approved
RET-001899,ORD-008343,CUST-01925,PROD-0017,2023-09-09,defective,32.16,approved
RET-001900,ORD-008345,CUST-00430,PROD-0008,2023-09-04,defective,44.97,approved
RET-001901,ORD-008363,CUST-00210,PROD-0102,2023-09-03,defective,31.18,approved
RET-001902,ORD-008367,CUST-01329,PROD-0134,2023-09-16,changed_mind,23.0,approved
RET-001903,ORD-008370,CUST-01075,PROD-0109,2023-09-24,defective,16.26,approved
RET-001904,ORD-008372,CUST-02053,PROD-0150,2023-09-09,defective,50.35,rejected
RET-001905,ORD-008374,CUST-00562,PROD-0080,2023-09-13,changed_mind,152.19,approved
RET-001906,ORD-008377,CUST-02964,PROD-0040,2023-09-05,defective,53.48,approved
RET-001907,ORD-008378,CUST-00186,PROD-0045,2023-09-18,wrong_item,125.52,rejected
RET-001908,ORD-008383,CUST-00636,PROD-0006,2023-09-03,defective,42.64,approved
RET-001909,ORD-008385,CUST-02805,PROD-0137,2023-09-11,changed_mind,177.27,approved
RET-001910,ORD-008387,CUST-00996,PROD-0014,2023-09-18,changed_mind,3.87,approved
RET-001911,ORD-008394,CUST-00359,PROD-0104,2023-09-28,changed_mind,25.78,approved
RET-001912,ORD-008395,CUST-00134,PROD-0036,2023-09-09,defective,204.46,approved
RET-001913,ORD-008401,CUST-00441,PROD-0042,2023-09-12,changed_mind,34.88,approved
RET-001914,ORD-008402,CUST-00073,PROD-0098,2023-09-07,defective,23.24,rejected
RET-001915,ORD-008404,CUST-01390,PROD-0023,2023-09-08,not_as_described,349.44,approved
RET-001916,ORD-008407,CUST-00916,PROD-0089,2023-09-07,not_as_described,26.06,rejected
RET-001917,ORD-008409,CUST-00299,PROD-0121,2023-09-06,wrong_item,40.88,approved
RET-001918,ORD-008417,CUST-01915,PROD-0071,2023-09-08,changed_mind,77.1,approved
RET-001919,ORD-008423,CUST-01749,PROD-0120,2023-09-15,wrong_item,140.08,approved
RET-001920,ORD-008436,CUST-00213,PROD-0073,2023-09-14,changed_mind,7.79,approved
RET-001921,ORD-008442,CUST-00670,PROD-0014,2023-09-23,defective,5.89,approved
RET-001922,ORD-008444,CUST-01450,PROD-0021,2023-09-25,defective,67.19,approved
RET-001923,ORD-008446,CUST-01561,PROD-0045,2023-09-10,changed_mind,31.92,approved
RET-001924,ORD-008447,CUST-01613,PROD-0065,2023-09-16,not_as_described,40.18,approved
RET-001925,ORD-008453,CUST-00164,PROD-0019,2023-09-22,changed_mind,50.66,approved
RET-001926,ORD-008477,CUST-02889,PROD-0126,2023-09-17,defective,119.47,approved
RET-001927,ORD-008485,CUST-00416,PROD-0136,2023-09-20,defective,32.39,approved
RET-001928,ORD-008486,CUST-02741,PROD-0144,2023-10-21,not_as_described,49.84,approved
RET-001929,ORD-008492,CUST-01638,PROD-0083,2023-09-13,defective,72.1,approved
RET-001930,ORD-008493,CUST-02993,PROD-0012,2023-09-11,defective,35.73,approved
RET-001931,ORD-008509,CUST-02663,PROD-0101,2023-09-13,defective,58.95,approved
RET-001932,ORD-008525,CUST-00594,PROD-0040,2023-10-07,wrong_item,61.62,approved
RET-001933,ORD-008527,CUST-00155,PROD-0103,2023-09-21,wrong_item,33.78,approved
RET-001934,ORD-008534,CUST-02797,PROD-0145,2023-10-13,changed_mind,9.95,rejected
RET-001935,ORD-008542,CUST-00471,PROD-0087,2023-09-27,defective,16.47,approved
RET-001936,ORD-008545,CUST-00738,PROD-0070,2023-09-18,changed_mind,50.72,pending
RET-001937,ORD-008550,CUST-00060,PROD-0087,2023-09-22,defective,26.91,approved
RET-001938,ORD-008552,CUST-02641,PROD-0148,2023-09-15,changed_mind,84.44,approved
RET-001939,ORD-008556,CUST-02481,PROD-0015,2023-09-15,changed_mind,165.94,approved
RET-001940,ORD-008557,CUST-02637,PROD-0058,2023-09-12,defective,18.32,rejected
RET-001941,ORD-008561,CUST-00677,PROD-0014,2023-09-17,not_as_described,5.05,approved
RET-001942,ORD-008562,CUST-02398,PROD-0138,2023-09-19,changed_mind,35.42,approved
RET-001943,ORD-008564,CUST-00770,PROD-0126,2023-09-17,defective,227.26,approved
RET-001944,ORD-008566,CUST-02635,PROD-0141,2023-09-16,changed_mind,129.95,approved
RET-001945,ORD-008575,CUST-01721,PROD-0007,2023-09-12,other,33.24,rejected
RET-001946,ORD-008578,CUST-02090,PROD-0066,2023-10-08,defective,83.22,approved
RET-001947,ORD-008581,CUST-00725,PROD-0122,2023-09-19,not_as_described,22.46,approved
RET-001948,ORD-008584,CUST-00713,PROD-0133,2023-09-23,defective,37.83,approved
RET-001949,ORD-008585,CUST-00667,PROD-0083,2023-09-24,defective,63.02,approved
RET-001950,ORD-008587,CUST-01246,PROD-0139,2023-09-15,wrong_item,34.89,approved
RET-001951,ORD-008596,CUST-00912,PROD-0116,2023-09-12,not_as_described,24.03,approved
RET-001952,ORD-008602,CUST-00663,PROD-0109,2023-09-19,defective,19.77,rejected
RET-001953,ORD-008614,CUST-00960,PROD-0128,2023-09-15,not_as_described,35.44,approved
RET-001954,ORD-008616,CUST-01793,PROD-0093,2023-09-10,wrong_item,37.46,approved
RET-001955,ORD-008617,CUST-02419,PROD-0141,2023-09-23,wrong_item,473.4,approved
RET-001956,ORD-008625,CUST-02739,PROD-0023,2023-09-23,changed_mind,81.72,approved
RET-001957,ORD-008635,CUST-01245,PROD-0020,2023-09-20,changed_mind,38.45,approved
RET-001958,ORD-008637,CUST-01194,PROD-0113,2023-09-29,not_as_described,182.82,approved
RET-001959,ORD-008639,CUST-02844,PROD-0132,2023-10-24,defective,29.57,approved
RET-001960,ORD-008642,CUST-01966,PROD-0036,2023-09-13,not_as_described,205.78,approved
RET-001961,ORD-008648,CUST-02955,PROD-0132,2023-09-23,defective,28.67,rejected
RET-001962,ORD-008656,CUST-00202,PROD-0136,2023-09-22,not_as_described,99.0,approved
RET-001963,ORD-008661,CUST-01703,PROD-0064,2023-10-10,not_as_described,56.89,pending
RET-001964,ORD-008664,CUST-02787,PROD-0137,2023-09-21,not_as_described,217.32,approved
RET-001965,ORD-008669,CUST-00087,PROD-0089,2023-09-13,wrong_item,12.92,approved
RET-001966,ORD-008670,CUST-00705,PROD-0144,2023-09-15,defective,74.79,approved
RET-001967,ORD-008672,CUST-01031,PROD-0073,2023-09-24,wrong_item,10.82,approved
RET-001968,ORD-008680,CUST-02662,PROD-0069,2023-09-24,changed_mind,27.6,approved
RET-001969,ORD-008684,CUST-00027,PROD-0138,2023-09-22,not_as_described,49.96,approved
RET-001970,ORD-008700,CUST-01422,PROD-0038,2023-09-15,not_as_described,67.73,approved
RET-001971,ORD-008702,CUST-02360,PROD-0036,2023-09-22,other,124.47,approved
RET-001972,ORD-008704,CUST-00661,PROD-0140,2023-09-17,wrong_item,6.25,approved
RET-001973,ORD-008710,CUST-02629,PROD-0021,2023-09-21,defective,125.33,approved
RET-001974,ORD-008715,CUST-01397,PROD-0081,2023-09-22,changed_mind,29.97,rejected
RET-001975,ORD-008717,CUST-01201,PROD-0125,2023-09-16,defective,31.96,pending
RET-001976,ORD-008718,CUST-00121,PROD-0085,2023-10-13,defective,38.17,approved
RET-001977,ORD-008725,CUST-02883,PROD-0098,2023-09-18,changed_mind,42.56,approved
RET-001978,ORD-008727,CUST-01641,PROD-0043,2023-09-24,changed_mind,140.46,approved
RET-001979,ORD-008729,CUST-02134,PROD-0053,2023-09-15,defective,74.58,approved
RET-001980,ORD-008731,CUST-01682,PROD-0012,2023-09-18,defective,32.71,approved
RET-001981,ORD-008732,CUST-02406,PROD-0107,2023-09-19,defective,482.4,rejected
RET-001982,ORD-008736,CUST-02021,PROD-0135,2023-09-16,not_as_described,37.4,approved
RET-001983,ORD-008741,CUST-02031,PROD-0150,2023-09-22,defective,52.75,pending
RET-001984,ORD-008743,CUST-02591,PROD-0098,2023-09-20,changed_mind,22.34,approved
RET-001985,ORD-008750,CUST-01241,PROD-0124,2023-09-19,not_as_described,83.54,approved
RET-001986,ORD-008751,CUST-01718,PROD-0126,2023-09-17,changed_mind,120.57,approved
RET-001987,ORD-008755,CUST-01843,PROD-0097,2023-09-16,changed_mind,44.26,rejected
RET-001988,ORD-008756,CUST-01030,PROD-0102,2023-09-19,not_as_described,33.08,approved
RET-001989,ORD-008763,CUST-00607,PROD-0081,2023-09-17,changed_mind,49.95,approved
RET-001990,ORD-008764,CUST-02016,PROD-0133,2023-09-20,defective,38.69,approved
RET-001991,ORD-008768,CUST-02542,PROD-0105,2023-09-17,defective,23.35,approved
RET-001992,ORD-008771,CUST-02867,PROD-0043,2023-09-26,defective,134.28,approved
RET-001993,ORD-008773,CUST-01094,PROD-0009,2023-09-23,defective,16.34,approved
RET-001994,ORD-008774,CUST-00325,PROD-0097,2023-09-27,other,45.31,approved
RET-001995,ORD-008776,CUST-01342,PROD-0062,2023-09-19,changed_mind,49.52,approved
RET-001996,ORD-008778,CUST-01911,PROD-0035,2023-09-20,not_as_described,26.23,approved
RET-001997,ORD-008780,CUST-01593,PROD-0025,2023-09-18,changed_mind,54.22,approved
RET-001998,ORD-008781,CUST-01991,PROD-0017,2023-10-07,defective,32.83,approved
RET-001999,ORD-008784,CUST-01703,PROD-0096,2023-10-16,defective,27.84,approved
RET-002000,ORD-008788,CUST-01610,PROD-0078,2023-09-25,wrong_item,45.09,approved
RET-002001,ORD-008809,CUST-01233,PROD-0021,2023-09-25,defective,145.8,approved
RET-002002,ORD-008812,CUST-01929,PROD-0027,2023-09-25,other,13.28,approved
RET-002003,ORD-008813,CUST-01283,PROD-0051,2023-09-27,wrong_item,41.33,approved
RET-002004,ORD-008816,CUST-02926,PROD-0078,2023-09-25,changed_mind,41.63,approved
RET-002005,ORD-008822,CUST-01774,PROD-0123,2023-09-24,defective,50.21,approved
RET-002006,ORD-008823,CUST-01604,PROD-0064,2023-10-02,changed_mind,124.52,rejected
RET-002007,ORD-008824,CUST-01292,PROD-0056,2023-10-04,defective,62.07,rejected
RET-002008,ORD-008825,CUST-01196,PROD-0109,2023-09-30,defective,18.89,approved
RET-002009,ORD-008837,CUST-01528,PROD-0050,2023-09-21,not_as_described,14.63,rejected
RET-002010,ORD-008843,CUST-02362,PROD-0023,2023-09-21,changed_mind,130.64,approved
RET-002011,ORD-008855,CUST-00380,PROD-0124,2023-09-20,defective,33.76,approved
RET-002012,ORD-008858,CUST-01236,PROD-0039,2023-09-23,defective,22.4,approved
RET-002013,ORD-008866,CUST-00416,PROD-0102,2023-10-07,not_as_described,30.68,approved
RET-002014,ORD-008877,CUST-02894,PROD-0145,2023-09-24,changed_mind,19.31,approved
RET-002015,ORD-008886,CUST-02231,PROD-0147,2023-09-18,changed_mind,86.03,approved
RET-002016,ORD-008887,CUST-00699,PROD-0021,2023-10-12,defective,63.87,approved
RET-002017,ORD-008888,CUST-02002,PROD-0137,2023-10-07,defective,57.96,approved
RET-002018,ORD-008893,CUST-01702,PROD-0059,2023-09-30,defective,19.1,approved
RET-002019,ORD-008896,CUST-00271,PROD-0123,2023-09-28,defective,49.45,approved
RET-002020,ORD-008900,CUST-00730,PROD-0080,2023-10-03,changed_mind,100.94,approved
RET-002021,ORD-008904,CUST-02682,PROD-0060,2023-09-24,changed_mind,21.03,approved
RET-002022,ORD-008907,CUST-02016,PROD-0125,2023-10-03,defective,32.61,approved
RET-002023,ORD-008910,CUST-02999,PROD-0062,2023-09-20,not_as_described,38.52,approved
RET-002024,ORD-008913,CUST-01618,PROD-0138,2023-09-22,changed_mind,107.24,approved
RET-002025,ORD-008916,CUST-01954,PROD-0044,2023-09-30,other,22.58,approved
RET-002026,ORD-008917,CUST-01208,PROD-0123,2023-09-27,defective,47.4,approved
RET-002027,ORD-008920,CUST-02392,PROD-0141,2023-10-09,changed_mind,125.84,approved
RET-002028,ORD-008921,CUST-01883,PROD-0137,2023-09-23,defective,57.23,approved
RET-002029,ORD-008922,CUST-00194,PROD-0133,2023-09-25,defective,68.8,approved
RET-002030,ORD-008923,CUST-02912,PROD-0080,2023-09-30,not_as_described,15.98,pending
RET-002031,ORD-008926,CUST-00756,PROD-0048,2023-09-24,defective,97.76,approved
RET-002032,ORD-008939,CUST-02291,PROD-0103,2023-10-03,defective,68.6,approved
RET-002033,ORD-008951,CUST-00501,PROD-0034,2023-10-04,wrong_item,47.71,approved
RET-002034,ORD-008962,CUST-01733,PROD-0028,2023-09-30,defective,239.0,approved
RET-002035,ORD-008964,CUST-02552,PROD-0126,2023-09-24,other,205.14,approved
RET-002036,ORD-008965,CUST-02791,PROD-0057,2023-10-06,changed_mind,27.45,approved
RET-002037,ORD-008969,CUST-02883,PROD-0071,2023-09-30,changed_mind,41.46,approved
RET-002038,ORD-008972,CUST-02758,PROD-0012,2023-09-24,defective,34.55,approved
RET-002039,ORD-008976,CUST-00468,PROD-0087,2023-09-30,defective,28.8,approved
RET-002040,ORD-008978,CUST-01293,PROD-0003,2023-09-24,wrong_item,121.33,approved
RET-002041,ORD-008982,CUST-02680,PROD-0005,2023-09-24,changed_mind,23.57,pending
RET-002042,ORD-008983,CUST-01253,PROD-0137,2023-10-03,not_as_described,31.39,approved
RET-002043,ORD-008985,CUST-02592,PROD-0083,2023-10-04,defective,63.71,approved
RET-002044,ORD-008991,CUST-00255,PROD-0075,2023-09-26,changed_mind,202.62,pending
RET-002045,ORD-008993,CUST-02385,PROD-0111,2023-09-23,changed_mind,41.29,approved
RET-002046,ORD-008996,CUST-02920,PROD-0028,2023-10-10,wrong_item,1053.56,approved
RET-002047,ORD-008999,CUST-01099,PROD-0113,2023-09-26,wrong_item,58.28,approved
RET-002048,ORD-009000,CUST-02846,PROD-0105,2023-09-28,defective,15.53,approved
RET-002049,ORD-009008,CUST-01925,PROD-0017,2023-09-26,defective,33.19,approved
RET-002050,ORD-009026,CUST-01903,PROD-0127,2023-09-27,changed_mind,61.37,approved
RET-002051,ORD-009027,CUST-00049,PROD-0010,2023-10-07,changed_mind,73.38,rejected
RET-002052,ORD-009036,CUST-02544,PROD-0052,2023-09-25,defective,80.54,approved
RET-002053,ORD-009037,CUST-02508,PROD-0126,2023-10-04,wrong_item,124.3,approved
RET-002054,ORD-009038,CUST-00584,PROD-0064,2023-10-06,changed_mind,250.2,approved
RET-002055,ORD-009043,CUST-02282,PROD-0028,2023-10-03,defective,249.73,approved
RET-002056,ORD-009048,CUST-01547,PROD-0001,2023-10-01,changed_mind,43.11,approved
RET-002057,ORD-009049,CUST-01803,PROD-0116,2023-10-01,wrong_item,75.81,approved
RET-002058,ORD-009050,CUST-00241,PROD-0147,2023-09-27,defective,189.52,rejected
RET-002059,ORD-009057,CUST-00866,PROD-0123,2023-09-22,defective,193.56,rejected
RET-002060,ORD-009060,CUST-01070,PROD-0127,2023-10-07,changed_mind,115.2,approved
RET-002061,ORD-009070,CUST-00320,PROD-0017,2023-10-11,defective,33.56,approved
RET-002062,ORD-009073,CUST-02752,PROD-0025,2023-10-01,other,557.56,approved
RET-002063,ORD-009074,CUST-02963,PROD-0042,2023-09-27,changed_mind,19.22,approved
RET-002064,ORD-009075,CUST-00895,PROD-0126,2023-10-02,changed_mind,120.81,approved
RET-002065,ORD-009078,CUST-01602,PROD-0052,2023-10-03,defective,83.3,approved
RET-002066,ORD-009083,CUST-01934,PROD-0006,2023-10-02,defective,21.68,approved
RET-002067,ORD-009088,CUST-02918,PROD-0105,2023-09-28,defective,21.6,approved
RET-002068,ORD-009097,CUST-00603,PROD-0061,2023-09-29,defective,24.48,approved
RET-002069,ORD-009101,CUST-00912,PROD-0054,2023-09-25,changed_mind,27.01,approved
RET-002070,ORD-009111,CUST-02862,PROD-0043,2023-09-26,changed_mind,71.4,approved
RET-002071,ORD-009118,CUST-01533,PROD-0063,2023-10-01,changed_mind,8.33,rejected
RET-002072,ORD-009126,CUST-02425,PROD-0117,2023-10-04,defective,39.62,approved
RET-002073,ORD-009128,CUST-02682,PROD-0007,2023-10-14,changed_mind,8.07,approved
RET-002074,ORD-009131,CUST-00223,PROD-0072,2023-10-01,wrong_item,82.2,approved
RET-002075,ORD-009132,CUST-01186,PROD-0068,2023-09-29,defective,10.06,approved
RET-002076,ORD-009133,CUST-01452,PROD-0097,2023-10-19,defective,43.28,approved
RET-002077,ORD-009140,CUST-00553,PROD-0030,2023-10-03,defective,194.82,approved
RET-002078,ORD-009169,CUST-02874,PROD-0072,2023-10-06,other,52.43,approved
RET-002079,ORD-009174,CUST-01601,PROD-0044,2023-09-28,wrong_item,42.68,approved
RET-002080,ORD-009175,CUST-00669,PROD-0101,2023-10-03,defective,18.55,approved
RET-002081,ORD-009176,CUST-02160,PROD-0083,2023-10-04,defective,64.18,approved
RET-002082,ORD-009184,CUST-02422,PROD-0002,2023-10-12,changed_mind,28.4,approved
RET-002083,ORD-009199,CUST-00324,PROD-0043,2023-10-02,defective,64.79,approved
RET-002084,ORD-009201,CUST-02439,PROD-0085,2023-09-29,changed_mind,37.06,approved
RET-002085,ORD-009204,CUST-02490,PROD-0021,2023-10-06,not_as_described,137.94,approved
RET-002086,ORD-009205,CUST-02552,PROD-0090,2023-10-07,defective,23.34,approved
RET-002087,ORD-009208,CUST-01997,PROD-0054,2023-10-03,defective,25.28,approved
RET-002088,ORD-009216,CUST-00278,PROD-0080,2023-10-17,changed_mind,46.49,pending
RET-002089,ORD-009218,CUST-01624,PROD-0024,2023-10-14,not_as_described,128.47,approved
RET-002090,ORD-009221,CUST-02414,PROD-0055,2023-10-01,wrong_item,59.48,approved
RET-002091,ORD-009229,CUST-01338,PROD-0046,2023-10-04,defective,26.82,approved
RET-002092,ORD-009231,CUST-02846,PROD-0093,2023-10-11,changed_mind,37.66,approved
RET-002093,ORD-009235,CUST-01471,PROD-0121,2023-10-18,other,34.76,pending
RET-002094,ORD-009242,CUST-02234,PROD-0003,2023-10-04,other,380.16,approved
RET-002095,ORD-009243,CUST-02203,PROD-0077,2023-11-04,changed_mind,28.24,approved
RET-002096,ORD-009249,CUST-02638,PROD-0124,2023-10-06,other,77.96,approved
RET-002097,ORD-009251,CUST-01450,PROD-0150,2023-10-03,defective,53.44,approved
RET-002098,ORD-009252,CUST-00817,PROD-0049,2023-10-11,not_as_described,24.25,rejected
RET-002099,ORD-009258,CUST-00951,PROD-0118,2023-10-01,wrong_item,106.33,approved
RET-002100,ORD-009261,CUST-02663,PROD-0107,2023-09-29,changed_mind,242.32,approved
RET-002101,ORD-009263,CUST-01640,PROD-0054,2023-10-05,defective,26.85,approved
RET-002102,ORD-009266,CUST-00252,PROD-0134,2023-10-02,other,22.6,rejected
RET-002103,ORD-009268,CUST-01842,PROD-0101,2023-10-05,defective,37.16,approved
RET-002104,ORD-009274,CUST-01149,PROD-0104,2023-10-14,not_as_described,24.45,approved
RET-002105,ORD-009279,CUST-00023,PROD-0021,2023-09-30,defective,65.1,rejected
RET-002106,ORD-009281,CUST-01493,PROD-0109,2023-10-06,defective,18.31,approved
RET-002107,ORD-009282,CUST-00582,PROD-0083,2023-10-09,changed_mind,68.99,approved
RET-002108,ORD-009287,CUST-00823,PROD-0081,2023-10-06,changed_mind,23.69,approved
RET-002109,ORD-009289,CUST-02843,PROD-0145,2023-10-17,wrong_item,21.6,rejected
RET-002110,ORD-009291,CUST-01677,PROD-0091,2023-10-02,defective,20.1,approved
RET-002111,ORD-009293,CUST-00199,PROD-0050,2023-10-03,defective,18.71,approved
RET-002112,ORD-009294,CUST-02944,PROD-0018,2023-10-01,wrong_item,50.54,pending
RET-002113,ORD-009296,CUST-01135,PROD-0010,2023-10-04,changed_mind,209.04,approved
RET-002114,ORD-009297,CUST-01854,PROD-0142,2023-10-06,defective,29.27,approved
RET-002115,ORD-009299,CUST-02812,PROD-0129,2023-10-13,not_as_described,38.02,approved
RET-002116,ORD-009301,CUST-01451,PROD-0038,2023-10-09,other,102.26,approved
RET-002117,ORD-009302,CUST-00448,PROD-0080,2023-10-13,defective,51.86,approved
RET-002118,ORD-009305,CUST-00376,PROD-0065,2023-10-07,changed_mind,19.26,approved
RET-002119,ORD-009306,CUST-01445,PROD-0090,2023-09-30,defective,24.75,approved
RET-002120,ORD-009307,CUST-01224,PROD-0063,2023-10-05,changed_mind,15.88,approved
RET-002121,ORD-009310,CUST-02108,PROD-0039,2023-10-09,defective,10.7,approved
RET-002122,ORD-009311,CUST-01525,PROD-0042,2023-10-07,defective,74.3,rejected
RET-002123,ORD-009321,CUST-00585,PROD-0121,2023-10-13,changed_mind,42.05,rejected
RET-002124,ORD-009326,CUST-02577,PROD-0052,2023-10-04,defective,76.5,approved
RET-002125,ORD-009329,CUST-02853,PROD-0029,2023-10-03,wrong_item,19.23,approved
RET-002126,ORD-009330,CUST-01010,PROD-0045,2023-10-08,changed_mind,31.99,approved
RET-002127,ORD-009332,CUST-02508,PROD-0030,2023-10-02,defective,95.46,pending
RET-002128,ORD-009333,CUST-01243,PROD-0142,2023-10-17,changed_mind,28.69,approved
RET-002129,ORD-009334,CUST-02766,PROD-0033,2023-10-08,changed_mind,18.86,approved
RET-002130,ORD-009342,CUST-01576,PROD-0125,2023-10-17,defective,35.32,approved
RET-002131,ORD-009361,CUST-00010,PROD-0032,2023-10-01,defective,66.42,approved
RET-002132,ORD-009370,CUST-01478,PROD-0040,2023-10-11,not_as_described,30.32,approved
RET-002133,ORD-009373,CUST-01632,PROD-0059,2023-10-21,defective,18.94,approved
RET-002134,ORD-009377,CUST-00491,PROD-0148,2023-10-22,not_as_described,149.66,approved
RET-002135,ORD-009382,CUST-00865,PROD-0030,2023-10-16,defective,102.59,approved
RET-002136,ORD-009383,CUST-01193,PROD-0032,2023-10-16,defective,70.75,approved
RET-002137,ORD-009385,CUST-01790,PROD-0068,2023-10-12,wrong_item,21.1,rejected
RET-002138,ORD-009387,CUST-01708,PROD-0057,2023-10-04,not_as_described,27.1,approved
RET-002139,ORD-009388,CUST-00134,PROD-0080,2023-10-21,defective,205.36,approved
RET-002140,ORD-009393,CUST-02970,PROD-0119,2023-10-12,changed_mind,33.05,pending
RET-002141,ORD-009400,CUST-00363,PROD-0001,2023-10-12,defective,47.73,approved
RET-002142,ORD-009402,CUST-00308,PROD-0148,2023-10-07,wrong_item,47.23,approved
RET-002143,ORD-009404,CUST-02932,PROD-0078,2023-10-10,changed_mind,43.57,approved
RET-002144,ORD-009414,CUST-02521,PROD-0045,2023-10-15,changed_mind,31.22,approved
RET-002145,ORD-009420,CUST-01786,PROD-0096,2023-10-09,defective,89.73,approved
RET-002146,ORD-009435,CUST-02874,PROD-0025,2023-10-08,changed_mind,278.58,approved
RET-002147,ORD-009439,CUST-00791,PROD-0009,2023-10-12,changed_mind,16.83,pending
RET-002148,ORD-009441,CUST-02057,PROD-0126,2023-10-25,defective,268.9,approved
RET-002149,ORD-009452,CUST-02125,PROD-0144,2023-10-07,changed_mind,45.44,approved
RET-002150,ORD-009455,CUST-00988,PROD-0055,2023-10-13,changed_mind,61.83,approved
RET-002151,ORD-009457,CUST-01143,PROD-0085,2023-10-11,defective,35.36,approved
RET-002152,ORD-009461,CUST-02044,PROD-0046,2023-10-13,wrong_item,72.54,approved
RET-002153,ORD-009466,CUST-00962,PROD-0126,2023-10-27,defective,405.03,approved
RET-002154,ORD-009484,CUST-01483,PROD-0086,2023-10-19,defective,17.86,approved
RET-002155,ORD-009494,CUST-01418,PROD-0090,2023-10-13,defective,46.96,approved
RET-002156,ORD-009497,CUST-01698,PROD-0054,2023-10-29,other,28.05,pending
RET-002157,ORD-009508,CUST-00510,PROD-0144,2023-10-13,defective,24.77,approved
RET-002158,ORD-009509,CUST-00120,PROD-0139,2023-10-23,defective,34.72,approved
RET-002159,ORD-009510,CUST-02270,PROD-0007,2023-11-01,wrong_item,12.52,approved
RET-002160,ORD-009514,CUST-00856,PROD-0024,2023-10-12,changed_mind,49.21,approved
RET-002161,ORD-009517,CUST-01652,PROD-0030,2023-10-17,defective,295.98,approved
RET-002162,ORD-009521,CUST-02728,PROD-0112,2023-10-11,defective,10.84,pending
RET-002163,ORD-009522,CUST-01923,PROD-0090,2023-10-27,defective,23.7,approved
RET-002164,ORD-009524,CUST-00589,PROD-0012,2023-10-12,wrong_item,35.98,approved
RET-002165,ORD-009525,CUST-01889,PROD-0061,2023-10-12,changed_mind,31.84,approved
RET-002166,ORD-009528,CUST-01203,PROD-0124,2023-10-10,not_as_described,76.39,approved
RET-002167,ORD-009529,CUST-01788,PROD-0137,2023-10-11,changed_mind,58.88,approved
RET-002168,ORD-009531,CUST-00222,PROD-0127,2023-10-21,changed_mind,60.74,approved
RET-002169,ORD-009534,CUST-01824,PROD-0109,2023-10-17,defective,75.36,approved
RET-002170,ORD-009545,CUST-01710,PROD-0050,2023-10-13,not_as_described,14.77,approved
RET-002171,ORD-009553,CUST-02426,PROD-0053,2023-10-17,defective,136.56,approved
RET-002172,ORD-009558,CUST-00237,PROD-0015,2023-10-22,changed_mind,159.98,approved
RET-002173,ORD-009560,CUST-01133,PROD-0100,2023-10-20,changed_mind,30.6,approved
RET-002174,ORD-009562,CUST-01340,PROD-0143,2023-10-27,changed_mind,28.86,approved
RET-002175,ORD-009569,CUST-01165,PROD-0117,2023-10-15,defective,21.09,approved
RET-002176,ORD-009571,CUST-01312,PROD-0017,2023-10-27,defective,36.93,approved
RET-002177,ORD-009577,CUST-02346,PROD-0141,2023-10-13,other,262.7,rejected
RET-002178,ORD-009578,CUST-02855,PROD-0063,2023-10-16,changed_mind,8.54,pending
RET-002179,ORD-009580,CUST-00569,PROD-0150,2023-10-30,defective,160.44,approved
RET-002180,ORD-009582,CUST-02172,PROD-0072,2023-10-29,defective,83.24,approved
RET-002181,ORD-009584,CUST-01651,PROD-0141,2023-10-28,changed_mind,132.45,approved
RET-002182,ORD-009588,CUST-02983,PROD-0143,2023-10-14,changed_mind,27.22,approved
RET-002183,ORD-009589,CUST-00655,PROD-0011,2023-10-12,defective,10.43,approved
RET-002184,ORD-009595,CUST-01501,PROD-0006,2023-10-14,defective,44.74,rejected
RET-002185,ORD-009597,CUST-00839,PROD-0030,2023-10-13,defective,109.26,approved
RET-002186,ORD-009604,CUST-00939,PROD-0026,2023-10-12,other,127.6,approved
RET-002187,ORD-009609,CUST-01171,PROD-0017,2023-10-14,defective,34.54,approved
RET-002188,ORD-009614,CUST-00132,PROD-0110,2023-10-21,wrong_item,882.02,approved
RET-002189,ORD-009619,CUST-02674,PROD-0078,2023-10-22,defective,45.36,approved
RET-002190,ORD-009620,CUST-01228,PROD-0088,2023-10-25,changed_mind,35.79,approved
RET-002191,ORD-009623,CUST-01185,PROD-0112,2023-10-31,defective,9.75,approved
RET-002192,ORD-009633,CUST-02165,PROD-0088,2023-10-12,not_as_described,71.96,approved
RET-002193,ORD-009637,CUST-02181,PROD-0092,2023-10-17,changed_mind,47.82,approved
RET-002194,ORD-009640,CUST-00202,PROD-0025,2023-10-14,defective,432.09,approved
RET-002195,ORD-009647,CUST-00688,PROD-0012,2023-11-02,defective,33.03,approved
RET-002196,ORD-009649,CUST-00882,PROD-0145,2023-10-14,changed_mind,58.68,approved
RET-002197,ORD-009656,CUST-01331,PROD-0038,2023-10-25,changed_mind,201.96,approved
RET-002198,ORD-009668,CUST-02240,PROD-0138,2023-10-27,other,49.79,rejected
RET-002199,ORD-009672,CUST-00271,PROD-0023,2023-10-26,defective,242.14,approved
RET-002200,ORD-009678,CUST-00451,PROD-0118,2023-10-18,defective,112.48,approved
RET-002201,ORD-009693,CUST-00266,PROD-0118,2023-10-29,defective,226.36,rejected
RET-002202,ORD-009695,CUST-02520,PROD-0125,2023-10-16,defective,64.68,approved
RET-002203,ORD-009698,CUST-00122,PROD-0021,2023-10-17,defective,65.05,approved
RET-002204,ORD-009704,CUST-01566,PROD-0091,2023-10-13,not_as_described,9.63,approved
RET-002205,ORD-009709,CUST-02132,PROD-0137,2023-10-25,not_as_described,244.84,approved
RET-002206,ORD-009718,CUST-01776,PROD-0090,2023-11-04,defective,24.3,approved
RET-002207,ORD-009721,CUST-01356,PROD-0106,2023-10-20,wrong_item,23.59,approved
RET-002208,ORD-009727,CUST-02136,PROD-0067,2023-10-24,changed_mind,78.95,approved
RET-002209,ORD-009730,CUST-00478,PROD-0056,2023-10-31,defective,120.56,approved
RET-002210,ORD-009732,CUST-00730,PROD-0101,2023-11-01,defective,15.14,pending
RET-002211,ORD-009734,CUST-01440,PROD-0083,2023-10-22,defective,72.9,approved
RET-002212,ORD-009738,CUST-00719,PROD-0034,2023-11-03,wrong_item,54.01,approved
RET-002213,ORD-009739,CUST-02427,PROD-0033,2023-10-30,defective,37.5,pending
RET-002214,ORD-009741,CUST-01836,PROD-0094,2023-10-18,defective,16.72,rejected
RET-002215,ORD-009757,CUST-01002,PROD-0142,2023-10-28,changed_mind,27.33,approved
RET-002216,ORD-009769,CUST-01617,PROD-0150,2023-11-01,defective,53.86,approved
RET-002217,ORD-009770,CUST-00330,PROD-0030,2023-10-27,not_as_described,101.67,approved
RET-002218,ORD-009783,CUST-02107,PROD-0080,2023-10-21,changed_mind,52.4,approved
RET-002219,ORD-009787,CUST-00448,PROD-0053,2023-10-21,defective,27.69,approved
RET-002220,ORD-009796,CUST-00268,PROD-0121,2023-10-17,changed_mind,40.62,approved
RET-002221,ORD-009798,CUST-00328,PROD-0028,2023-10-23,defective,464.6,approved
RET-002222,ORD-009803,CUST-02845,PROD-0123,2023-10-16,defective,46.7,approved
RET-002223,ORD-009805,CUST-01118,PROD-0110,2023-10-20,changed_mind,419.14,approved
RET-002224,ORD-009808,CUST-00183,PROD-0020,2023-10-31,wrong_item,37.25,approved
RET-002225,ORD-009809,CUST-02530,PROD-0125,2023-10-22,defective,67.94,approved
RET-002226,ORD-009810,CUST-02843,PROD-0066,2023-11-03,defective,42.18,approved
RET-002227,ORD-009814,CUST-02548,PROD-0030,2023-10-18,wrong_item,106.96,approved
RET-002228,ORD-009820,CUST-01133,PROD-0018,2023-10-23,changed_mind,52.23,approved
RET-002229,ORD-009821,CUST-00692,PROD-0012,2023-10-25,defective,35.64,approved
RET-002230,ORD-009822,CUST-02919,PROD-0043,2023-11-01,other,141.74,approved
RET-002231,ORD-009826,CUST-00178,PROD-0042,2023-10-17,other,76.38,approved
RET-002232,ORD-009827,CUST-01323,PROD-0115,2023-10-27,changed_mind,64.4,approved
RET-002233,ORD-009831,CUST-00496,PROD-0015,2023-11-04,changed_mind,151.17,approved
RET-002234,ORD-009836,CUST-02480,PROD-0034,2023-10-21,changed_mind,54.24,approved
RET-002235,ORD-009838,CUST-00460,PROD-0020,2023-11-02,wrong_item,120.15,approved
RET-002236,ORD-009840,CUST-00537,PROD-0122,2023-10-17,defective,63.27,approved
RET-002237,ORD-009841,CUST-00578,PROD-0090,2023-10-19,defective,21.83,pending
RET-002238,ORD-009853,CUST-02386,PROD-0149,2023-10-28,other,26.84,approved
RET-002239,ORD-009859,CUST-00042,PROD-0131,2023-11-27,defective,10.96,approved
RET-002240,ORD-009865,CUST-00653,PROD-0109,2023-10-31,defective,20.77,approved
RET-002241,ORD-009866,CUST-02275,PROD-0118,2023-10-20,changed_mind,224.26,approved
RET-002242,ORD-009869,CUST-02657,PROD-0030,2023-10-18,changed_mind,325.04,rejected
RET-002243,ORD-009876,CUST-02906,PROD-0124,2023-10-18,not_as_described,84.25,approved
RET-002244,ORD-009888,CUST-00904,PROD-0108,2023-11-03,changed_mind,16.41,approved
RET-002245,ORD-009897,CUST-02174,PROD-0038,2023-10-24,wrong_item,149.67,approved
RET-002246,ORD-009898,CUST-02751,PROD-0020,2023-10-27,changed_mind,39.13,approved
RET-002247,ORD-009900,CUST-01769,PROD-0099,2023-10-25,not_as_described,16.8,approved
RET-002248,ORD-009904,CUST-00757,PROD-0094,2023-10-30,wrong_item,7.97,approved
RET-002249,ORD-009911,CUST-00564,PROD-0031,2023-11-01,wrong_item,29.54,approved
RET-002250,ORD-009916,CUST-02398,PROD-0004,2023-10-21,defective,67.58,rejected
RET-002251,ORD-009922,CUST-01108,PROD-0076,2023-10-29,defective,27.42,approved
RET-002252,ORD-009929,CUST-01721,PROD-0022,2023-10-21,changed_mind,147.99,pending
RET-002253,ORD-009937,CUST-01256,PROD-0032,2023-10-21,defective,45.22,approved
RET-002254,ORD-009938,CUST-01280,PROD-0040,2023-10-21,changed_mind,11.99,approved
RET-002255,ORD-009940,CUST-00572,PROD-0021,2023-10-31,defective,71.53,rejected
RET-002256,ORD-009945,CUST-00107,PROD-0016,2023-10-21,other,21.56,approved
RET-002257,ORD-009947,CUST-02633,PROD-0011,2023-11-01,defective,11.14,approved
RET-002258,ORD-009949,CUST-01844,PROD-0088,2023-11-09,not_as_described,70.16,approved
RET-002259,ORD-009959,CUST-02179,PROD-0005,2023-10-23,defective,70.5,approved
RET-002260,ORD-009960,CUST-00023,PROD-0060,2023-10-28,defective,60.12,approved
RET-002261,ORD-009962,CUST-02498,PROD-0013,2023-10-26,changed_mind,27.53,approved
RET-002262,ORD-009963,CUST-02612,PROD-0033,2023-11-02,other,18.88,approved
RET-002263,ORD-009964,CUST-01689,PROD-0085,2023-10-26,changed_mind,17.44,rejected
RET-002264,ORD-009969,CUST-02076,PROD-0007,2023-10-29,changed_mind,10.82,approved
RET-002265,ORD-009970,CUST-00788,PROD-0149,2023-10-29,defective,29.85,approved
RET-002266,ORD-009978,CUST-01399,PROD-0103,2023-10-26,defective,32.76,approved
RET-002267,ORD-009980,CUST-02360,PROD-0056,2023-10-28,wrong_item,186.69,approved
RET-002268,ORD-009981,CUST-00407,PROD-0139,2023-11-18,defective,68.62,approved
RET-002269,ORD-009993,CUST-01850,PROD-0150,2023-10-30,defective,54.21,approved
RET-002270,ORD-010002,CUST-01140,PROD-0090,2023-10-30,other,24.71,approved
RET-002271,ORD-010006,CUST-00697,PROD-0090,2023-11-07,defective,21.67,approved
RET-002272,ORD-010007,CUST-01613,PROD-0123,2023-10-27,defective,17.25,approved
RET-002273,ORD-010010,CUST-00783,PROD-0136,2023-10-31,defective,30.73,approved
RET-002274,ORD-010013,CUST-01790,PROD-0052,2023-11-03,defective,83.64,approved
RET-002275,ORD-010021,CUST-00073,PROD-0005,2023-10-27,not_as_described,18.29,approved
RET-002276,ORD-010023,CUST-01738,PROD-0032,2023-10-29,defective,74.69,approved
RET-002277,ORD-010027,CUST-01482,PROD-0028,2023-10-26,changed_mind,254.38,approved
RET-002278,ORD-010040,CUST-00262,PROD-0052,2023-11-07,defective,76.46,approved
RET-002279,ORD-010042,CUST-01382,PROD-0033,2023-10-28,defective,37.74,approved
RET-002280,ORD-010051,CUST-02837,PROD-0109,2023-11-03,other,20.9,approved
RET-002281,ORD-010055,CUST-00865,PROD-0103,2023-10-27,defective,33.42,approved
RET-002282,ORD-010063,CUST-02037,PROD-0097,2023-11-01,defective,42.94,approved
RET-002283,ORD-010069,CUST-00001,PROD-0074,2023-11-07,changed_mind,95.58,rejected
RET-002284,ORD-010089,CUST-00922,PROD-0027,2023-11-05,defective,13.42,approved
RET-002285,ORD-010095,CUST-00158,PROD-0117,2023-11-04,defective,20.02,approved
RET-002286,ORD-010101,CUST-01820,PROD-0013,2023-10-31,other,145.74,rejected
RET-002287,ORD-010102,CUST-01624,PROD-0115,2023-11-11,defective,176.25,approved
RET-002288,ORD-010116,CUST-00941,PROD-0148,2023-10-27,changed_mind,50.34,approved
RET-002289,ORD-010126,CUST-00270,PROD-0112,2023-11-20,defective,9.68,approved
RET-002290,ORD-010127,CUST-00570,PROD-0106,2023-10-30,changed_mind,23.85,approved
RET-002291,ORD-010128,CUST-00021,PROD-0071,2023-10-27,changed_mind,41.21,approved
RET-002292,ORD-010130,CUST-00154,PROD-0125,2023-11-02,defective,63.04,rejected
RET-002293,ORD-010132,CUST-01777,PROD-0044,2023-10-27,defective,30.98,rejected
RET-002294,ORD-010136,CUST-02606,PROD-0047,2023-11-18,defective,4.59,approved
RET-002295,ORD-010138,CUST-02279,PROD-0006,2023-10-27,defective,20.43,approved
RET-002296,ORD-010140,CUST-00027,PROD-0031,2023-11-12,defective,29.44,approved
RET-002297,ORD-010152,CUST-00082,PROD-0036,2023-10-29,changed_mind,79.92,approved
RET-002298,ORD-010155,CUST-01834,PROD-0149,2023-11-08,not_as_described,40.48,approved
RET-002299,ORD-010160,CUST-02118,PROD-0022,2023-11-01,defective,46.45,approved
RET-002300,ORD-010168,CUST-02499,PROD-0087,2023-10-31,changed_mind,54.48,approved
RET-002301,ORD-010172,CUST-00779,PROD-0025,2023-10-31,changed_mind,146.97,approved
RET-002302,ORD-010174,CUST-00013,PROD-0002,2023-11-13,not_as_described,25.5,approved
RET-002303,ORD-010176,CUST-01076,PROD-0097,2023-11-02,changed_mind,44.24,approved
RET-002304,ORD-010177,CUST-02858,PROD-0121,2023-10-28,changed_mind,42.96,approved
RET-002305,ORD-010180,CUST-00190,PROD-0074,2023-11-06,defective,96.14,approved
RET-002306,ORD-010188,CUST-00822,PROD-0051,2023-10-30,other,41.19,rejected
RET-002307,ORD-010190,CUST-02491,PROD-0128,2023-11-15,not_as_described,34.28,approved
RET-002308,ORD-010191,CUST-01914,PROD-0005,2023-11-05,other,22.92,approved
RET-002309,ORD-010193,CUST-02240,PROD-0038,2023-10-30,defective,178.77,approved
RET-002310,ORD-010194,CUST-02277,PROD-0079,2023-10-28,defective,74.28,approved
RET-002311,ORD-010205,CUST-02508,PROD-0072,2023-11-17,changed_mind,161.52,approved
RET-002312,ORD-010207,CUST-02352,PROD-0026,2023-10-31,wrong_item,58.75,approved
RET-002313,ORD-010208,CUST-00565,PROD-0106,2023-11-18,changed_mind,22.04,approved
RET-002314,ORD-010209,CUST-01698,PROD-0085,2023-11-02,defective,35.89,approved
RET-002315,ORD-010212,CUST-02024,PROD-0064,2023-11-22,wrong_item,62.18,approved
RET-002316,ORD-010213,CUST-01381,PROD-0139,2023-11-16,defective,69.76,approved
RET-002317,ORD-010216,CUST-02157,PROD-0028,2023-11-17,defective,230.44,approved
RET-002318,ORD-010220,CUST-00094,PROD-0087,2023-10-31,defective,17.78,approved
RET-002319,ORD-010224,CUST-02473,PROD-0009,2023-11-11,wrong_item,17.01,approved
RET-002320,ORD-010225,CUST-01648,PROD-0124,2023-10-27,changed_mind,82.99,approved
RET-002321,ORD-010228,CUST-01454,PROD-0036,2023-11-06,defective,93.93,approved
RET-002322,ORD-010244,CUST-01879,PROD-0064,2023-11-11,changed_mind,249.56,approved
RET-002323,ORD-010248,CUST-01014,PROD-0048,2023-11-05,defective,100.74,approved
RET-002324,ORD-010249,CUST-02433,PROD-0103,2023-11-09,wrong_item,96.99,approved
RET-002325,ORD-010256,CUST-02998,PROD-0053,2023-10-31,changed_mind,65.46,pending
RET-002326,ORD-010258,CUST-01521,PROD-0061,2023-11-07,changed_mind,29.11,approved
RET-002327,ORD-010270,CUST-02197,PROD-0080,2023-11-04,not_as_described,15.82,rejected
RET-002328,ORD-010274,CUST-00054,PROD-0111,2023-11-04,not_as_described,41.11,approved
RET-002329,ORD-010275,CUST-02033,PROD-0071,2023-11-02,defective,39.64,rejected
RET-002330,ORD-010276,CUST-00500,PROD-0017,2023-11-02,defective,60.64,approved
RET-002331,ORD-010277,CUST-02345,PROD-0021,2023-11-04,defective,73.41,approved
RET-002332,ORD-010280,CUST-01190,PROD-0043,2023-11-14,wrong_item,64.79,approved
RET-002333,ORD-010286,CUST-01920,PROD-0122,2023-11-08,wrong_item,22.76,rejected
RET-002334,ORD-010288,CUST-02863,PROD-0041,2023-11-10,defective,43.93,approved
RET-002335,ORD-010290,CUST-02972,PROD-0092,2023-11-22,other,47.28,approved
RET-002336,ORD-010291,CUST-01246,PROD-0116,2023-11-21,changed_mind,77.13,approved
RET-002337,ORD-010294,CUST-01332,PROD-0099,2023-11-05,changed_mind,62.64,approved
RET-002338,ORD-010298,CUST-01510,PROD-0150,2023-11-15,defective,159.69,approved
RET-002339,ORD-010299,CUST-02520,PROD-0131,2023-11-14,changed_mind,10.47,approved
RET-002340,ORD-010304,CUST-02028,PROD-0030,2023-11-01,defective,105.92,approved
RET-002341,ORD-010307,CUST-00884,PROD-0125,2023-11-05,changed_mind,33.92,approved
RET-002342,ORD-010311,CUST-01217,PROD-0017,2023-10-31,changed_mind,35.27,approved
RET-002343,ORD-010314,CUST-00539,PROD-0002,2023-11-11,defective,26.41,rejected
RET-002344,ORD-010320,CUST-02114,PROD-0136,2023-11-09,defective,31.71,approved
RET-002345,ORD-010338,CUST-01672,PROD-0053,2023-11-01,changed_mind,71.05,rejected
RET-002346,ORD-010351,CUST-00005,PROD-0149,2023-11-06,changed_mind,112.52,approved
RET-002347,ORD-010353,CUST-00809,PROD-0057,2023-11-15,defective,27.72,approved
RET-002348,ORD-010354,CUST-01428,PROD-0078,2023-11-06,defective,45.96,approved
RET-002349,ORD-010356,CUST-00226,PROD-0110,2023-11-04,not_as_described,410.26,approved
RET-002350,ORD-010361,CUST-01937,PROD-0139,2023-11-08,defective,32.29,approved
RET-002351,ORD-010371,CUST-01033,PROD-0143,2023-11-12,not_as_described,28.72,rejected
RET-002352,ORD-010375,CUST-01498,PROD-0020,2023-11-22,changed_mind,71.6,rejected
RET-002353,ORD-010378,CUST-02945,PROD-0131,2023-11-11,other,12.16,approved
RET-002354,ORD-010379,CUST-02140,PROD-0014,2023-11-09,defective,11.12,approved
RET-002355,ORD-010381,CUST-01418,PROD-0036,2023-11-12,not_as_described,102.44,approved
RET-002356,ORD-010383,CUST-00500,PROD-0099,2023-11-07,changed_mind,15.54,approved
RET-002357,ORD-010386,CUST-01958,PROD-0052,2023-11-15,defective,87.54,rejected
RET-002358,ORD-010390,CUST-02912,PROD-0035,2023-11-05,not_as_described,25.58,approved
RET-002359,ORD-010395,CUST-00613,PROD-0076,2023-11-18,defective,50.84,approved
RET-002360,ORD-010397,CUST-02418,PROD-0103,2023-11-05,defective,36.2,approved
RET-002361,ORD-010398,CUST-02824,PROD-0062,2023-11-18,changed_mind,30.91,approved
RET-002362,ORD-010399,CUST-00487,PROD-0006,2023-11-06,changed_mind,20.68,approved
RET-002363,ORD-010407,CUST-01936,PROD-0119,2023-11-08,not_as_described,91.44,pending
RET-002364,ORD-010411,CUST-01990,PROD-0127,2023-11-06,wrong_item,55.75,approved
RET-002365,ORD-010415,CUST-02651,PROD-0134,2023-11-09,wrong_item,21.26,approved
RET-002366,ORD-010416,CUST-02169,PROD-0075,2023-11-16,changed_mind,70.61,approved
RET-002367,ORD-010419,CUST-01046,PROD-0118,2023-11-17,defective,119.82,approved
RET-002368,ORD-010420,CUST-01218,PROD-0125,2023-11-22,defective,73.16,approved
RET-002369,ORD-010422,CUST-00584,PROD-0132,2023-11-09,defective,28.93,approved
RET-002370,ORD-010425,CUST-02923,PROD-0104,2023-11-11,defective,24.55,rejected
RET-002371,ORD-010434,CUST-01609,PROD-0098,2023-11-08,defective,23.53,approved
RET-002372,ORD-010440,CUST-01104,PROD-0123,2023-11-23,defective,51.33,pending
RET-002373,ORD-010442,CUST-00350,PROD-0109,2023-11-14,defective,20.55,approved
RET-002374,ORD-010445,CUST-01326,PROD-0117,2023-11-07,defective,92.32,approved
RET-002375,ORD-010447,CUST-02045,PROD-0005,2023-11-21,other,9.88,approved
RET-002376,ORD-010448,CUST-00966,PROD-0013,2023-11-08,other,29.06,approved
RET-002377,ORD-010450,CUST-00050,PROD-0065,2023-11-10,changed_mind,21.14,approved
RET-002378,ORD-010453,CUST-00718,PROD-0052,2023-11-25,not_as_described,156.3,approved
RET-002379,ORD-010454,CUST-02348,PROD-0015,2023-11-26,not_as_described,159.31,approved
RET-002380,ORD-010456,CUST-01951,PROD-0064,2023-11-21,changed_mind,120.6,pending
RET-002381,ORD-010460,CUST-00465,PROD-0048,2023-11-19,changed_mind,77.7,approved
RET-002382,ORD-010461,CUST-01742,PROD-0060,2023-11-23,changed_mind,60.08,approved
RET-002383,ORD-010463,CUST-02355,PROD-0046,2023-11-09,defective,72.93,approved
RET-002384,ORD-010466,CUST-00801,PROD-0009,2023-11-17,wrong_item,14.75,approved
RET-002385,ORD-010468,CUST-01537,PROD-0093,2023-11-08,changed_mind,146.52,approved
RET-002386,ORD-010472,CUST-01328,PROD-0067,2023-11-13,changed_mind,63.98,approved
RET-002387,ORD-010482,CUST-01266,PROD-0101,2023-11-05,defective,43.02,approved
RET-002388,ORD-010485,CUST-01981,PROD-0060,2023-11-07,changed_mind,224.52,approved
RET-002389,ORD-010488,CUST-01522,PROD-0065,2023-11-15,changed_mind,42.12,approved
RET-002390,ORD-010493,CUST-01626,PROD-0057,2023-11-14,changed_mind,86.73,rejected
RET-002391,ORD-010494,CUST-00656,PROD-0010,2023-11-10,changed_mind,70.33,approved
RET-002392,ORD-010495,CUST-01043,PROD-0051,2023-11-23,wrong_item,41.81,approved
RET-002393,ORD-010499,CUST-01339,PROD-0107,2023-11-14,changed_mind,216.33,approved
RET-002394,ORD-010500,CUST-02536,PROD-0046,2023-11-14,defective,78.61,approved
RET-002395,ORD-010503,CUST-02999,PROD-0006,2023-11-12,defective,43.14,approved
RET-002396,ORD-010514,CUST-02032,PROD-0019,2023-11-22,changed_mind,56.95,approved
RET-002397,ORD-010518,CUST-00839,PROD-0020,2023-12-12,other,71.48,approved
RET-002398,ORD-010521,CUST-02540,PROD-0006,2023-11-13,defective,22.66,approved
RET-002399,ORD-010522,CUST-01734,PROD-0109,2023-11-06,defective,18.91,approved
RET-002400,ORD-010529,CUST-01829,PROD-0083,2023-11-13,not_as_described,199.2,approved
RET-002401,ORD-010530,CUST-02428,PROD-0119,2023-11-12,not_as_described,47.53,rejected
RET-002402,ORD-010534,CUST-02715,PROD-0066,2023-11-09,changed_mind,40.53,approved
RET-002403,ORD-010536,CUST-02465,PROD-0010,2023-11-14,wrong_item,75.53,approved
RET-002404,ORD-010543,CUST-01916,PROD-0136,2023-11-18,defective,29.82,approved
RET-002405,ORD-010546,CUST-02199,PROD-0017,2023-11-06,defective,31.57,approved
RET-002406,ORD-010547,CUST-02584,PROD-0028,2023-11-12,defective,499.7,approved
RET-002407,ORD-010548,CUST-00669,PROD-0147,2023-11-09,defective,184.26,rejected
RET-002408,ORD-010553,CUST-01529,PROD-0113,2023-11-16,changed_mind,63.79,approved
RET-002409,ORD-010556,CUST-02593,PROD-0049,2023-11-15,other,22.73,rejected
RET-002410,ORD-010557,CUST-00318,PROD-0018,2023-11-15,defective,46.76,approved
RET-002411,ORD-010560,CUST-02261,PROD-0131,2023-11-18,defective,12.16,approved
RET-002412,ORD-010564,CUST-02371,PROD-0107,2023-12-08,other,477.62,approved
RET-002413,ORD-010567,CUST-01877,PROD-0034,2023-11-07,defective,161.52,approved
RET-002414,ORD-010587,CUST-02834,PROD-0012,2023-11-20,not_as_described,107.04,pending
RET-002415,ORD-010599,CUST-00211,PROD-0139,2023-11-14,defective,32.88,approved
RET-002416,ORD-010601,CUST-02215,PROD-0146,2023-11-24,changed_mind,54.29,approved
RET-002417,ORD-010602,CUST-00186,PROD-0015,2023-11-15,changed_mind,284.46,approved
RET-002418,ORD-010604,CUST-00125,PROD-0113,2024-01-04,defective,64.78,approved
RET-002419,ORD-010607,CUST-01588,PROD-0091,2023-11-13,changed_mind,9.23,rejected
RET-002420,ORD-010610,CUST-02292,PROD-0095,2023-11-08,not_as_described,154.28,approved
RET-002421,ORD-010611,CUST-00942,PROD-0106,2023-12-02,changed_mind,8.02,approved
RET-002422,ORD-010614,CUST-00260,PROD-0110,2023-11-28,wrong_item,1282.29,approved
RET-002423,ORD-010615,CUST-00248,PROD-0110,2023-11-17,changed_mind,872.16,approved
RET-002424,ORD-010619,CUST-02282,PROD-0098,2023-11-29,defective,21.25,approved
RET-002425,ORD-010622,CUST-01848,PROD-0067,2023-12-02,not_as_described,228.69,approved
RET-002426,ORD-010625,CUST-01629,PROD-0121,2023-11-18,changed_mind,42.6,approved
RET-002427,ORD-010627,CUST-02164,PROD-0111,2023-11-12,defective,40.14,rejected
RET-002428,ORD-010636,CUST-00112,PROD-0039,2023-11-15,changed_mind,5.44,approved
RET-002429,ORD-010637,CUST-01479,PROD-0039,2023-11-11,defective,5.34,approved
RET-002430,ORD-010642,CUST-00069,PROD-0094,2023-11-11,changed_mind,16.4,approved
RET-002431,ORD-010648,CUST-01483,PROD-0029,2023-11-15,changed_mind,39.32,approved
RET-002432,ORD-010650,CUST-00701,PROD-0127,2023-11-13,wrong_item,129.1,approved
RET-002433,ORD-010653,CUST-02664,PROD-0006,2023-11-28,other,22.38,approved
RET-002434,ORD-010654,CUST-00882,PROD-0087,2023-11-11,defective,26.21,approved
RET-002435,ORD-010655,CUST-02624,PROD-0128,2023-11-29,wrong_item,35.32,rejected
RET-002436,ORD-010657,CUST-01373,PROD-0130,2023-11-20,wrong_item,32.58,rejected
RET-002437,ORD-010662,CUST-01939,PROD-0093,2023-11-09,not_as_described,33.63,approved
RET-002438,ORD-010669,CUST-01346,PROD-0124,2023-11-12,changed_mind,77.76,rejected
RET-002439,ORD-010670,CUST-00067,PROD-0102,2023-11-13,changed_mind,64.78,approved
RET-002440,ORD-010672,CUST-00518,PROD-0046,2023-11-28,defective,74.61,rejected
RET-002441,ORD-010673,CUST-00768,PROD-0131,2023-11-15,not_as_described,7.67,pending
RET-002442,ORD-010675,CUST-00828,PROD-0001,2023-11-10,changed_mind,43.03,approved
RET-002443,ORD-010676,CUST-02442,PROD-0125,2023-11-24,defective,69.22,approved
RET-002444,ORD-010683,CUST-02590,PROD-0004,2023-11-23,changed_mind,34.24,rejected
RET-002445,ORD-010686,CUST-00420,PROD-0001,2023-11-16,not_as_described,46.15,rejected
RET-002446,ORD-010688,CUST-00268,PROD-0117,2023-11-20,defective,46.16,approved
RET-002447,ORD-010689,CUST-01651,PROD-0052,2023-11-13,defective,76.09,approved
RET-002448,ORD-010691,CUST-02452,PROD-0136,2023-11-25,other,28.65,pending
RET-002449,ORD-010700,CUST-01155,PROD-0059,2023-11-14,changed_mind,71.64,approved
RET-002450,ORD-010702,CUST-02443,PROD-0042,2023-12-07,defective,115.26,approved
RET-002451,ORD-010706,CUST-01540,PROD-0131,2023-11-19,wrong_item,8.44,approved
RET-002452,ORD-010723,CUST-01798,PROD-0109,2023-11-18,defective,18.83,approved
RET-002453,ORD-010729,CUST-02793,PROD-0143,2023-11-24,wrong_item,57.16,rejected
RET-002454,ORD-010730,CUST-01307,PROD-0115,2023-11-19,changed_mind,65.09,pending
RET-002455,ORD-010731,CUST-01902,PROD-0104,2023-11-13,changed_mind,26.95,approved
RET-002456,ORD-010732,CUST-00911,PROD-0074,2023-11-30,other,91.2,approved
RET-002457,ORD-010733,CUST-00276,PROD-0120,2023-11-20,wrong_item,69.32,approved
RET-002458,ORD-010736,CUST-02578,PROD-0092,2023-11-19,not_as_described,53.21,approved
RET-002459,ORD-010739,CUST-01917,PROD-0026,2023-11-13,changed_mind,67.97,approved
RET-002460,ORD-010748,CUST-02725,PROD-0132,2023-11-25,defective,29.78,approved
RET-002461,ORD-010751,CUST-01501,PROD-0092,2023-11-25,changed_mind,49.21,approved
RET-002462,ORD-010754,CUST-01620,PROD-0051,2023-12-03,not_as_described,39.89,approved
RET-002463,ORD-010755,CUST-00002,PROD-0097,2023-11-23,defective,96.98,approved
RET-002464,ORD-010760,CUST-02198,PROD-0150,2023-11-23,defective,38.79,rejected
RET-002465,ORD-010765,CUST-02216,PROD-0041,2023-11-30,other,41.95,approved
RET-002466,ORD-010772,CUST-00597,PROD-0064,2023-11-18,wrong_item,125.0,approved
RET-002467,ORD-010776,CUST-00452,PROD-0083,2023-12-14,not_as_described,71.31,approved
RET-002468,ORD-010779,CUST-01994,PROD-0023,2023-11-14,defective,250.14,approved
RET-002469,ORD-010785,CUST-02085,PROD-0090,2023-12-05,defective,24.34,approved
RET-002470,ORD-010786,CUST-02895,PROD-0125,2023-11-15,wrong_item,32.1,approved
RET-002471,ORD-010789,CUST-01203,PROD-0099,2023-11-17,changed_mind,30.6,approved
RET-002472,ORD-010791,CUST-01528,PROD-0086,2023-11-23,changed_mind,9.43,approved
RET-002473,ORD-010798,CUST-00464,PROD-0109,2023-11-17,defective,38.3,approved
RET-002474,ORD-010799,CUST-01527,PROD-0029,2023-11-21,defective,18.26,approved
RET-002475,ORD-010801,CUST-01414,PROD-0061,2023-11-23,changed_mind,31.8,approved
RET-002476,ORD-010805,CUST-00087,PROD-0033,2023-11-21,defective,18.73,approved
RET-002477,ORD-010807,CUST-00572,PROD-0132,2023-11-17,not_as_described,28.13,approved
RET-002478,ORD-010808,CUST-00163,PROD-0129,2023-11-28,wrong_item,34.99,approved
RET-002479,ORD-010809,CUST-00625,PROD-0095,2023-11-22,not_as_described,43.18,approved
RET-002480,ORD-010820,CUST-02921,PROD-0122,2023-11-14,changed_mind,19.79,rejected
RET-002481,ORD-010824,CUST-02170,PROD-0005,2023-12-08,defective,20.77,approved
RET-002482,ORD-010827,CUST-01963,PROD-0080,2023-11-16,defective,99.36,approved
RET-002483,ORD-010834,CUST-01246,PROD-0042,2023-11-19,defective,39.42,approved
RET-002484,ORD-010840,CUST-02489,PROD-0046,2023-11-17,defective,72.77,approved
RET-002485,ORD-010841,CUST-02614,PROD-0028,2023-11-28,changed_mind,235.39,approved
RET-002486,ORD-010845,CUST-01024,PROD-0015,2023-11-19,other,98.46,approved
RET-002487,ORD-010850,CUST-02817,PROD-0021,2023-11-23,defective,63.66,approved
RET-002488,ORD-010851,CUST-01309,PROD-0013,2023-11-18,changed_mind,72.61,approved
RET-002489,ORD-010859,CUST-00167,PROD-0072,2023-11-20,defective,76.01,approved
RET-002490,ORD-010861,CUST-00173,PROD-0052,2023-11-16,defective,76.93,approved
RET-002491,ORD-010868,CUST-01801,PROD-0065,2023-12-11,changed_mind,19.67,approved
RET-002492,ORD-010872,CUST-01044,PROD-0061,2023-11-19,wrong_item,28.86,approved
RET-002493,ORD-010878,CUST-01550,PROD-0139,2023-11-19,defective,34.82,pending
RET-002494,ORD-010879,CUST-02463,PROD-0049,2023-11-16,changed_mind,21.67,approved
RET-002495,ORD-010880,CUST-00468,PROD-0139,2023-11-18,changed_mind,32.89,approved
RET-002496,ORD-010885,CUST-02473,PROD-0069,2023-11-19,changed_mind,28.9,approved
RET-002497,ORD-010886,CUST-01485,PROD-0107,2023-11-27,changed_mind,706.17,approved
RET-002498,ORD-010889,CUST-01079,PROD-0105,2023-11-16,defective,23.25,rejected
RET-002499,ORD-010898,CUST-02284,PROD-0093,2023-11-18,not_as_described,113.16,approved
RET-002500,ORD-010901,CUST-01732,PROD-0045,2023-11-30,defective,29.67,approved
RET-002501,ORD-010902,CUST-02107,PROD-0006,2023-11-26,defective,40.46,approved
RET-002502,ORD-010903,CUST-00840,PROD-0013,2023-12-02,changed_mind,154.76,approved
RET-002503,ORD-010909,CUST-01382,PROD-0105,2023-11-20,defective,13.51,approved
RET-002504,ORD-010913,CUST-02587,PROD-0030,2023-11-18,defective,101.11,approved
RET-002505,ORD-010920,CUST-00442,PROD-0021,2023-11-16,defective,63.07,approved
RET-002506,ORD-010922,CUST-00646,PROD-0021,2023-11-26,defective,130.58,approved
RET-002507,ORD-010927,CUST-02440,PROD-0098,2023-11-21,changed_mind,46.08,approved
RET-002508,ORD-010929,CUST-01954,PROD-0139,2023-12-01,changed_mind,33.63,approved
RET-002509,ORD-010935,CUST-02178,PROD-0009,2023-12-05,defective,16.02,approved
RET-002510,ORD-010941,CUST-00351,PROD-0118,2023-11-24,defective,463.8,approved
RET-002511,ORD-010944,CUST-00410,PROD-0086,2023-11-23,wrong_item,9.74,approved
RET-002512,ORD-010945,CUST-00214,PROD-0126,2023-11-30,wrong_item,133.67,pending
RET-002513,ORD-010947,CUST-01268,PROD-0059,2023-12-04,wrong_item,17.66,approved
RET-002514,ORD-010951,CUST-00186,PROD-0090,2023-12-14,defective,21.72,approved
RET-002515,ORD-010953,CUST-00993,PROD-0021,2023-11-24,changed_mind,20.91,approved
RET-002516,ORD-010955,CUST-01888,PROD-0025,2023-11-27,changed_mind,152.35,approved
RET-002517,ORD-010961,CUST-02494,PROD-0030,2023-11-26,defective,211.86,approved
RET-002518,ORD-010965,CUST-00953,PROD-0079,2023-11-30,changed_mind,83.66,approved
RET-002519,ORD-010967,CUST-00511,PROD-0073,2023-11-29,other,12.81,approved
RET-002520,ORD-010972,CUST-00092,PROD-0113,2023-12-09,changed_mind,62.67,approved
RET-002521,ORD-010977,CUST-00703,PROD-0017,2023-11-26,defective,20.34,approved
RET-002522,ORD-010979,CUST-01864,PROD-0030,2023-11-27,defective,107.43,approved
RET-002523,ORD-010981,CUST-01350,PROD-0013,2023-11-30,changed_mind,83.07,approved
RET-002524,ORD-010988,CUST-00620,PROD-0122,2023-11-20,changed_mind,23.2,approved
RET-002525,ORD-010989,CUST-02435,PROD-0101,2023-11-25,defective,40.68,approved
RET-002526,ORD-010990,CUST-00266,PROD-0083,2023-11-27,not_as_described,65.84,approved
RET-002527,ORD-010992,CUST-02342,PROD-0068,2023-12-02,defective,41.0,approved
RET-002528,ORD-010996,CUST-01380,PROD-0043,2023-11-28,changed_mind,34.05,approved
RET-002529,ORD-010998,CUST-02977,PROD-0138,2023-11-18,wrong_item,49.13,rejected
RET-002530,ORD-011000,CUST-00950,PROD-0137,2023-11-23,defective,56.36,approved
RET-002531,ORD-011001,CUST-00334,PROD-0080,2023-11-24,changed_mind,91.04,approved
RET-002532,ORD-011007,CUST-00757,PROD-0041,2023-12-05,defective,40.36,approved
RET-002533,ORD-011011,CUST-01002,PROD-0079,2023-12-03,not_as_described,38.48,approved
RET-002534,ORD-011026,CUST-02909,PROD-0015,2023-11-20,changed_mind,144.27,rejected
RET-002535,ORD-011033,CUST-00436,PROD-0015,2023-11-26,changed_mind,165.18,approved
RET-002536,ORD-011035,CUST-00340,PROD-0059,2023-11-26,other,36.02,approved
RET-002537,ORD-011039,CUST-01118,PROD-0008,2023-12-03,changed_mind,198.84,approved
RET-002538,ORD-011040,CUST-01023,PROD-0027,2023-11-29,wrong_item,6.9,approved
RET-002539,ORD-011050,CUST-01542,PROD-0080,2023-12-04,changed_mind,49.26,approved
RET-002540,ORD-011054,CUST-00243,PROD-0023,2023-11-23,defective,126.55,rejected
RET-002541,ORD-011062,CUST-02549,PROD-0012,2023-12-02,defective,32.46,approved
RET-002542,ORD-011067,CUST-01419,PROD-0027,2023-12-01,defective,13.52,approved
RET-002543,ORD-011075,CUST-00427,PROD-0061,2023-12-07,defective,27.64,approved
RET-002544,ORD-011078,CUST-01623,PROD-0009,2023-11-21,defective,15.17,approved
RET-002545,ORD-011080,CUST-01174,PROD-0139,2023-11-30,defective,33.15,approved
RET-002546,ORD-011087,CUST-02835,PROD-0145,2023-12-11,changed_mind,41.64,approved
RET-002547,ORD-011088,CUST-01185,PROD-0022,2023-12-06,defective,48.03,approved
RET-002548,ORD-011090,CUST-02706,PROD-0128,2023-12-08,not_as_described,151.2,rejected
RET-002549,ORD-011095,CUST-00438,PROD-0008,2023-11-30,not_as_described,48.48,rejected
RET-002550,ORD-011099,CUST-00648,PROD-0101,2023-12-20,defective,40.98,approved
RET-002551,ORD-011101,CUST-01361,PROD-0074,2023-12-01,changed_mind,94.06,rejected
RET-002552,ORD-011102,CUST-02783,PROD-0069,2023-12-02,changed_mind,28.36,approved
RET-002553,ORD-011103,CUST-02484,PROD-0001,2023-12-20,wrong_item,129.12,approved
RET-002554,ORD-011110,CUST-02742,PROD-0100,2023-12-03,changed_mind,35.3,approved
RET-002555,ORD-011119,CUST-02977,PROD-0022,2023-11-27,defective,48.87,approved
RET-002556,ORD-011120,CUST-01537,PROD-0143,2023-12-10,wrong_item,26.74,approved
RET-002557,ORD-011121,CUST-02517,PROD-0045,2023-11-27,other,31.96,approved
RET-002558,ORD-011123,CUST-00117,PROD-0119,2023-12-05,changed_mind,51.98,approved
RET-002559,ORD-011129,CUST-02615,PROD-0081,2023-12-09,changed_mind,50.59,approved
RET-002560,ORD-011134,CUST-01060,PROD-0026,2023-11-27,wrong_item,61.94,approved
RET-002561,ORD-011136,CUST-00442,PROD-0021,2023-11-28,defective,213.54,approved
RET-002562,ORD-011137,CUST-01280,PROD-0077,2023-11-25,wrong_item,25.38,approved
RET-002563,ORD-011138,CUST-00767,PROD-0043,2023-11-24,changed_mind,69.37,approved
RET-002564,ORD-011142,CUST-01110,PROD-0048,2023-12-06,defective,50.39,approved
RET-002565,ORD-011146,CUST-00990,PROD-0146,2023-11-28,not_as_described,97.35,approved
RET-002566,ORD-011148,CUST-01100,PROD-0120,2023-11-27,changed_mind,68.46,approved
RET-002567,ORD-011154,CUST-02115,PROD-0012,2023-12-06,defective,36.23,approved
RET-002568,ORD-011159,CUST-00711,PROD-0055,2023-11-29,not_as_described,62.97,rejected
RET-002569,ORD-011160,CUST-00355,PROD-0096,2023-12-01,defective,57.16,approved
RET-002570,ORD-011172,CUST-01761,PROD-0007,2023-12-07,changed_mind,12.29,approved
RET-002571,ORD-011175,CUST-01541,PROD-0018,2023-11-28,wrong_item,47.75,approved
RET-002572,ORD-011176,CUST-01634,PROD-0150,2023-11-30,defective,44.52,rejected
RET-002573,ORD-011179,CUST-02267,PROD-0033,2023-11-28,defective,17.4,approved
RET-002574,ORD-011180,CUST-02517,PROD-0012,2023-12-06,defective,31.83,rejected
RET-002575,ORD-011182,CUST-01179,PROD-0044,2023-12-05,defective,21.12,approved
RET-002576,ORD-011184,CUST-00837,PROD-0028,2023-11-26,defective,534.08,approved
RET-002577,ORD-011185,CUST-01051,PROD-0103,2023-12-06,defective,31.91,approved
RET-002578,ORD-011186,CUST-01617,PROD-0139,2023-12-12,defective,26.66,approved
RET-002579,ORD-011189,CUST-02997,PROD-0062,2023-12-01,not_as_described,12.56,approved
RET-002580,ORD-011195,CUST-01592,PROD-0071,2023-11-27,defective,63.76,approved
RET-002581,ORD-011201,CUST-02663,PROD-0068,2023-12-13,changed_mind,34.05,approved
RET-002582,ORD-011203,CUST-02506,PROD-0130,2023-12-09,not_as_described,30.27,approved
RET-002583,ORD-011204,CUST-01692,PROD-0070,2023-12-12,changed_mind,108.24,pending
RET-002584,ORD-011205,CUST-00371,PROD-0042,2023-11-28,not_as_described,36.23,pending
RET-002585,ORD-011207,CUST-02436,PROD-0019,2023-11-25,changed_mind,58.08,approved
RET-002586,ORD-011210,CUST-02193,PROD-0044,2023-12-11,changed_mind,23.93,approved
RET-002587,ORD-011213,CUST-02194,PROD-0058,2023-12-03,changed_mind,34.1,approved
RET-002588,ORD-011216,CUST-00002,PROD-0077,2023-12-04,other,50.72,approved
RET-002589,ORD-011222,CUST-02013,PROD-0001,2023-12-09,other,43.12,approved
RET-002590,ORD-011232,CUST-00469,PROD-0030,2023-11-29,changed_mind,106.91,approved
RET-002591,ORD-011235,CUST-00544,PROD-0019,2023-12-02,wrong_item,38.61,approved
RET-002592,ORD-011236,CUST-02830,PROD-0056,2023-11-30,changed_mind,59.07,approved
RET-002593,ORD-011238,CUST-00484,PROD-0147,2023-11-29,changed_mind,86.89,rejected
RET-002594,ORD-011239,CUST-00323,PROD-0060,2023-12-08,defective,179.73,approved
RET-002595,ORD-011242,CUST-00437,PROD-0054,2023-11-28,other,26.77,approved
RET-002596,ORD-011245,CUST-01011,PROD-0046,2023-12-07,defective,84.48,approved
RET-002597,ORD-011248,CUST-01191,PROD-0078,2023-12-02,defective,90.12,pending
RET-002598,ORD-011249,CUST-00804,PROD-0078,2023-12-07,defective,43.74,approved
RET-002599,ORD-011256,CUST-00074,PROD-0021,2023-12-18,defective,63.41,approved
RET-002600,ORD-011264,CUST-00914,PROD-0119,2023-12-08,changed_mind,203.04,approved
RET-002601,ORD-011267,CUST-01053,PROD-0097,2023-12-01,defective,90.78,approved
RET-002602,ORD-011270,CUST-02034,PROD-0057,2023-11-30,changed_mind,84.6,approved
RET-002603,ORD-011271,CUST-00303,PROD-0060,2023-12-02,other,62.3,approved
RET-002604,ORD-011282,CUST-02926,PROD-0085,2023-12-11,defective,27.54,approved
RET-002605,ORD-011284,CUST-01711,PROD-0117,2023-12-23,defective,20.58,approved
RET-002606,ORD-011287,CUST-02099,PROD-0067,2023-12-02,changed_mind,79.73,pending
RET-002607,ORD-011297,CUST-02407,PROD-0136,2023-12-10,defective,59.38,approved
RET-002608,ORD-011300,CUST-01645,PROD-0087,2023-12-07,defective,28.37,approved
RET-002609,ORD-011305,CUST-01283,PROD-0051,2023-12-06,changed_mind,42.83,pending
RET-002610,ORD-011307,CUST-02898,PROD-0150,2023-12-03,defective,53.91,approved
RET-002611,ORD-011310,CUST-01393,PROD-0026,2023-12-06,wrong_item,26.89,approved
RET-002612,ORD-011315,CUST-00339,PROD-0041,2023-12-04,defective,43.79,approved
RET-002613,ORD-011325,CUST-00604,PROD-0077,2023-12-06,wrong_item,51.62,approved
RET-002614,ORD-011329,CUST-00394,PROD-0018,2023-12-16,changed_mind,47.71,approved
RET-002615,ORD-011331,CUST-01467,PROD-0019,2023-12-01,changed_mind,53.55,approved
RET-002616,ORD-011333,CUST-00975,PROD-0077,2023-12-01,changed_mind,20.26,approved
RET-002617,ORD-011335,CUST-01029,PROD-0124,2023-12-03,defective,76.66,approved
RET-002618,ORD-011337,CUST-01705,PROD-0070,2023-12-28,wrong_item,27.0,approved
RET-002619,ORD-011338,CUST-00244,PROD-0025,2023-12-17,changed_mind,149.61,rejected
RET-002620,ORD-011339,CUST-02067,PROD-0025,2023-12-05,not_as_described,144.32,approved
RET-002621,ORD-011341,CUST-02003,PROD-0036,2023-12-09,changed_mind,111.13,approved
RET-002622,ORD-011342,CUST-01731,PROD-0130,2023-12-11,not_as_described,33.72,rejected
RET-002623,ORD-011343,CUST-02893,PROD-0100,2023-12-01,changed_mind,16.08,approved
RET-002624,ORD-011344,CUST-00658,PROD-0094,2023-12-02,changed_mind,7.88,approved
RET-002625,ORD-011345,CUST-02322,PROD-0126,2023-12-07,defective,123.4,approved
RET-002626,ORD-011346,CUST-00623,PROD-0134,2023-12-11,wrong_item,44.42,approved
RET-002627,ORD-011348,CUST-00723,PROD-0149,2023-12-08,defective,26.56,approved
RET-002628,ORD-011351,CUST-00837,PROD-0058,2023-12-10,changed_mind,33.84,approved
RET-002629,ORD-011353,CUST-00730,PROD-0126,2023-12-17,not_as_described,132.99,approved
RET-002630,ORD-011355,CUST-00457,PROD-0013,2023-12-05,wrong_item,74.78,approved
RET-002631,ORD-011359,CUST-02284,PROD-0067,2023-12-04,wrong_item,81.48,approved
RET-002632,ORD-011363,CUST-02011,PROD-0029,2023-12-08,defective,19.03,approved
RET-002633,ORD-011366,CUST-02596,PROD-0119,2023-12-07,changed_mind,51.57,approved
RET-002634,ORD-011368,CUST-00733,PROD-0132,2023-12-10,defective,55.98,rejected
RET-002635,ORD-011369,CUST-02113,PROD-0042,2023-12-27,defective,33.8,approved
RET-002636,ORD-011374,CUST-00561,PROD-0149,2023-12-17,changed_mind,59.0,approved
RET-002637,ORD-011378,CUST-02053,PROD-0111,2023-12-24,changed_mind,83.12,approved
RET-002638,ORD-011381,CUST-00727,PROD-0064,2023-12-07,wrong_item,110.52,approved
RET-002639,ORD-011384,CUST-00399,PROD-0017,2023-12-05,defective,36.64,approved
RET-002640,ORD-011386,CUST-01811,PROD-0021,2023-12-04,defective,62.97,approved
RET-002641,ORD-011391,CUST-02903,PROD-0148,2023-12-15,changed_mind,85.44,approved
RET-002642,ORD-011392,CUST-01829,PROD-0120,2023-12-25,changed_mind,66.07,approved
RET-002643,ORD-011396,CUST-01132,PROD-0122,2023-12-08,wrong_item,22.41,approved
RET-002644,ORD-011398,CUST-01685,PROD-0061,2023-12-18,defective,28.37,approved
RET-002645,ORD-011405,CUST-01871,PROD-0059,2023-12-15,defective,18.01,approved
RET-002646,ORD-011408,CUST-01130,PROD-0129,2023-12-06,defective,109.08,approved
RET-002647,ORD-011415,CUST-00162,PROD-0022,2023-12-13,defective,46.63,approved
RET-002648,ORD-011418,CUST-01556,PROD-0129,2023-12-18,changed_mind,40.22,approved
RET-002649,ORD-011419,CUST-00272,PROD-0022,2023-12-02,defective,42.8,approved
RET-002650,ORD-011426,CUST-00709,PROD-0136,2023-12-21,changed_mind,15.37,approved
RET-002651,ORD-011428,CUST-02366,PROD-0087,2023-12-11,changed_mind,29.25,approved
RET-002652,ORD-011429,CUST-00516,PROD-0150,2023-12-25,defective,32.3,approved
RET-002653,ORD-011435,CUST-01377,PROD-0139,2023-12-06,defective,70.3,approved
RET-002654,ORD-011444,CUST-02836,PROD-0126,2023-12-08,defective,243.82,approved
RET-002655,ORD-011445,CUST-02468,PROD-0032,2023-12-09,defective,144.64,approved
RET-002656,ORD-011446,CUST-02634,PROD-0118,2023-12-05,wrong_item,79.66,approved
RET-002657,ORD-011447,CUST-02003,PROD-0023,2023-12-04,not_as_described,135.15,approved
RET-002658,ORD-011448,CUST-02083,PROD-0075,2023-12-05,not_as_described,66.16,approved
RET-002659,ORD-011450,CUST-00483,PROD-0046,2023-12-18,defective,230.07,approved
RET-002660,ORD-011454,CUST-00357,PROD-0128,2023-12-22,not_as_described,39.14,approved
RET-002661,ORD-011455,CUST-02255,PROD-0096,2023-12-23,defective,57.6,approved
RET-002662,ORD-011459,CUST-01754,PROD-0047,2023-12-08,defective,4.96,approved
RET-002663,ORD-011460,CUST-00012,PROD-0043,2023-12-18,changed_mind,262.24,approved
RET-002664,ORD-011462,CUST-02629,PROD-0053,2023-12-08,wrong_item,68.83,approved
RET-002665,ORD-011465,CUST-01410,PROD-0044,2023-12-05,defective,44.06,approved
RET-002666,ORD-011471,CUST-02332,PROD-0109,2023-12-12,defective,19.11,approved
RET-002667,ORD-011474,CUST-01500,PROD-0035,2023-12-16,changed_mind,18.79,approved
RET-002668,ORD-011475,CUST-02958,PROD-0080,2023-12-16,not_as_described,51.31,approved
RET-002669,ORD-011476,CUST-00443,PROD-0150,2023-12-13,defective,50.38,approved
RET-002670,ORD-011479,CUST-02440,PROD-0124,2023-12-17,changed_mind,85.33,approved
RET-002671,ORD-011480,CUST-01985,PROD-0048,2023-12-12,wrong_item,48.12,approved
RET-002672,ORD-011482,CUST-02642,PROD-0128,2023-12-12,changed_mind,35.44,approved
RET-002673,ORD-011483,CUST-01923,PROD-0017,2023-12-12,defective,35.36,approved
RET-002674,ORD-011484,CUST-02084,PROD-0020,2023-12-15,changed_mind,37.07,approved
RET-002675,ORD-011486,CUST-02523,PROD-0057,2023-12-26,changed_mind,30.65,approved
RET-002676,ORD-011494,CUST-02317,PROD-0083,2023-12-31,defective,69.79,approved
RET-002677,ORD-011499,CUST-00105,PROD-0030,2023-12-10,wrong_item,107.93,approved
RET-002678,ORD-011507,CUST-02348,PROD-0044,2023-12-16,defective,23.22,pending
RET-002679,ORD-011510,CUST-01399,PROD-0090,2023-12-05,wrong_item,22.51,approved
RET-002680,ORD-011515,CUST-00400,PROD-0052,2023-12-08,defective,32.55,approved
RET-002681,ORD-011517,CUST-00771,PROD-0052,2023-12-11,defective,158.04,approved
RET-002682,ORD-011520,CUST-00991,PROD-0135,2023-12-07,not_as_described,122.04,approved
RET-002683,ORD-011523,CUST-01782,PROD-0046,2023-12-05,changed_mind,72.76,approved
RET-002684,ORD-011527,CUST-00398,PROD-0028,2023-12-18,defective,236.35,approved
RET-002685,ORD-011529,CUST-01215,PROD-0016,2023-12-13,changed_mind,21.25,approved
RET-002686,ORD-011531,CUST-00905,PROD-0080,2023-12-15,defective,95.52,approved
RET-002687,ORD-011534,CUST-00695,PROD-0111,2023-12-22,defective,44.57,approved
RET-002688,ORD-011545,CUST-01859,PROD-0141,2023-12-07,not_as_described,133.19,approved
RET-002689,ORD-011547,CUST-02016,PROD-0076,2023-12-27,defective,48.56,approved
RET-002690,ORD-011553,CUST-01445,PROD-0005,2023-12-08,defective,21.69,approved
RET-002691,ORD-011554,CUST-02437,PROD-0104,2023-12-22,changed_mind,25.14,approved
RET-002692,ORD-011555,CUST-00430,PROD-0046,2023-12-18,defective,84.78,approved
RET-002693,ORD-011561,CUST-01202,PROD-0105,2023-12-11,defective,22.45,pending
RET-002694,ORD-011562,CUST-01459,PROD-0146,2023-12-09,wrong_item,297.06,approved
RET-002695,ORD-011563,CUST-01147,PROD-0060,2023-12-24,changed_mind,59.3,approved
RET-002696,ORD-011566,CUST-01602,PROD-0021,2023-12-18,wrong_item,42.13,approved
RET-002697,ORD-011569,CUST-01587,PROD-0071,2023-12-20,changed_mind,44.59,pending
RET-002698,ORD-011570,CUST-01820,PROD-0077,2023-12-16,defective,26.85,rejected
RET-002699,ORD-011573,CUST-00088,PROD-0021,2023-12-08,defective,146.46,approved
RET-002700,ORD-011578,CUST-01788,PROD-0123,2023-12-22,defective,49.33,approved
RET-002701,ORD-011582,CUST-01085,PROD-0118,2023-12-11,defective,103.4,approved
RET-002702,ORD-011586,CUST-01186,PROD-0095,2023-12-18,changed_mind,82.1,approved
RET-002703,ORD-011590,CUST-02390,PROD-0059,2023-12-18,defective,17.31,approved
RET-002704,ORD-011593,CUST-01667,PROD-0060,2023-12-23,wrong_item,63.79,approved
RET-002705,ORD-011594,CUST-00779,PROD-0127,2023-12-14,changed_mind,56.0,approved
RET-002706,ORD-011599,CUST-02950,PROD-0125,2023-12-21,defective,105.93,approved
RET-002707,ORD-011602,CUST-01283,PROD-0041,2023-12-30,defective,40.46,approved
RET-002708,ORD-011603,CUST-02266,PROD-0068,2023-12-21,changed_mind,33.42,approved
RET-002709,ORD-011614,CUST-02529,PROD-0131,2023-12-12,not_as_described,9.18,pending
RET-002710,ORD-011617,CUST-01072,PROD-0120,2024-01-07,changed_mind,61.54,pending
RET-002711,ORD-011621,CUST-00378,PROD-0125,2023-12-11,defective,33.17,approved
RET-002712,ORD-011625,CUST-00978,PROD-0070,2024-01-06,changed_mind,54.98,approved
RET-002713,ORD-011631,CUST-00409,PROD-0080,2023-12-14,not_as_described,36.97,approved
RET-002714,ORD-011633,CUST-01542,PROD-0017,2023-12-22,defective,33.82,pending
RET-002715,ORD-011634,CUST-02888,PROD-0134,2024-01-09,changed_mind,20.68,approved
RET-002716,ORD-011635,CUST-00249,PROD-0070,2023-12-13,changed_mind,27.51,approved
RET-002717,ORD-011640,CUST-02852,PROD-0111,2023-12-18,changed_mind,40.32,rejected
RET-002718,ORD-011642,CUST-02030,PROD-0033,2023-12-17,defective,17.04,approved
RET-002719,ORD-011643,CUST-01374,PROD-0048,2023-12-18,changed_mind,45.47,approved
RET-002720,ORD-011650,CUST-00099,PROD-0141,2023-12-12,not_as_described,138.64,approved
RET-002721,ORD-011652,CUST-01759,PROD-0043,2023-12-24,defective,206.4,approved
RET-002722,ORD-011656,CUST-00673,PROD-0033,2023-12-15,changed_mind,17.06,approved
RET-002723,ORD-011659,CUST-00918,PROD-0139,2023-12-25,defective,34.07,approved
RET-002724,ORD-011664,CUST-01292,PROD-0003,2023-12-31,changed_mind,125.38,approved
RET-002725,ORD-011667,CUST-02367,PROD-0130,2023-12-15,wrong_item,33.23,approved
RET-002726,ORD-011669,CUST-01794,PROD-0127,2023-12-24,defective,130.24,approved
RET-002727,ORD-011670,CUST-01048,PROD-0012,2023-12-29,defective,29.72,approved
RET-002728,ORD-011681,CUST-00986,PROD-0020,2023-12-12,changed_mind,76.04,approved
RET-002729,ORD-011683,CUST-02199,PROD-0075,2023-12-18,defective,70.94,approved
RET-002730,ORD-011686,CUST-02221,PROD-0136,2023-12-17,changed_mind,32.95,rejected
RET-002731,ORD-011687,CUST-02285,PROD-0052,2023-12-20,defective,84.98,approved
RET-002732,ORD-011691,CUST-01525,PROD-0122,2023-12-16,changed_mind,21.93,approved
RET-002733,ORD-011702,CUST-00095,PROD-0021,2023-12-28,defective,37.21,approved
RET-002734,ORD-011705,CUST-02320,PROD-0088,2023-12-26,defective,75.62,approved
RET-002735,ORD-011710,CUST-00356,PROD-0091,2024-01-04,changed_mind,10.41,approved
RET-002736,ORD-011713,CUST-02657,PROD-0132,2023-12-18,changed_mind,29.93,rejected
RET-002737,ORD-011714,CUST-02203,PROD-0089,2024-01-01,wrong_item,12.41,pending
RET-002738,ORD-011720,CUST-00988,PROD-0070,2023-12-20,changed_mind,27.68,approved
RET-002739,ORD-011721,CUST-00930,PROD-0083,2023-12-15,defective,132.72,approved
RET-002740,ORD-011727,CUST-01330,PROD-0031,2023-12-20,changed_mind,32.24,approved
RET-002741,ORD-011728,CUST-00827,PROD-0141,2023-12-18,other,123.04,approved
RET-002742,ORD-011729,CUST-01298,PROD-0070,2023-12-23,changed_mind,25.61,approved
RET-002743,ORD-011734,CUST-01937,PROD-0084,2023-12-17,defective,74.2,approved
RET-002744,ORD-011737,CUST-00434,PROD-0122,2023-12-27,other,27.85,approved
RET-002745,ORD-011741,CUST-01845,PROD-0089,2023-12-15,changed_mind,37.44,approved
RET-002746,ORD-011742,CUST-01566,PROD-0074,2023-12-15,wrong_item,204.12,approved
RET-002747,ORD-011764,CUST-02231,PROD-0079,2023-12-31,changed_mind,40.47,approved
RET-002748,ORD-011771,CUST-00197,PROD-0131,2023-12-15,not_as_described,10.83,approved
RET-002749,ORD-011776,CUST-00843,PROD-0011,2023-12-22,changed_mind,11.6,approved
RET-002750,ORD-011778,CUST-02358,PROD-0016,2023-12-24,defective,20.3,approved
RET-002751,ORD-011781,CUST-00195,PROD-0029,2023-12-24,changed_mind,41.3,approved
RET-002752,ORD-011784,CUST-00589,PROD-0023,2023-12-19,defective,42.06,approved
RET-002753,ORD-011785,CUST-00597,PROD-0149,2023-12-17,defective,60.72,rejected
RET-002754,ORD-011789,CUST-01489,PROD-0068,2023-12-20,changed_mind,10.2,approved
RET-002755,ORD-011793,CUST-01116,PROD-0054,2023-12-17,defective,26.47,rejected
RET-002756,ORD-011798,CUST-02518,PROD-0076,2023-12-20,defective,51.48,approved
RET-002757,ORD-011803,CUST-02590,PROD-0016,2024-01-16,defective,21.82,approved
RET-002758,ORD-011807,CUST-00489,PROD-0095,2023-12-16,wrong_item,39.24,pending
RET-002759,ORD-011809,CUST-02266,PROD-0116,2023-12-26,not_as_described,24.04,pending
RET-002760,ORD-011812,CUST-01181,PROD-0093,2023-12-19,defective,37.58,approved
RET-002761,ORD-011817,CUST-02465,PROD-0030,2023-12-17,defective,108.05,approved
RET-002762,ORD-011820,CUST-02479,PROD-0105,2023-12-23,defective,22.82,approved
RET-002763,ORD-011821,CUST-00185,PROD-0064,2024-01-05,not_as_described,61.12,approved
RET-002764,ORD-011822,CUST-00938,PROD-0028,2024-01-09,defective,237.06,approved
RET-002765,ORD-011826,CUST-00812,PROD-0085,2023-12-28,defective,71.58,approved
RET-002766,ORD-011829,CUST-02821,PROD-0010,2023-12-29,changed_mind,72.29,approved
RET-002767,ORD-011830,CUST-02401,PROD-0119,2024-01-12,wrong_item,103.06,approved
RET-002768,ORD-011832,CUST-00650,PROD-0078,2023-12-28,not_as_described,124.62,approved
RET-002769,ORD-011838,CUST-02032,PROD-0147,2023-12-19,defective,97.02,approved
RET-002770,ORD-011839,CUST-02200,PROD-0034,2023-12-17,wrong_item,54.22,approved
RET-002771,ORD-011840,CUST-02452,PROD-0048,2023-12-20,defective,75.37,approved
RET-002772,ORD-011849,CUST-01240,PROD-0073,2023-12-24,defective,19.66,approved
RET-002773,ORD-011850,CUST-00023,PROD-0001,2023-12-30,defective,194.08,approved
RET-002774,ORD-011854,CUST-02994,PROD-0011,2023-12-19,defective,44.44,approved
RET-002775,ORD-011855,CUST-00077,PROD-0095,2024-01-11,not_as_described,86.8,approved
RET-002776,ORD-011857,CUST-02605,PROD-0011,2023-12-21,defective,43.04,approved
RET-002777,ORD-011865,CUST-00685,PROD-0028,2023-12-26,other,235.64,approved
RET-002778,ORD-011866,CUST-01965,PROD-0132,2023-12-21,wrong_item,27.39,approved
RET-002779,ORD-011873,CUST-00700,PROD-0021,2023-12-29,wrong_item,203.94,approved
RET-002780,ORD-011876,CUST-02729,PROD-0008,2023-12-27,wrong_item,38.87,approved
RET-002781,ORD-011880,CUST-01070,PROD-0091,2023-12-24,defective,29.55,rejected
RET-002782,ORD-011884,CUST-00934,PROD-0118,2023-12-18,defective,207.66,approved
RET-002783,ORD-011885,CUST-02542,PROD-0148,2023-12-23,changed_mind,40.59,approved
RET-002784,ORD-011886,CUST-01112,PROD-0033,2023-12-23,defective,34.36,approved
RET-002785,ORD-011889,CUST-00199,PROD-0125,2023-12-29,wrong_item,31.41,approved
RET-002786,ORD-011890,CUST-02005,PROD-0042,2024-01-01,other,74.82,approved
RET-002787,ORD-011896,CUST-01610,PROD-0125,2023-12-27,defective,35.61,approved
RET-002788,ORD-011903,CUST-00699,PROD-0079,2023-12-21,defective,82.0,approved
RET-002789,ORD-011904,CUST-01694,PROD-0019,2023-12-24,changed_mind,57.95,approved
RET-002790,ORD-011905,CUST-02495,PROD-0070,2024-01-15,defective,106.4,approved
RET-002791,ORD-011906,CUST-01625,PROD-0066,2023-12-26,defective,45.18,approved
RET-002792,ORD-011908,CUST-00029,PROD-0045,2023-12-20,not_as_described,32.6,approved
RET-002793,ORD-011911,CUST-01836,PROD-0118,2023-12-21,changed_mind,115.34,approved
RET-002794,ORD-011913,CUST-00937,PROD-0048,2023-12-27,wrong_item,50.94,approved
RET-002795,ORD-011918,CUST-00572,PROD-0083,2023-12-24,defective,66.72,approved
RET-002796,ORD-011925,CUST-00458,PROD-0007,2024-01-14,not_as_described,33.39,approved
RET-002797,ORD-011943,CUST-01116,PROD-0117,2023-12-24,defective,22.45,approved
RET-002798,ORD-011948,CUST-02930,PROD-0040,2023-12-24,changed_mind,114.08,approved
RET-002799,ORD-011949,CUST-01848,PROD-0096,2023-12-28,wrong_item,125.16,approved
RET-002800,ORD-011952,CUST-00866,PROD-0117,2024-01-14,other,21.69,approved
RET-002801,ORD-011955,CUST-00063,PROD-0032,2023-12-23,defective,276.16,approved
RET-002802,ORD-011956,CUST-02001,PROD-0149,2024-01-06,changed_mind,26.67,approved
RET-002803,ORD-011957,CUST-02150,PROD-0115,2023-12-28,changed_mind,58.94,approved
RET-002804,ORD-011958,CUST-02028,PROD-0097,2024-01-04,defective,92.88,approved
RET-002805,ORD-011960,CUST-01572,PROD-0116,2023-12-27,not_as_described,75.09,approved
RET-002806,ORD-011961,CUST-02957,PROD-0057,2023-12-26,other,29.47,approved
RET-002807,ORD-011962,CUST-01581,PROD-0097,2023-12-24,defective,48.89,approved
RET-002808,ORD-011964,CUST-01250,PROD-0121,2024-01-06,changed_mind,46.65,pending
RET-002809,ORD-011965,CUST-00100,PROD-0126,2023-12-31,changed_mind,121.2,approved
RET-002810,ORD-011966,CUST-01050,PROD-0059,2024-01-01,defective,38.22,approved
RET-002811,ORD-011972,CUST-02441,PROD-0087,2024-01-18,defective,26.06,approved
RET-002812,ORD-011981,CUST-00614,PROD-0008,2024-01-16,not_as_described,50.15,approved
RET-002813,ORD-011983,CUST-02974,PROD-0012,2024-01-14,changed_mind,64.36,approved
RET-002814,ORD-011986,CUST-02797,PROD-0121,2023-12-29,changed_mind,140.67,approved
RET-002815,ORD-011990,CUST-00866,PROD-0001,2024-01-15,changed_mind,45.76,approved
RET-002816,ORD-011997,CUST-00177,PROD-0103,2023-12-22,changed_mind,32.89,approved
RET-002817,ORD-011999,CUST-02927,PROD-0076,2023-12-28,defective,52.24,approved
RET-002818,ORD-012000,CUST-01506,PROD-0005,2023-12-24,defective,23.4,approved
RET-002819,ORD-012001,CUST-02860,PROD-0068,2023-12-30,defective,11.24,pending
RET-002820,ORD-012004,CUST-00845,PROD-0011,2023-12-23,changed_mind,10.98,approved
RET-002821,ORD-012011,CUST-01082,PROD-0076,2023-12-29,defective,27.95,approved
RET-002822,ORD-012015,CUST-01275,PROD-0094,2023-12-26,defective,3.9,approved
RET-002823,ORD-012016,CUST-01117,PROD-0001,2024-01-07,changed_mind,46.17,approved
RET-002824,ORD-012020,CUST-01660,PROD-0129,2023-12-31,wrong_item,37.71,approved
RET-002825,ORD-012026,CUST-01784,PROD-0053,2023-12-28,defective,149.7,rejected
RET-002826,ORD-012027,CUST-02514,PROD-0039,2023-12-26,defective,5.22,approved
RET-002827,ORD-012029,CUST-00765,PROD-0003,2023-12-22,other,236.38,rejected
RET-002828,ORD-012032,CUST-00789,PROD-0095,2023-12-24,changed_mind,40.36,approved
RET-002829,ORD-012036,CUST-01267,PROD-0045,2024-01-01,not_as_described,31.72,approved
RET-002830,ORD-012038,CUST-00817,PROD-0119,2024-01-02,not_as_described,50.05,approved
RET-002831,ORD-012055,CUST-00604,PROD-0063,2023-12-31,changed_mind,24.87,approved
RET-002832,ORD-012056,CUST-02409,PROD-0052,2023-12-30,defective,244.56,approved
RET-002833,ORD-012065,CUST-00450,PROD-0148,2024-01-02,changed_mind,84.84,approved
RET-002834,ORD-012068,CUST-02767,PROD-0126,2023-12-29,changed_mind,394.62,approved
RET-002835,ORD-012072,CUST-02773,PROD-0032,2023-12-31,defective,66.16,approved
RET-002836,ORD-012075,CUST-00578,PROD-0039,2023-12-31,defective,10.46,approved
RET-002837,ORD-012076,CUST-02184,PROD-0038,2023-12-29,changed_mind,69.86,approved
RET-002838,ORD-012077,CUST-01366,PROD-0063,2024-01-27,changed_mind,7.67,approved
RET-002839,ORD-012079,CUST-00210,PROD-0002,2024-01-17,changed_mind,28.03,approved
RET-002840,ORD-012086,CUST-01435,PROD-0038,2023-12-30,changed_mind,59.84,rejected
RET-002841,ORD-012092,CUST-02213,PROD-0033,2023-12-30,defective,17.41,approved
RET-002842,ORD-012095,CUST-02086,PROD-0018,2024-01-03,changed_mind,199.4,approved
RET-002843,ORD-012096,CUST-01367,PROD-0107,2024-01-07,changed_mind,142.31,approved
RET-002844,ORD-012097,CUST-01178,PROD-0127,2024-01-06,changed_mind,63.94,approved
RET-002845,ORD-012098,CUST-01745,PROD-0126,2023-12-28,not_as_described,122.5,approved
RET-002846,ORD-012101,CUST-02622,PROD-0034,2024-01-18,changed_mind,52.98,approved
RET-002847,ORD-012105,CUST-00230,PROD-0038,2024-01-06,wrong_item,61.45,pending
RET-002848,ORD-012112,CUST-01979,PROD-0052,2023-12-23,changed_mind,75.97,approved
RET-002849,ORD-012115,CUST-02106,PROD-0022,2023-12-30,changed_mind,141.21,approved
RET-002850,ORD-012116,CUST-00788,PROD-0014,2023-12-28,other,5.13,approved
RET-002851,ORD-012118,CUST-00260,PROD-0082,2023-12-27,wrong_item,42.39,approved
RET-002852,ORD-012121,CUST-00182,PROD-0083,2024-01-11,defective,68.55,pending
RET-002853,ORD-012124,CUST-02621,PROD-0086,2024-01-04,changed_mind,9.51,rejected
RET-002854,ORD-012125,CUST-02969,PROD-0054,2024-01-05,changed_mind,27.74,rejected
RET-002855,ORD-012126,CUST-00709,PROD-0009,2024-01-03,changed_mind,30.54,approved
RET-002856,ORD-012128,CUST-01719,PROD-0063,2024-01-04,changed_mind,8.04,approved
RET-002857,ORD-012140,CUST-01985,PROD-0135,2024-01-08,wrong_item,37.65,approved
RET-002858,ORD-012156,CUST-02742,PROD-0117,2024-01-02,defective,20.02,approved
RET-002859,ORD-012157,CUST-00365,PROD-0119,2023-12-31,changed_mind,51.39,pending
RET-002860,ORD-012173,CUST-02064,PROD-0069,2024-01-12,wrong_item,116.96,approved
RET-002861,ORD-012174,CUST-00356,PROD-0015,2024-01-05,changed_mind,160.66,approved
RET-002862,ORD-012179,CUST-01024,PROD-0095,2024-01-14,not_as_described,25.11,approved
RET-002863,ORD-012181,CUST-02661,PROD-0130,2024-01-13,wrong_item,32.74,approved
RET-002864,ORD-012184,CUST-00483,PROD-0045,2023-12-30,other,65.38,rejected
RET-002865,ORD-012210,CUST-02527,PROD-0133,2023-12-30,defective,35.36,approved
RET-002866,ORD-012216,CUST-02143,PROD-0052,2023-12-31,defective,78.63,approved
RET-002867,ORD-012220,CUST-02637,PROD-0011,2024-01-01,defective,21.26,approved
RET-002868,ORD-012235,CUST-02270,PROD-0053,2024-01-03,changed_mind,283.48,approved
RET-002869,ORD-012236,CUST-00322,PROD-0072,2023-12-28,changed_mind,337.32,pending
RET-002870,ORD-012237,CUST-01046,PROD-0063,2024-01-01,defective,7.56,pending
RET-002871,ORD-012238,CUST-01713,PROD-0032,2024-01-16,defective,71.8,approved
RET-002872,ORD-012239,CUST-02751,PROD-0042,2024-01-09,not_as_described,37.28,approved
RET-002873,ORD-012242,CUST-01515,PROD-0032,2024-01-04,defective,69.01,pending
RET-002874,ORD-012251,CUST-02074,PROD-0052,2023-12-29,defective,87.9,approved
RET-002875,ORD-012253,CUST-00679,PROD-0085,2024-01-06,defective,37.66,approved
RET-002876,ORD-012254,CUST-01665,PROD-0019,2024-01-07,changed_mind,202.52,approved
RET-002877,ORD-012259,CUST-00049,PROD-0060,2024-01-01,changed_mind,99.9,approved
RET-002878,ORD-012268,CUST-02298,PROD-0026,2024-01-07,changed_mind,186.69,approved
RET-002879,ORD-012272,CUST-01320,PROD-0124,2023-12-31,defective,86.76,approved
RET-002880,ORD-012273,CUST-00884,PROD-0093,2024-01-07,changed_mind,33.75,approved
RET-002881,ORD-012275,CUST-02552,PROD-0030,2023-12-30,changed_mind,106.98,approved
RET-002882,ORD-012280,CUST-02080,PROD-0083,2023-12-29,defective,64.21,approved
RET-002883,ORD-012283,CUST-02046,PROD-0125,2023-12-31,defective,35.06,approved
RET-002884,ORD-012290,CUST-02940,PROD-0150,2024-01-01,changed_mind,158.52,rejected
RET-002885,ORD-012292,CUST-00341,PROD-0018,2023-12-30,defective,45.72,approved
RET-002886,ORD-012295,CUST-00122,PROD-0071,2024-01-12,not_as_described,38.73,pending
RET-002887,ORD-012305,CUST-02707,PROD-0125,2024-01-04,not_as_described,34.1,approved
RET-002888,ORD-012308,CUST-02291,PROD-0146,2024-01-04,changed_mind,103.86,approved
RET-002889,ORD-012311,CUST-00401,PROD-0060,2024-01-28,wrong_item,60.18,approved
RET-002890,ORD-012312,CUST-02518,PROD-0058,2024-01-10,wrong_item,17.79,approved
RET-002891,ORD-012314,CUST-02887,PROD-0021,2024-01-06,not_as_described,64.83,approved
RET-002892,ORD-012315,CUST-02044,PROD-0062,2024-01-18,changed_mind,13.17,approved
RET-002893,ORD-012325,CUST-01337,PROD-0058,2024-01-03,changed_mind,17.15,approved
RET-002894,ORD-012326,CUST-00592,PROD-0105,2024-01-05,wrong_item,20.8,approved
RET-002895,ORD-012332,CUST-00016,PROD-0079,2024-01-02,defective,37.41,rejected
RET-002896,ORD-012334,CUST-01319,PROD-0048,2024-01-12,wrong_item,49.96,approved
RET-002897,ORD-012337,CUST-01587,PROD-0105,2024-01-09,defective,37.7,approved
RET-002898,ORD-012344,CUST-00738,PROD-0055,2024-01-01,defective,118.18,approved
RET-002899,ORD-012345,CUST-01107,PROD-0131,2024-01-05,defective,12.08,approved
RET-002900,ORD-012346,CUST-00074,PROD-0017,2024-01-03,not_as_described,34.57,approved
RET-002901,ORD-012347,CUST-01781,PROD-0145,2024-01-09,not_as_described,21.75,approved
RET-002902,ORD-012352,CUST-02139,PROD-0105,2024-01-10,defective,22.77,approved
RET-002903,ORD-012356,CUST-01121,PROD-0134,2024-01-08,wrong_item,22.68,approved
RET-002904,ORD-012358,CUST-00066,PROD-0088,2024-01-14,changed_mind,36.21,approved
RET-002905,ORD-012359,CUST-02865,PROD-0035,2024-01-27,defective,23.02,pending
RET-002906,ORD-012362,CUST-00975,PROD-0122,2024-01-05,other,19.89,approved
RET-002907,ORD-012363,CUST-02137,PROD-0001,2024-01-07,not_as_described,94.6,approved
RET-002908,ORD-012364,CUST-00999,PROD-0098,2024-01-07,changed_mind,23.81,approved
RET-002909,ORD-012367,CUST-02262,PROD-0127,2024-01-05,changed_mind,64.69,approved
RET-002910,ORD-012368,CUST-00494,PROD-0132,2024-01-08,wrong_item,28.53,approved
RET-002911,ORD-012371,CUST-00659,PROD-0145,2023-12-31,not_as_described,21.62,approved
RET-002912,ORD-012374,CUST-02776,PROD-0110,2024-01-05,changed_mind,395.38,approved
RET-002913,ORD-012375,CUST-02518,PROD-0011,2024-01-05,not_as_described,10.75,approved
RET-002914,ORD-012376,CUST-01405,PROD-0057,2024-01-02,changed_mind,58.86,approved
RET-002915,ORD-012377,CUST-01579,PROD-0124,2024-01-13,defective,76.29,approved
RET-002916,ORD-012379,CUST-02209,PROD-0040,2024-01-04,not_as_described,26.41,approved
RET-002917,ORD-012380,CUST-00159,PROD-0085,2024-01-15,changed_mind,34.18,approved
RET-002918,ORD-012381,CUST-02481,PROD-0001,2024-01-15,changed_mind,42.47,approved
RET-002919,ORD-012385,CUST-01372,PROD-0051,2024-01-09,defective,84.92,approved
RET-002920,ORD-012389,CUST-02331,PROD-0064,2024-01-05,changed_mind,111.16,approved
RET-002921,ORD-012395,CUST-01567,PROD-0037,2024-01-12,changed_mind,40.53,approved
RET-002922,ORD-012399,CUST-01428,PROD-0104,2024-01-17,not_as_described,24.17,approved
RET-002923,ORD-012400,CUST-02317,PROD-0146,2024-01-07,not_as_described,96.93,approved
RET-002924,ORD-012409,CUST-02525,PROD-0052,2024-01-13,defective,236.37,approved
RET-002925,ORD-012410,CUST-01082,PROD-0121,2024-01-08,wrong_item,44.83,approved
RET-002926,ORD-012411,CUST-01477,PROD-0110,2024-01-12,not_as_described,452.07,approved
RET-002927,ORD-012413,CUST-02234,PROD-0029,2024-01-02,changed_mind,20.3,approved
RET-002928,ORD-012414,CUST-01015,PROD-0088,2024-01-16,not_as_described,33.42,approved
RET-002929,ORD-012416,CUST-01080,PROD-0042,2024-01-27,defective,36.21,approved
RET-002930,ORD-012424,CUST-00738,PROD-0059,2024-01-17,defective,17.34,approved
RET-002931,ORD-012425,CUST-00915,PROD-0085,2024-01-09,defective,36.62,approved
RET-002932,ORD-012429,CUST-01854,PROD-0076,2024-01-04,defective,26.42,approved
RET-002933,ORD-012430,CUST-02000,PROD-0110,2024-01-07,changed_mind,429.6,approved
RET-002934,ORD-012435,CUST-00519,PROD-0033,2024-01-18,defective,18.75,approved
RET-002935,ORD-012438,CUST-01098,PROD-0119,2024-01-04,defective,45.61,approved
RET-002936,ORD-012452,CUST-01418,PROD-0036,2024-01-09,defective,114.09,approved
RET-002937,ORD-012454,CUST-00743,PROD-0125,2024-01-10,defective,34.16,pending
RET-002938,ORD-012458,CUST-00887,PROD-0070,2024-01-08,changed_mind,54.3,rejected
RET-002939,ORD-012474,CUST-00956,PROD-0141,2024-01-08,changed_mind,118.7,rejected
RET-002940,ORD-012480,CUST-02537,PROD-0076,2024-01-04,defective,20.39,approved
RET-002941,ORD-012481,CUST-01163,PROD-0132,2024-01-15,wrong_item,55.2,approved
RET-002942,ORD-012491,CUST-02220,PROD-0013,2024-01-06,not_as_described,72.24,pending
RET-002943,ORD-012493,CUST-02240,PROD-0052,2024-01-07,defective,159.66,approved
RET-002944,ORD-012501,CUST-00875,PROD-0036,2024-01-08,defective,116.3,approved
RET-002945,ORD-012504,CUST-01824,PROD-0056,2024-01-08,changed_mind,205.27,rejected
RET-002946,ORD-012511,CUST-02240,PROD-0122,2024-01-11,wrong_item,45.3,rejected
RET-002947,ORD-012518,CUST-00938,PROD-0123,2024-01-09,defective,27.77,approved
RET-002948,ORD-012525,CUST-00550,PROD-0103,2024-01-23,defective,32.33,rejected
RET-002949,ORD-012532,CUST-02804,PROD-0015,2024-01-06,changed_mind,160.12,approved
RET-002950,ORD-012533,CUST-01793,PROD-0057,2024-01-24,changed_mind,28.7,approved
RET-002951,ORD-012536,CUST-02179,PROD-0030,2024-01-17,changed_mind,102.16,approved
RET-002952,ORD-012537,CUST-01430,PROD-0142,2024-01-08,defective,27.02,approved
RET-002953,ORD-012540,CUST-01593,PROD-0024,2024-01-11,other,46.45,approved
RET-002954,ORD-012542,CUST-00931,PROD-0137,2024-01-12,changed_mind,121.3,approved
RET-002955,ORD-012544,CUST-00039,PROD-0028,2024-01-14,defective,262.41,approved
RET-002956,ORD-012555,CUST-01094,PROD-0020,2024-01-10,changed_mind,30.52,approved
RET-002957,ORD-012560,CUST-00974,PROD-0109,2024-01-13,defective,20.7,approved
RET-002958,ORD-012561,CUST-02178,PROD-0003,2024-01-10,changed_mind,113.69,rejected
RET-002959,ORD-012570,CUST-00014,PROD-0017,2024-01-11,defective,98.58,approved
RET-002960,ORD-012579,CUST-00602,PROD-0091,2024-01-23,changed_mind,10.29,approved
RET-002961,ORD-012580,CUST-00334,PROD-0124,2024-02-10,changed_mind,84.1,approved
RET-002962,ORD-012583,CUST-00602,PROD-0002,2024-01-13,not_as_described,26.69,approved
RET-002963,ORD-012584,CUST-02138,PROD-0036,2024-01-09,wrong_item,116.35,approved
RET-002964,ORD-012592,CUST-00890,PROD-0027,2024-01-16,wrong_item,7.38,approved
RET-002965,ORD-012594,CUST-02356,PROD-0145,2024-01-17,changed_mind,43.58,approved
RET-002966,ORD-012598,CUST-01713,PROD-0042,2024-02-18,defective,35.74,approved
RET-002967,ORD-012600,CUST-01640,PROD-0148,2024-01-09,changed_mind,43.22,approved
RET-002968,ORD-012604,CUST-00105,PROD-0129,2024-01-12,changed_mind,108.45,approved
RET-002969,ORD-012610,CUST-01465,PROD-0082,2024-01-31,changed_mind,13.25,rejected
RET-002970,ORD-012616,CUST-02034,PROD-0088,2024-01-13,defective,38.26,approved
RET-002971,ORD-012621,CUST-02332,PROD-0053,2024-01-11,defective,131.6,approved
RET-002972,ORD-012628,CUST-01082,PROD-0022,2024-01-12,defective,45.66,approved
RET-002973,ORD-012630,CUST-01973,PROD-0150,2024-01-14,defective,94.14,approved
RET-002974,ORD-012631,CUST-02237,PROD-0115,2024-01-17,other,67.35,approved
RET-002975,ORD-012633,CUST-00825,PROD-0137,2024-01-15,defective,55.28,approved
RET-002976,ORD-012636,CUST-02129,PROD-0117,2024-01-18,defective,19.86,approved
RET-002977,ORD-012639,CUST-00587,PROD-0082,2024-01-18,wrong_item,27.26,approved
RET-002978,ORD-012641,CUST-01122,PROD-0080,2024-01-16,other,145.68,approved
RET-002979,ORD-012643,CUST-01085,PROD-0011,2024-01-18,not_as_described,11.31,rejected
RET-002980,ORD-012646,CUST-02034,PROD-0083,2024-01-12,defective,63.72,approved
RET-002981,ORD-012649,CUST-00323,PROD-0134,2024-01-10,defective,21.15,approved
RET-002982,ORD-012652,CUST-02093,PROD-0094,2024-01-22,defective,8.13,pending
RET-002983,ORD-012656,CUST-00797,PROD-0111,2024-01-18,not_as_described,184.6,approved
RET-002984,ORD-012661,CUST-01223,PROD-0101,2024-01-20,changed_mind,62.91,approved
RET-002985,ORD-012663,CUST-01695,PROD-0044,2024-01-28,defective,45.02,approved
RET-002986,ORD-012667,CUST-01211,PROD-0084,2024-01-16,defective,145.2,approved
RET-002987,ORD-012672,CUST-01479,PROD-0046,2024-01-23,defective,37.53,approved
RET-002988,ORD-012674,CUST-00537,PROD-0071,2024-01-24,changed_mind,44.48,approved
RET-002989,ORD-012676,CUST-02277,PROD-0125,2024-01-14,defective,36.67,approved
RET-002990,ORD-012677,CUST-02211,PROD-0137,2024-01-12,changed_mind,52.4,approved
RET-002991,ORD-012682,CUST-00787,PROD-0005,2024-01-17,not_as_described,20.5,approved
RET-002992,ORD-012690,CUST-00550,PROD-0113,2024-01-11,wrong_item,190.74,approved
RET-002993,ORD-012692,CUST-01902,PROD-0115,2024-01-18,defective,135.34,rejected
RET-002994,ORD-012696,CUST-02417,PROD-0137,2024-01-12,changed_mind,60.43,approved
RET-002995,ORD-012697,CUST-02132,PROD-0150,2024-01-16,defective,49.17,approved
RET-002996,ORD-012700,CUST-01283,PROD-0017,2024-01-19,defective,33.88,approved
RET-002997,ORD-012702,CUST-01968,PROD-0075,2024-01-14,defective,68.38,approved
RET-002998,ORD-012705,CUST-02076,PROD-0128,2024-01-13,not_as_described,36.51,approved
RET-002999,ORD-012706,CUST-02337,PROD-0090,2024-01-11,defective,24.33,pending
RET-003000,ORD-012719,CUST-01410,PROD-0003,2024-01-12,changed_mind,244.9,approved
RET-003001,ORD-012720,CUST-01270,PROD-0021,2024-01-19,defective,63.38,approved
RET-003002,ORD-012727,CUST-01985,PROD-0111,2024-01-15,defective,91.84,rejected
RET-003003,ORD-012729,CUST-00864,PROD-0083,2024-01-27,changed_mind,197.73,approved
RET-003004,ORD-012736,CUST-02093,PROD-0084,2024-02-01,changed_mind,146.82,approved
RET-003005,ORD-012740,CUST-02933,PROD-0050,2024-01-15,not_as_described,14.85,approved
RET-003006,ORD-012744,CUST-00159,PROD-0040,2024-01-26,changed_mind,30.3,approved
RET-003007,ORD-012754,CUST-02908,PROD-0120,2024-01-23,not_as_described,133.14,approved
RET-003008,ORD-012770,CUST-02787,PROD-0064,2024-01-14,changed_mind,117.28,approved
RET-003009,ORD-012772,CUST-02011,PROD-0145,2024-02-03,not_as_described,20.26,approved
RET-003010,ORD-012777,CUST-00805,PROD-0019,2024-01-22,changed_mind,53.11,approved
RET-003011,ORD-012784,CUST-00576,PROD-0125,2024-01-17,changed_mind,34.12,approved
RET-003012,ORD-012787,CUST-01650,PROD-0118,2024-01-13,not_as_described,106.38,approved
RET-003013,ORD-012789,CUST-02257,PROD-0047,2024-01-22,defective,9.86,approved
RET-003014,ORD-012791,CUST-00765,PROD-0107,2024-01-21,defective,238.61,approved
RET-003015,ORD-012796,CUST-02371,PROD-0118,2024-01-14,changed_mind,102.34,approved
RET-003016,ORD-012803,CUST-02695,PROD-0046,2024-01-30,wrong_item,145.4,approved
RET-003017,ORD-012807,CUST-01130,PROD-0026,2024-01-26,changed_mind,60.68,approved
RET-003018,ORD-012811,CUST-01425,PROD-0033,2024-02-10,defective,17.03,approved
RET-003019,ORD-012825,CUST-00669,PROD-0053,2024-01-31,changed_mind,147.74,approved
RET-003020,ORD-012826,CUST-00448,PROD-0074,2024-01-20,not_as_described,50.04,approved
RET-003021,ORD-012829,CUST-02359,PROD-0013,2024-01-29,changed_mind,149.68,approved
RET-003022,ORD-012832,CUST-00975,PROD-0008,2024-02-12,defective,44.81,approved
RET-003023,ORD-012849,CUST-01668,PROD-0017,2024-01-29,defective,33.06,approved
RET-003024,ORD-012856,CUST-00266,PROD-0122,2024-01-22,changed_mind,19.76,approved
RET-003025,ORD-012857,CUST-01366,PROD-0134,2024-01-26,changed_mind,23.24,approved
RET-003026,ORD-012859,CUST-02527,PROD-0002,2024-01-21,changed_mind,25.48,approved
RET-003027,ORD-012863,CUST-00436,PROD-0072,2024-01-20,not_as_described,82.15,approved
RET-003028,ORD-012864,CUST-02602,PROD-0150,2024-01-21,defective,53.23,approved
RET-003029,ORD-012866,CUST-00579,PROD-0049,2024-01-16,not_as_described,50.5,rejected
RET-003030,ORD-012870,CUST-00782,PROD-0096,2024-01-25,wrong_item,30.62,approved
RET-003031,ORD-012876,CUST-02580,PROD-0084,2024-02-01,wrong_item,84.02,approved
RET-003032,ORD-012879,CUST-00269,PROD-0074,2024-01-30,other,103.96,pending
RET-003033,ORD-012890,CUST-00120,PROD-0074,2024-01-22,wrong_item,146.13,approved
RET-003034,ORD-012895,CUST-00027,PROD-0072,2024-01-23,defective,77.7,approved
RET-003035,ORD-012901,CUST-02778,PROD-0110,2024-01-21,changed_mind,1674.68,approved
RET-003036,ORD-012905,CUST-00334,PROD-0102,2024-01-24,changed_mind,10.86,approved
RET-003037,ORD-012908,CUST-01098,PROD-0030,2024-01-21,changed_mind,307.11,rejected
RET-003038,ORD-012913,CUST-00031,PROD-0014,2024-01-30,not_as_described,5.29,approved
RET-003039,ORD-012915,CUST-01007,PROD-0057,2024-01-16,changed_mind,29.44,approved
RET-003040,ORD-012918,CUST-02221,PROD-0127,2024-01-17,wrong_item,55.62,approved
RET-003041,ORD-012920,CUST-02355,PROD-0103,2024-01-24,defective,34.89,approved
RET-003042,ORD-012922,CUST-00697,PROD-0018,2024-01-20,wrong_item,206.0,approved
RET-003043,ORD-012926,CUST-00557,PROD-0052,2024-01-16,defective,79.33,approved
RET-003044,ORD-012927,CUST-02746,PROD-0090,2024-01-25,defective,23.64,approved
RET-003045,ORD-012932,CUST-01288,PROD-0125,2024-01-17,defective,36.57,approved
RET-003046,ORD-012933,CUST-01438,PROD-0086,2024-02-06,wrong_item,18.22,approved
RET-003047,ORD-012937,CUST-00159,PROD-0089,2024-01-24,changed_mind,12.52,approved
RET-003048,ORD-012941,CUST-02777,PROD-0022,2024-01-18,changed_mind,43.04,rejected
RET-003049,ORD-012956,CUST-02435,PROD-0137,2024-01-22,defective,58.18,approved
RET-003050,ORD-012961,CUST-00421,PROD-0063,2024-01-31,changed_mind,7.46,rejected
RET-003051,ORD-012965,CUST-01344,PROD-0097,2024-01-24,defective,91.6,approved
RET-003052,ORD-012968,CUST-02412,PROD-0032,2024-01-30,defective,134.88,approved
RET-003053,ORD-012972,CUST-00959,PROD-0046,2024-01-18,defective,78.86,approved
RET-003054,ORD-012977,CUST-01390,PROD-0118,2024-01-30,defective,118.39,approved
RET-003055,ORD-012978,CUST-02663,PROD-0118,2024-02-01,defective,107.8,approved
RET-003056,ORD-012983,CUST-02313,PROD-0141,2024-01-25,wrong_item,275.74,pending
RET-003057,ORD-012984,CUST-00610,PROD-0114,2024-02-10,changed_mind,14.44,approved
RET-003058,ORD-012990,CUST-00904,PROD-0007,2024-02-13,defective,6.87,approved
RET-003059,ORD-012991,CUST-02883,PROD-0145,2024-01-21,changed_mind,38.56,approved
RET-003060,ORD-012995,CUST-02428,PROD-0003,2024-01-31,wrong_item,336.12,rejected
RET-003061,ORD-012999,CUST-01805,PROD-0083,2024-02-03,wrong_item,72.9,approved
RET-003062,ORD-013016,CUST-01743,PROD-0048,2024-02-02,not_as_described,50.44,approved
RET-003063,ORD-013020,CUST-01393,PROD-0075,2024-01-21,defective,70.18,approved
RET-003064,ORD-013021,CUST-00498,PROD-0056,2024-01-23,not_as_described,61.42,pending
RET-003065,ORD-013025,CUST-01439,PROD-0028,2024-02-10,defective,303.22,approved
RET-003066,ORD-013032,CUST-02113,PROD-0066,2024-02-05,changed_mind,41.64,approved
RET-003067,ORD-013035,CUST-00589,PROD-0040,2024-01-22,defective,28.58,approved
RET-003068,ORD-013037,CUST-01488,PROD-0132,2024-01-22,changed_mind,26.52,approved
RET-003069,ORD-013042,CUST-01953,PROD-0137,2024-01-28,defective,60.06,approved
RET-003070,ORD-013047,CUST-00248,PROD-0138,2024-01-24,defective,49.15,approved
RET-003071,ORD-013054,CUST-02768,PROD-0003,2024-01-24,changed_mind,120.12,approved
RET-003072,ORD-013057,CUST-02154,PROD-0059,2024-01-25,defective,18.3,approved
RET-003073,ORD-013060,CUST-02173,PROD-0070,2024-01-21,changed_mind,28.74,approved
RET-003074,ORD-013061,CUST-02739,PROD-0033,2024-01-24,defective,17.07,approved
RET-003075,ORD-013066,CUST-02850,PROD-0123,2024-02-19,wrong_item,51.99,approved
RET-003076,ORD-013067,CUST-02233,PROD-0138,2024-01-28,changed_mind,55.47,approved
RET-003077,ORD-013076,CUST-02229,PROD-0068,2024-01-30,changed_mind,10.04,approved
RET-003078,ORD-013080,CUST-02329,PROD-0092,2024-01-25,wrong_item,50.27,approved
RET-003079,ORD-013085,CUST-02626,PROD-0017,2024-02-03,wrong_item,36.01,approved
RET-003080,ORD-013086,CUST-01286,PROD-0066,2024-01-29,defective,74.4,approved
RET-003081,ORD-013088,CUST-02389,PROD-0102,2024-01-24,changed_mind,125.52,approved
RET-003082,ORD-013091,CUST-01652,PROD-0014,2024-01-23,changed_mind,5.5,approved
RET-003083,ORD-013092,CUST-01909,PROD-0053,2024-02-05,defective,70.26,approved
RET-003084,ORD-013097,CUST-00368,PROD-0086,2024-01-27,changed_mind,9.05,approved
RET-003085,ORD-013100,CUST-01409,PROD-0067,2024-01-26,wrong_item,34.66,approved
RET-003086,ORD-013101,CUST-02005,PROD-0040,2024-01-25,changed_mind,89.13,approved
RET-003087,ORD-013107,CUST-02706,PROD-0031,2024-01-28,changed_mind,63.68,approved
RET-003088,ORD-013108,CUST-00934,PROD-0040,2024-01-25,defective,28.89,approved
RET-003089,ORD-013122,CUST-00502,PROD-0068,2024-01-28,defective,10.5,approved
RET-003090,ORD-013125,CUST-02127,PROD-0126,2024-02-03,not_as_described,125.73,approved
RET-003091,ORD-013126,CUST-00138,PROD-0070,2024-01-27,defective,32.94,rejected
RET-003092,ORD-013145,CUST-02896,PROD-0125,2024-02-08,changed_mind,116.54,approved
RET-003093,ORD-013150,CUST-02765,PROD-0015,2024-02-16,other,153.82,approved
RET-003094,ORD-013151,CUST-00810,PROD-0066,2024-01-30,defective,38.5,pending
RET-003095,ORD-013152,CUST-01177,PROD-0092,2024-02-15,defective,47.86,approved
RET-003096,ORD-013154,CUST-02625,PROD-0028,2024-01-29,changed_mind,531.42,approved
RET-003097,ORD-013156,CUST-02980,PROD-0017,2024-02-13,defective,32.89,approved
RET-003098,ORD-013159,CUST-00386,PROD-0113,2024-01-26,changed_mind,167.1,approved
RET-003099,ORD-013161,CUST-01673,PROD-0029,2024-01-31,defective,18.33,approved
RET-003100,ORD-013170,CUST-02029,PROD-0039,2024-02-01,defective,5.0,approved
RET-003101,ORD-013172,CUST-02429,PROD-0066,2024-01-26,defective,39.61,approved
RET-003102,ORD-013174,CUST-00260,PROD-0097,2024-02-03,defective,47.11,approved
RET-003103,ORD-013179,CUST-00702,PROD-0047,2024-02-05,wrong_item,5.29,approved
RET-003104,ORD-013180,CUST-02895,PROD-0033,2024-02-02,defective,37.48,approved
RET-003105,ORD-013182,CUST-02048,PROD-0034,2024-01-29,defective,50.98,approved
RET-003106,ORD-013188,CUST-01613,PROD-0083,2024-01-30,defective,210.57,approved
RET-003107,ORD-013198,CUST-00613,PROD-0076,2024-01-31,defective,24.99,approved
RET-003108,ORD-013199,CUST-01597,PROD-0001,2024-01-31,not_as_described,84.7,approved
RET-003109,ORD-013210,CUST-01509,PROD-0087,2024-01-29,defective,26.23,approved
RET-003110,ORD-013216,CUST-01978,PROD-0076,2024-01-26,defective,28.52,approved
RET-003111,ORD-013219,CUST-00483,PROD-0106,2024-01-24,changed_mind,11.43,approved
RET-003112,ORD-013222,CUST-01509,PROD-0105,2024-01-29,defective,21.3,approved
RET-003113,ORD-013224,CUST-00030,PROD-0052,2024-01-27,defective,68.06,rejected
RET-003114,ORD-013236,CUST-01655,PROD-0109,2024-01-30,defective,40.04,approved
RET-003115,ORD-013251,CUST-02809,PROD-0053,2024-03-16,defective,69.57,approved
RET-003116,ORD-013254,CUST-00847,PROD-0149,2024-02-17,changed_mind,28.94,approved
RET-003117,ORD-013261,CUST-00538,PROD-0032,2024-02-07,defective,66.35,approved
RET-003118,ORD-013263,CUST-00497,PROD-0052,2024-02-03,defective,81.55,approved
RET-003119,ORD-013264,CUST-00831,PROD-0052,2024-01-28,defective,84.59,pending
RET-003120,ORD-013265,CUST-00776,PROD-0032,2024-02-06,defective,70.09,rejected
RET-003121,ORD-013271,CUST-01732,PROD-0064,2024-02-17,wrong_item,62.35,approved
RET-003122,ORD-013277,CUST-01290,PROD-0117,2024-02-08,defective,64.98,approved
RET-003123,ORD-013285,CUST-00446,PROD-0085,2024-02-06,defective,69.42,approved
RET-003124,ORD-013287,CUST-02215,PROD-0138,2024-01-27,wrong_item,98.58,approved
RET-003125,ORD-013288,CUST-02431,PROD-0121,2024-02-23,changed_mind,41.05,approved
RET-003126,ORD-013291,CUST-00521,PROD-0040,2024-02-15,changed_mind,16.92,approved
RET-003127,ORD-013294,CUST-00098,PROD-0035,2024-02-01,not_as_described,24.52,approved
RET-003128,ORD-013297,CUST-00550,PROD-0028,2024-02-07,defective,228.34,approved
RET-003129,ORD-013298,CUST-02693,PROD-0013,2024-02-08,changed_mind,158.92,approved
RET-003130,ORD-013299,CUST-02075,PROD-0006,2024-02-05,changed_mind,42.46,rejected
RET-003131,ORD-013302,CUST-01213,PROD-0035,2024-02-07,changed_mind,23.51,approved
RET-003132,ORD-013303,CUST-01066,PROD-0137,2024-01-30,defective,58.49,approved
RET-003133,ORD-013313,CUST-02568,PROD-0091,2024-01-30,defective,9.71,approved
RET-003134,ORD-013316,CUST-02724,PROD-0012,2024-02-06,defective,104.7,approved
RET-003135,ORD-013317,CUST-01366,PROD-0086,2024-02-10,defective,9.23,rejected
RET-003136,ORD-013323,CUST-01562,PROD-0131,2024-02-07,changed_mind,11.92,approved
RET-003137,ORD-013324,CUST-02943,PROD-0062,2024-01-30,not_as_described,42.78,approved
RET-003138,ORD-013332,CUST-02318,PROD-0132,2024-02-01,changed_mind,60.34,pending
RET-003139,ORD-013334,CUST-02369,PROD-0147,2024-03-05,not_as_described,89.3,approved
RET-003140,ORD-013339,CUST-02590,PROD-0134,2024-01-29,other,21.42,approved
RET-003141,ORD-013349,CUST-02291,PROD-0021,2024-02-01,defective,67.27,approved
RET-003142,ORD-013350,CUST-00935,PROD-0030,2024-02-07,defective,189.82,approved
RET-003143,ORD-013351,CUST-01988,PROD-0130,2024-02-10,changed_mind,73.52,approved
RET-003144,ORD-013354,CUST-01197,PROD-0075,2024-02-09,changed_mind,73.07,approved
RET-003145,ORD-013356,CUST-02234,PROD-0139,2024-02-02,defective,64.74,approved
RET-003146,ORD-013364,CUST-01760,PROD-0057,2024-02-10,other,61.68,approved
RET-003147,ORD-013366,CUST-00712,PROD-0092,2024-02-09,not_as_described,48.44,approved
RET-003148,ORD-013368,CUST-02357,PROD-0067,2024-02-13,changed_mind,247.05,approved
RET-003149,ORD-013371,CUST-00612,PROD-0009,2024-02-15,changed_mind,59.08,approved
RET-003150,ORD-013372,CUST-01505,PROD-0076,2024-02-02,defective,27.99,approved
RET-003151,ORD-013377,CUST-00209,PROD-0076,2024-02-06,defective,54.16,approved
RET-003152,ORD-013386,CUST-02464,PROD-0111,2024-01-31,defective,88.52,approved
RET-003153,ORD-013387,CUST-02782,PROD-0110,2024-02-15,wrong_item,894.5,approved
RET-003154,ORD-013391,CUST-02608,PROD-0069,2024-02-01,wrong_item,28.28,approved
RET-003155,ORD-013392,CUST-02844,PROD-0067,2024-01-31,wrong_item,343.6,approved
RET-003156,ORD-013400,CUST-01491,PROD-0002,2024-02-07,changed_mind,27.09,approved
RET-003157,ORD-013406,CUST-02138,PROD-0005,2024-03-06,changed_mind,44.72,approved
RET-003158,ORD-013408,CUST-02915,PROD-0116,2024-02-12,defective,54.56,approved
RET-003159,ORD-013409,CUST-00531,PROD-0110,2024-02-10,changed_mind,864.86,approved
RET-003160,ORD-013416,CUST-02013,PROD-0117,2024-02-14,wrong_item,22.59,approved
RET-003161,ORD-013417,CUST-02385,PROD-0146,2024-02-10,changed_mind,220.46,pending
RET-003162,ORD-013428,CUST-01077,PROD-0012,2024-02-07,defective,35.1,approved
RET-003163,ORD-013429,CUST-00887,PROD-0031,2024-02-07,not_as_described,24.02,approved
RET-003164,ORD-013439,CUST-00434,PROD-0123,2024-02-04,wrong_item,47.23,rejected
RET-003165,ORD-013442,CUST-02211,PROD-0109,2024-02-14,changed_mind,20.67,approved
RET-003166,ORD-013446,CUST-02367,PROD-0030,2024-02-12,defective,101.04,approved
RET-003167,ORD-013448,CUST-02756,PROD-0013,2024-02-08,wrong_item,82.13,pending
RET-003168,ORD-013449,CUST-00069,PROD-0037,2024-02-03,not_as_described,89.25,approved
RET-003169,ORD-013452,CUST-00312,PROD-0025,2024-02-11,changed_mind,290.4,approved
RET-003170,ORD-013455,CUST-02360,PROD-0099,2024-02-06,changed_mind,32.06,approved
RET-003171,ORD-013458,CUST-02488,PROD-0125,2024-02-04,changed_mind,33.91,approved
RET-003172,ORD-013462,CUST-00421,PROD-0107,2024-02-04,defective,118.37,approved
RET-003173,ORD-013465,CUST-02159,PROD-0079,2024-02-12,wrong_item,43.21,approved
RET-003174,ORD-013471,CUST-01879,PROD-0011,2024-02-04,not_as_described,10.45,approved
RET-003175,ORD-013480,CUST-02018,PROD-0059,2024-02-02,defective,19.55,approved
RET-003176,ORD-013486,CUST-02354,PROD-0097,2024-02-11,defective,98.98,approved
RET-003177,ORD-013490,CUST-02063,PROD-0143,2024-02-13,defective,29.2,approved
RET-003178,ORD-013496,CUST-00069,PROD-0136,2024-02-03,defective,33.17,approved
RET-003179,ORD-013498,CUST-02356,PROD-0023,2024-02-13,wrong_item,127.29,pending
RET-003180,ORD-013506,CUST-00957,PROD-0116,2024-02-07,defective,48.02,rejected
RET-003181,ORD-013510,CUST-02331,PROD-0127,2024-02-06,wrong_item,124.12,approved
RET-003182,ORD-013516,CUST-01326,PROD-0103,2024-02-13,changed_mind,31.78,approved
RET-003183,ORD-013521,CUST-02407,PROD-0110,2024-02-15,changed_mind,213.13,approved
RET-003184,ORD-013529,CUST-02998,PROD-0001,2024-02-07,wrong_item,46.95,approved
RET-003185,ORD-013533,CUST-01705,PROD-0091,2024-02-12,defective,9.78,approved
RET-003186,ORD-013553,CUST-02638,PROD-0061,2024-02-13,changed_mind,28.43,approved
RET-003187,ORD-013554,CUST-02875,PROD-0113,2024-02-05,wrong_item,188.55,approved
RET-003188,ORD-013559,CUST-00191,PROD-0076,2024-02-13,defective,24.6,approved
RET-003189,ORD-013562,CUST-02911,PROD-0041,2024-02-27,not_as_described,44.03,approved
RET-003190,ORD-013569,CUST-01702,PROD-0085,2024-02-13,defective,149.84,approved
RET-003191,ORD-013570,CUST-02341,PROD-0067,2024-02-12,not_as_described,77.0,approved
RET-003192,ORD-013572,CUST-00338,PROD-0117,2024-02-07,changed_mind,20.91,approved
RET-003193,ORD-013577,CUST-00362,PROD-0106,2024-02-11,changed_mind,22.89,approved
RET-003194,ORD-013581,CUST-00733,PROD-0135,2024-02-11,not_as_described,41.43,rejected
RET-003195,ORD-013587,CUST-00720,PROD-0107,2024-03-09,changed_mind,911.32,approved
RET-003196,ORD-013596,CUST-02489,PROD-0025,2024-02-05,changed_mind,309.28,rejected
RET-003197,ORD-013597,CUST-01800,PROD-0059,2024-02-09,defective,18.11,approved
RET-003198,ORD-013598,CUST-01592,PROD-0080,2024-02-10,wrong_item,47.06,approved
RET-003199,ORD-013607,CUST-00246,PROD-0008,2024-02-15,not_as_described,48.89,approved
RET-003200,ORD-013611,CUST-02291,PROD-0039,2024-02-13,defective,5.0,approved
RET-003201,ORD-013612,CUST-00959,PROD-0147,2024-02-09,defective,67.29,approved
RET-003202,ORD-013614,CUST-01960,PROD-0141,2024-02-23,wrong_item,118.52,rejected
RET-003203,ORD-013615,CUST-02634,PROD-0044,2024-02-09,defective,72.24,approved
RET-003204,ORD-013616,CUST-01026,PROD-0078,2024-02-11,defective,44.66,approved
RET-003205,ORD-013619,CUST-01181,PROD-0038,2024-02-14,changed_mind,62.28,approved
RET-003206,ORD-013621,CUST-00229,PROD-0035,2024-03-15,changed_mind,23.69,approved
RET-003207,ORD-013627,CUST-00489,PROD-0085,2024-02-27,changed_mind,36.33,approved
RET-003208,ORD-013632,CUST-02680,PROD-0003,2024-02-12,changed_mind,115.6,approved
RET-003209,ORD-013639,CUST-00487,PROD-0069,2024-02-27,changed_mind,57.52,approved
RET-003210,ORD-013648,CUST-02830,PROD-0042,2024-02-18,wrong_item,34.39,approved
RET-003211,ORD-013657,CUST-02272,PROD-0080,2024-02-18,defective,48.83,approved
RET-003212,ORD-013661,CUST-02025,PROD-0017,2024-02-14,other,33.26,approved
RET-003213,ORD-013662,CUST-02965,PROD-0052,2024-02-12,defective,85.59,approved
RET-003214,ORD-013675,CUST-02527,PROD-0127,2024-02-09,changed_mind,170.94,approved
RET-003215,ORD-013677,CUST-00709,PROD-0048,2024-02-14,changed_mind,49.94,approved
RET-003216,ORD-013682,CUST-01622,PROD-0090,2024-02-23,defective,45.98,rejected
RET-003217,ORD-013685,CUST-02747,PROD-0002,2024-02-17,wrong_item,26.19,approved
RET-003218,ORD-013692,CUST-02317,PROD-0056,2024-02-13,defective,64.72,approved
RET-003219,ORD-013697,CUST-01861,PROD-0059,2024-02-13,defective,13.69,approved
RET-003220,ORD-013703,CUST-01091,PROD-0002,2024-02-13,changed_mind,82.98,approved
RET-003221,ORD-013712,CUST-01548,PROD-0127,2024-02-19,defective,57.48,approved
RET-003222,ORD-013719,CUST-00490,PROD-0133,2024-02-19,defective,112.71,pending
RET-003223,ORD-013730,CUST-00107,PROD-0139,2024-02-29,defective,69.86,pending
RET-003224,ORD-013731,CUST-01432,PROD-0067,2024-02-18,defective,49.02,approved
RET-003225,ORD-013736,CUST-01122,PROD-0046,2024-02-27,defective,75.53,approved
RET-003226,ORD-013743,CUST-00331,PROD-0150,2024-02-23,defective,50.55,approved
RET-003227,ORD-013745,CUST-01559,PROD-0042,2024-02-21,not_as_described,34.66,approved
RET-003228,ORD-013750,CUST-02102,PROD-0133,2024-02-12,defective,118.2,approved
RET-003229,ORD-013755,CUST-02974,PROD-0044,2024-02-22,defective,42.22,approved
RET-003230,ORD-013763,CUST-01705,PROD-0034,2024-02-24,defective,53.85,approved
RET-003231,ORD-013770,CUST-02440,PROD-0028,2024-02-21,changed_mind,231.75,pending
RET-003232,ORD-013774,CUST-01636,PROD-0052,2024-02-11,defective,82.01,approved
RET-003233,ORD-013780,CUST-01203,PROD-0021,2024-02-27,defective,72.5,approved
RET-003234,ORD-013790,CUST-02428,PROD-0127,2024-02-14,changed_mind,60.94,approved
RET-003235,ORD-013792,CUST-01772,PROD-0125,2024-02-22,defective,66.3,approved
RET-003236,ORD-013793,CUST-00929,PROD-0036,2024-02-18,not_as_described,113.66,approved
RET-003237,ORD-013795,CUST-02618,PROD-0106,2024-02-13,changed_mind,21.74,approved
RET-003238,ORD-013796,CUST-00317,PROD-0017,2024-02-19,wrong_item,22.37,approved
RET-003239,ORD-013798,CUST-02435,PROD-0020,2024-02-22,changed_mind,116.76,approved
RET-003240,ORD-013802,CUST-02740,PROD-0150,2024-02-16,defective,50.65,approved
RET-003241,ORD-013817,CUST-01617,PROD-0026,2024-02-17,not_as_described,124.16,approved
RET-003242,ORD-013827,CUST-01386,PROD-0041,2024-02-12,not_as_described,80.26,approved
RET-003243,ORD-013832,CUST-00766,PROD-0015,2024-02-29,defective,160.14,approved
RET-003244,ORD-013834,CUST-00844,PROD-0013,2024-02-23,defective,72.59,approved
RET-003245,ORD-013836,CUST-01384,PROD-0090,2024-02-16,defective,23.65,approved
RET-003246,ORD-013840,CUST-01553,PROD-0076,2024-02-18,defective,84.78,approved
RET-003247,ORD-013845,CUST-01185,PROD-0119,2024-02-24,not_as_described,92.76,approved
RET-003248,ORD-013849,CUST-02115,PROD-0050,2024-02-24,defective,14.49,approved
RET-003249,ORD-013855,CUST-01443,PROD-0148,2024-02-20,wrong_item,41.73,approved
RET-003250,ORD-013857,CUST-01861,PROD-0132,2024-02-15,changed_mind,27.39,approved
RET-003251,ORD-013858,CUST-02080,PROD-0115,2024-03-04,wrong_item,132.56,approved
RET-003252,ORD-013859,CUST-02120,PROD-0119,2024-02-16,other,46.26,approved
RET-003253,ORD-013870,CUST-02391,PROD-0012,2024-03-08,defective,33.51,approved
RET-003254,ORD-013871,CUST-00904,PROD-0141,2024-02-18,defective,364.41,rejected
RET-003255,ORD-013875,CUST-00941,PROD-0061,2024-02-28,not_as_described,92.94,approved
RET-003256,ORD-013877,CUST-01958,PROD-0080,2024-02-19,changed_mind,93.04,approved
RET-003257,ORD-013881,CUST-02839,PROD-0087,2024-03-02,defective,28.45,approved
RET-003258,ORD-013886,CUST-02993,PROD-0038,2024-02-27,changed_mind,69.45,rejected
RET-003259,ORD-013890,CUST-00961,PROD-0133,2024-02-22,defective,68.14,approved
RET-003260,ORD-013893,CUST-02072,PROD-0052,2024-02-18,defective,77.19,approved
RET-003261,ORD-013899,CUST-00132,PROD-0143,2024-03-01,changed_mind,30.29,approved
RET-003262,ORD-013900,CUST-01370,PROD-0006,2024-03-18,defective,21.51,pending
RET-003263,ORD-013904,CUST-01086,PROD-0012,2024-02-21,defective,31.95,approved
RET-003264,ORD-013912,CUST-00042,PROD-0132,2024-02-16,not_as_described,30.59,rejected
RET-003265,ORD-013915,CUST-00515,PROD-0036,2024-02-24,changed_mind,113.27,approved
RET-003266,ORD-013922,CUST-00311,PROD-0048,2024-02-20,not_as_described,51.33,approved
RET-003267,ORD-013924,CUST-00688,PROD-0107,2024-02-19,defective,226.75,approved
RET-003268,ORD-013933,CUST-00394,PROD-0096,2024-03-15,changed_mind,28.68,approved
RET-003269,ORD-013934,CUST-02366,PROD-0145,2024-02-19,changed_mind,22.29,approved
RET-003270,ORD-013937,CUST-02619,PROD-0059,2024-03-02,defective,18.43,approved
RET-003271,ORD-013939,CUST-02593,PROD-0040,2024-03-09,other,29.77,approved
RET-003272,ORD-013940,CUST-02426,PROD-0120,2024-02-29,not_as_described,65.47,approved
RET-003273,ORD-013941,CUST-02708,PROD-0005,2024-02-26,defective,44.42,approved
RET-003274,ORD-013942,CUST-02797,PROD-0109,2024-02-16,defective,20.87,approved
RET-003275,ORD-013945,CUST-02248,PROD-0122,2024-03-02,changed_mind,26.65,approved
RET-003276,ORD-013948,CUST-01893,PROD-0076,2024-02-24,defective,25.32,rejected
RET-003277,ORD-013949,CUST-00123,PROD-0085,2024-02-21,defective,35.91,approved
RET-003278,ORD-013962,CUST-02618,PROD-0110,2024-03-05,wrong_item,342.11,approved
RET-003279,ORD-013964,CUST-01064,PROD-0040,2024-02-25,changed_mind,30.03,approved
RET-003280,ORD-013968,CUST-00803,PROD-0026,2024-03-04,wrong_item,60.06,approved
RET-003281,ORD-013974,CUST-02493,PROD-0026,2024-03-09,changed_mind,59.88,approved
RET-003282,ORD-013975,CUST-02415,PROD-0003,2024-03-07,wrong_item,95.77,approved
RET-003283,ORD-013976,CUST-01264,PROD-0076,2024-02-20,defective,24.42,rejected
RET-003284,ORD-013986,CUST-01028,PROD-0076,2024-02-20,defective,74.7,approved
RET-003285,ORD-013990,CUST-00242,PROD-0021,2024-03-06,defective,220.35,approved
RET-003286,ORD-013993,CUST-01269,PROD-0055,2024-03-07,wrong_item,59.8,approved
RET-003287,ORD-013997,CUST-01376,PROD-0005,2024-02-24,defective,22.55,approved
RET-003288,ORD-014002,CUST-00706,PROD-0148,2024-03-05,changed_mind,41.01,approved
RET-003289,ORD-014004,CUST-02864,PROD-0028,2024-03-06,defective,266.48,approved
RET-003290,ORD-014005,CUST-01914,PROD-0006,2024-03-19,defective,20.48,approved
RET-003291,ORD-014006,CUST-02126,PROD-0150,2024-02-18,defective,50.08,approved
RET-003292,ORD-014007,CUST-02318,PROD-0036,2024-03-15,other,337.95,approved
RET-003293,ORD-014013,CUST-02455,PROD-0052,2024-02-24,defective,168.32,approved
RET-003294,ORD-014024,CUST-01347,PROD-0068,2024-03-12,not_as_described,11.01,approved
RET-003295,ORD-014027,CUST-01049,PROD-0139,2024-02-27,defective,34.7,approved
RET-003296,ORD-014031,CUST-01562,PROD-0132,2024-03-08,wrong_item,56.74,approved
RET-003297,ORD-014034,CUST-01605,PROD-0077,2024-02-20,wrong_item,26.72,rejected
RET-003298,ORD-014042,CUST-00989,PROD-0131,2024-03-03,wrong_item,23.66,approved
RET-003299,ORD-014050,CUST-00787,PROD-0074,2024-03-09,defective,40.74,approved
RET-003300,ORD-014051,CUST-00998,PROD-0022,2024-02-25,other,27.84,approved
RET-003301,ORD-014053,CUST-02049,PROD-0082,2024-03-01,defective,4.83,approved
RET-003302,ORD-014054,CUST-02394,PROD-0039,2024-03-07,defective,9.98,approved
RET-003303,ORD-014061,CUST-01595,PROD-0059,2024-02-25,wrong_item,18.94,approved
RET-003304,ORD-014064,CUST-01401,PROD-0033,2024-02-20,changed_mind,10.99,approved
RET-003305,ORD-014069,CUST-01040,PROD-0146,2024-03-16,changed_mind,207.68,pending
RET-003306,ORD-014071,CUST-02005,PROD-0079,2024-03-04,changed_mind,41.89,rejected
RET-003307,ORD-014072,CUST-00763,PROD-0012,2024-02-29,defective,34.7,pending
RET-003308,ORD-014080,CUST-02307,PROD-0105,2024-02-23,defective,22.49,approved
RET-003309,ORD-014089,CUST-00900,PROD-0029,2024-03-02,changed_mind,20.54,approved
RET-003310,ORD-014092,CUST-00158,PROD-0068,2024-03-04,defective,10.62,approved
RET-003311,ORD-014093,CUST-01781,PROD-0123,2024-02-24,changed_mind,48.02,approved
RET-003312,ORD-014096,CUST-00170,PROD-0052,2024-03-06,defective,85.45,approved
RET-003313,ORD-014100,CUST-02400,PROD-0040,2024-02-22,wrong_item,30.67,approved
RET-003314,ORD-014102,CUST-00327,PROD-0013,2024-02-22,wrong_item,285.68,approved
RET-003315,ORD-014105,CUST-02101,PROD-0126,2024-02-27,defective,379.98,approved
RET-003316,ORD-014108,CUST-01729,PROD-0001,2024-02-20,changed_mind,45.63,approved
RET-003317,ORD-014123,CUST-02107,PROD-0107,2024-02-23,defective,633.66,approved
RET-003318,ORD-014124,CUST-02053,PROD-0121,2024-03-02,wrong_item,43.13,approved
RET-003319,ORD-014131,CUST-00574,PROD-0048,2024-03-02,not_as_described,52.46,approved
RET-003320,ORD-014139,CUST-01309,PROD-0010,2024-02-25,other,75.96,approved
RET-003321,ORD-014141,CUST-02469,PROD-0016,2024-03-01,defective,20.45,approved
RET-003322,ORD-014149,CUST-00210,PROD-0114,2024-02-28,wrong_item,29.9,approved
RET-003323,ORD-014154,CUST-00351,PROD-0078,2024-03-13,defective,46.17,approved
RET-003324,ORD-014160,CUST-01679,PROD-0017,2024-02-24,defective,33.46,approved
RET-003325,ORD-014166,CUST-02180,PROD-0001,2024-03-06,defective,98.74,approved
RET-003326,ORD-014167,CUST-01059,PROD-0068,2024-03-02,defective,11.17,approved
RET-003327,ORD-014173,CUST-00090,PROD-0026,2024-03-01,changed_mind,65.51,approved
RET-003328,ORD-014177,CUST-02178,PROD-0111,2024-02-23,other,49.0,approved
RET-003329,ORD-014179,CUST-02442,PROD-0050,2024-02-29,defective,15.62,approved
RET-003330,ORD-014180,CUST-01204,PROD-0054,2024-02-25,changed_mind,25.44,approved
RET-003331,ORD-014185,CUST-00096,PROD-0036,2024-02-24,not_as_described,309.09,rejected
RET-003332,ORD-014187,CUST-01408,PROD-0052,2024-03-06,defective,249.48,approved
RET-003333,ORD-014199,CUST-02356,PROD-0052,2024-03-11,defective,79.1,approved
RET-003334,ORD-014200,CUST-02329,PROD-0071,2024-02-27,not_as_described,42.8,approved
RET-003335,ORD-014201,CUST-00823,PROD-0147,2024-03-03,changed_mind,191.7,approved
RET-003336,ORD-014206,CUST-02463,PROD-0050,2024-02-28,wrong_item,14.36,approved
RET-003337,ORD-014216,CUST-01970,PROD-0032,2024-02-29,changed_mind,75.18,approved
RET-003338,ORD-014220,CUST-01193,PROD-0082,2024-03-03,changed_mind,27.34,approved
RET-003339,ORD-014221,CUST-01147,PROD-0130,2024-03-03,defective,63.72,approved
RET-003340,ORD-014229,CUST-01947,PROD-0085,2024-03-05,defective,37.19,approved
RET-003341,ORD-014237,CUST-02476,PROD-0137,2024-03-07,defective,27.16,approved
RET-003342,ORD-014248,CUST-00078,PROD-0147,2024-02-27,changed_mind,302.0,pending
RET-003343,ORD-014249,CUST-00095,PROD-0074,2024-03-02,defective,95.86,approved
RET-003344,ORD-014250,CUST-00796,PROD-0150,2024-02-26,defective,99.34,pending
RET-003345,ORD-014253,CUST-02974,PROD-0015,2024-03-26,other,214.47,approved
RET-003346,ORD-014260,CUST-00213,PROD-0053,2024-03-01,defective,150.28,approved
RET-003347,ORD-014262,CUST-02331,PROD-0093,2024-03-03,wrong_item,71.54,approved
RET-003348,ORD-014264,CUST-02604,PROD-0124,2024-03-02,defective,76.75,approved
RET-003349,ORD-014265,CUST-00022,PROD-0105,2024-02-26,defective,22.05,approved
RET-003350,ORD-014268,CUST-01130,PROD-0081,2024-03-08,changed_mind,98.74,approved
RET-003351,ORD-014270,CUST-01292,PROD-0117,2024-03-09,defective,22.56,approved
RET-003352,ORD-014271,CUST-02755,PROD-0051,2024-03-02,wrong_item,37.29,approved
RET-003353,ORD-014274,CUST-02494,PROD-0092,2024-03-02,changed_mind,52.02,approved
RET-003354,ORD-014283,CUST-02718,PROD-0055,2024-03-15,changed_mind,84.24,rejected
RET-003355,ORD-014293,CUST-00221,PROD-0133,2024-03-02,not_as_described,35.21,rejected
RET-003356,ORD-014299,CUST-02202,PROD-0068,2024-03-06,defective,10.33,approved
RET-003357,ORD-014304,CUST-02001,PROD-0123,2024-03-03,defective,97.96,approved
RET-003358,ORD-014313,CUST-01826,PROD-0052,2024-03-02,wrong_item,83.33,approved
RET-003359,ORD-014315,CUST-00561,PROD-0138,2024-03-02,defective,53.12,approved
RET-003360,ORD-014317,CUST-02974,PROD-0106,2024-03-14,not_as_described,43.28,approved
RET-003361,ORD-014320,CUST-02786,PROD-0028,2024-03-05,changed_mind,237.85,approved
RET-003362,ORD-014322,CUST-02387,PROD-0120,2024-03-04,changed_mind,124.0,approved
RET-003363,ORD-014324,CUST-02556,PROD-0051,2024-03-01,not_as_described,12.35,pending
RET-003364,ORD-014335,CUST-00324,PROD-0097,2024-03-05,not_as_described,47.49,approved
RET-003365,ORD-014339,CUST-01284,PROD-0078,2024-03-19,defective,86.9,approved
RET-003366,ORD-014341,CUST-01789,PROD-0095,2024-03-02,other,76.08,approved
RET-003367,ORD-014344,CUST-01616,PROD-0046,2024-03-08,defective,204.34,approved
RET-003368,ORD-014365,CUST-02713,PROD-0018,2024-03-04,defective,199.36,approved
RET-003369,ORD-014375,CUST-00111,PROD-0002,2024-02-29,not_as_described,24.39,approved
RET-003370,ORD-014380,CUST-01276,PROD-0132,2024-03-11,defective,60.2,approved
RET-003371,ORD-014381,CUST-00793,PROD-0025,2024-03-13,changed_mind,452.34,approved
RET-003372,ORD-014386,CUST-00950,PROD-0082,2024-02-29,changed_mind,42.78,approved
RET-003373,ORD-014389,CUST-01760,PROD-0016,2024-03-03,defective,43.84,approved
RET-003374,ORD-014391,CUST-00851,PROD-0101,2024-03-05,defective,10.72,approved
RET-003375,ORD-014412,CUST-01143,PROD-0014,2024-03-06,changed_mind,10.34,approved
RET-003376,ORD-014413,CUST-00696,PROD-0094,2024-04-01,not_as_described,7.89,approved
RET-003377,ORD-014416,CUST-02634,PROD-0036,2024-03-07,defective,147.9,rejected
RET-003378,ORD-014427,CUST-00001,PROD-0044,2024-03-04,defective,23.77,approved
RET-003379,ORD-014431,CUST-02622,PROD-0145,2024-03-07,wrong_item,20.13,approved
RET-003380,ORD-014434,CUST-02325,PROD-0020,2024-03-02,wrong_item,40.31,approved
RET-003381,ORD-014442,CUST-01555,PROD-0029,2024-03-13,changed_mind,35.6,approved
RET-003382,ORD-014448,CUST-00989,PROD-0081,2024-03-14,wrong_item,43.85,approved
RET-003383,ORD-014450,CUST-01079,PROD-0148,2024-03-05,changed_mind,45.14,approved
RET-003384,ORD-014456,CUST-00929,PROD-0053,2024-03-16,defective,73.19,approved
RET-003385,ORD-014459,CUST-02182,PROD-0132,2024-03-22,defective,56.54,rejected
RET-003386,ORD-014462,CUST-00125,PROD-0093,2024-03-06,defective,148.08,approved
RET-003387,ORD-014467,CUST-00958,PROD-0118,2024-03-05,defective,105.98,approved
RET-003388,ORD-014472,CUST-02920,PROD-0055,2024-03-20,defective,120.82,approved
RET-003389,ORD-014476,CUST-01444,PROD-0083,2024-03-16,changed_mind,69.72,approved
RET-003390,ORD-014481,CUST-02019,PROD-0101,2024-03-11,other,60.78,approved
RET-003391,ORD-014482,CUST-01732,PROD-0149,2024-03-11,changed_mind,29.93,approved
RET-003392,ORD-014486,CUST-01017,PROD-0080,2024-03-03,changed_mind,49.0,approved
RET-003393,ORD-014490,CUST-00388,PROD-0078,2024-03-05,changed_mind,19.79,approved
RET-003394,ORD-014497,CUST-00635,PROD-0048,2024-03-17,defective,46.71,approved
RET-003395,ORD-014499,CUST-00285,PROD-0077,2024-03-14,changed_mind,26.07,approved
RET-003396,ORD-014501,CUST-01379,PROD-0022,2024-03-10,defective,105.3,approved
RET-003397,ORD-014503,CUST-01575,PROD-0023,2024-03-13,changed_mind,244.1,approved
RET-003398,ORD-014504,CUST-02547,PROD-0053,2024-03-07,defective,70.06,rejected
RET-003399,ORD-014505,CUST-02727,PROD-0105,2024-03-10,defective,45.84,pending
RET-003400,ORD-014514,CUST-02150,PROD-0008,2024-03-05,defective,48.69,rejected
RET-003401,ORD-014517,CUST-01192,PROD-0136,2024-03-07,defective,87.75,approved
RET-003402,ORD-014530,CUST-02167,PROD-0150,2024-03-03,defective,46.31,rejected
RET-003403,ORD-014532,CUST-02143,PROD-0055,2024-03-19,wrong_item,62.62,approved
RET-003404,ORD-014533,CUST-01412,PROD-0001,2024-03-09,not_as_described,44.11,approved
RET-003405,ORD-014534,CUST-01000,PROD-0150,2024-03-09,defective,108.16,approved
RET-003406,ORD-014544,CUST-02623,PROD-0109,2024-03-14,defective,38.66,rejected
RET-003407,ORD-014549,CUST-01742,PROD-0096,2024-03-23,defective,30.21,approved
RET-003408,ORD-014552,CUST-02219,PROD-0126,2024-03-13,changed_mind,119.1,approved
RET-003409,ORD-014560,CUST-00158,PROD-0025,2024-03-20,defective,144.6,approved
RET-003410,ORD-014567,CUST-02699,PROD-0141,2024-03-09,not_as_described,129.24,pending
RET-003411,ORD-014569,CUST-00651,PROD-0082,2024-03-19,wrong_item,39.72,approved
RET-003412,ORD-014576,CUST-02825,PROD-0017,2024-03-11,defective,64.7,approved
RET-003413,ORD-014578,CUST-01149,PROD-0149,2024-03-15,defective,27.92,approved
RET-003414,ORD-014590,CUST-02411,PROD-0041,2024-03-19,wrong_item,43.49,approved
RET-003415,ORD-014595,CUST-01908,PROD-0109,2024-03-10,defective,14.84,approved
RET-003416,ORD-014597,CUST-02052,PROD-0037,2024-03-11,changed_mind,18.5,rejected
RET-003417,ORD-014604,CUST-02516,PROD-0130,2024-03-09,changed_mind,36.62,approved
RET-003418,ORD-014608,CUST-00249,PROD-0150,2024-03-09,changed_mind,49.16,approved
RET-003419,ORD-014611,CUST-01699,PROD-0039,2024-03-10,defective,11.14,rejected
RET-003420,ORD-014613,CUST-00134,PROD-0078,2024-03-11,defective,45.72,approved
RET-003421,ORD-014619,CUST-01229,PROD-0123,2024-03-13,defective,53.0,approved
RET-003422,ORD-014623,CUST-00236,PROD-0083,2024-03-20,defective,133.9,approved
RET-003423,ORD-014629,CUST-00183,PROD-0068,2024-03-08,not_as_described,7.92,approved
RET-003424,ORD-014635,CUST-01476,PROD-0141,2024-03-13,changed_mind,122.75,approved
RET-003425,ORD-014638,CUST-01088,PROD-0053,2024-03-21,wrong_item,72.8,approved
RET-003426,ORD-014640,CUST-00176,PROD-0071,2024-03-12,defective,15.24,rejected
RET-003427,ORD-014641,CUST-00531,PROD-0115,2024-03-22,wrong_item,67.46,approved
RET-003428,ORD-014643,CUST-02213,PROD-0110,2024-03-22,wrong_item,396.57,rejected
RET-003429,ORD-014644,CUST-02217,PROD-0075,2024-03-11,not_as_described,260.08,approved
RET-003430,ORD-014652,CUST-02122,PROD-0118,2024-03-10,defective,237.48,approved
RET-003431,ORD-014655,CUST-00377,PROD-0067,2024-03-23,not_as_described,178.06,approved
RET-003432,ORD-014657,CUST-01906,PROD-0021,2024-03-21,defective,202.02,approved
RET-003433,ORD-014658,CUST-02572,PROD-0088,2024-03-14,defective,103.02,approved
RET-003434,ORD-014659,CUST-00069,PROD-0054,2024-03-20,defective,18.87,approved
RET-003435,ORD-014671,CUST-02366,PROD-0026,2024-03-13,defective,60.39,approved
RET-003436,ORD-014672,CUST-02111,PROD-0012,2024-03-11,other,34.55,approved
RET-003437,ORD-014679,CUST-02247,PROD-0075,2024-03-15,other,69.71,rejected
RET-003438,ORD-014685,CUST-01006,PROD-0040,2024-03-21,wrong_item,54.38,approved
RET-003439,ORD-014686,CUST-00622,PROD-0049,2024-03-15,wrong_item,66.48,approved
RET-003440,ORD-014688,CUST-01882,PROD-0118,2024-03-29,defective,119.63,approved
RET-003441,ORD-014692,CUST-00959,PROD-0060,2024-03-19,not_as_described,166.35,approved
RET-003442,ORD-014693,CUST-00363,PROD-0030,2024-03-12,defective,69.5,approved
RET-003443,ORD-014716,CUST-02607,PROD-0094,2024-03-22,other,8.87,approved
RET-003444,ORD-014719,CUST-00836,PROD-0037,2024-03-31,defective,89.4,approved
RET-003445,ORD-014726,CUST-01726,PROD-0021,2024-03-14,defective,125.46,approved
RET-003446,ORD-014727,CUST-01609,PROD-0032,2024-03-16,defective,35.94,approved
RET-003447,ORD-014732,CUST-01837,PROD-0030,2024-03-14,defective,93.37,approved
RET-003448,ORD-014741,CUST-02157,PROD-0148,2024-03-13,changed_mind,41.99,approved
RET-003449,ORD-014749,CUST-01515,PROD-0147,2024-03-17,changed_mind,92.15,approved
RET-003450,ORD-014767,CUST-00456,PROD-0021,2024-03-13,defective,70.58,approved
RET-003451,ORD-014769,CUST-01861,PROD-0033,2024-03-24,defective,69.04,approved
RET-003452,ORD-014770,CUST-00520,PROD-0030,2024-03-16,defective,99.39,approved
RET-003453,ORD-014771,CUST-00362,PROD-0147,2024-03-15,defective,294.39,approved
RET-003454,ORD-014773,CUST-00144,PROD-0103,2024-04-02,changed_mind,146.4,rejected
RET-003455,ORD-014779,CUST-00531,PROD-0086,2024-03-15,changed_mind,29.19,approved
RET-003456,ORD-014783,CUST-01680,PROD-0116,2024-03-25,changed_mind,24.98,approved
RET-003457,ORD-014786,CUST-02062,PROD-0144,2024-03-22,other,24.27,approved
RET-003458,ORD-014789,CUST-01878,PROD-0100,2024-03-15,wrong_item,10.75,approved
RET-003459,ORD-014791,CUST-02182,PROD-0013,2024-03-21,changed_mind,82.61,approved
RET-003460,ORD-014793,CUST-01699,PROD-0084,2024-03-18,wrong_item,156.9,approved
RET-003461,ORD-014794,CUST-02983,PROD-0013,2024-03-28,changed_mind,73.73,rejected
RET-003462,ORD-014795,CUST-02272,PROD-0087,2024-03-24,defective,30.19,approved
RET-003463,ORD-014801,CUST-01826,PROD-0144,2024-03-29,not_as_described,23.28,approved
RET-003464,ORD-014805,CUST-02695,PROD-0074,2024-03-24,changed_mind,47.95,approved
RET-003465,ORD-014806,CUST-02867,PROD-0025,2024-03-25,changed_mind,292.8,rejected
RET-003466,ORD-014808,CUST-02267,PROD-0126,2024-03-28,changed_mind,251.04,approved
RET-003467,ORD-014810,CUST-00991,PROD-0060,2024-03-18,changed_mind,46.71,approved
RET-003468,ORD-014813,CUST-02603,PROD-0025,2024-04-02,wrong_item,285.12,approved
RET-003469,ORD-014814,CUST-00652,PROD-0145,2024-03-19,changed_mind,60.24,approved
RET-003470,ORD-014826,CUST-00237,PROD-0072,2024-03-22,wrong_item,80.28,pending
RET-003471,ORD-014828,CUST-00988,PROD-0043,2024-03-20,defective,67.59,approved
RET-003472,ORD-014830,CUST-00572,PROD-0025,2024-03-26,changed_mind,111.21,approved
RET-003473,ORD-014832,CUST-01483,PROD-0128,2024-03-24,wrong_item,37.52,approved
RET-003474,ORD-014839,CUST-01325,PROD-0087,2024-03-30,other,28.73,rejected
RET-003475,ORD-014847,CUST-00124,PROD-0033,2024-03-25,defective,34.96,approved
RET-003476,ORD-014848,CUST-00629,PROD-0118,2024-04-08,changed_mind,107.55,rejected
RET-003477,ORD-014851,CUST-00726,PROD-0145,2024-03-20,defective,21.95,approved
RET-003478,ORD-014853,CUST-02573,PROD-0047,2024-03-19,defective,5.06,approved
RET-003479,ORD-014856,CUST-00721,PROD-0143,2024-03-18,defective,56.12,approved
RET-003480,ORD-014857,CUST-01995,PROD-0045,2024-03-18,changed_mind,90.72,pending
RET-003481,ORD-014862,CUST-01542,PROD-0079,2024-03-29,changed_mind,42.81,approved
RET-003482,ORD-014864,CUST-02438,PROD-0051,2024-03-28,not_as_described,43.23,rejected
RET-003483,ORD-014865,CUST-02354,PROD-0023,2024-03-21,changed_mind,133.92,approved
RET-003484,ORD-014873,CUST-00585,PROD-0028,2024-04-08,not_as_described,267.31,approved
RET-003485,ORD-014885,CUST-01549,PROD-0028,2024-03-23,defective,258.01,approved
RET-003486,ORD-014891,CUST-01630,PROD-0082,2024-03-24,changed_mind,13.08,approved
RET-003487,ORD-014894,CUST-01395,PROD-0020,2024-03-24,not_as_described,43.83,approved
RET-003488,ORD-014896,CUST-00237,PROD-0087,2024-03-31,changed_mind,53.04,approved
RET-003489,ORD-014900,CUST-01604,PROD-0059,2024-03-19,changed_mind,19.91,approved
RET-003490,ORD-014906,CUST-00185,PROD-0149,2024-03-19,defective,26.08,approved
RET-003491,ORD-014923,CUST-01412,PROD-0107,2024-03-18,defective,631.44,approved
RET-003492,ORD-014924,CUST-02063,PROD-0107,2024-03-24,defective,231.51,approved
RET-003493,ORD-014929,CUST-01588,PROD-0003,2024-03-17,not_as_described,114.92,approved
RET-003494,ORD-014940,CUST-00470,PROD-0118,2024-04-08,other,118.37,approved
RET-003495,ORD-014942,CUST-01859,PROD-0048,2024-03-19,wrong_item,101.62,approved
RET-003496,ORD-014943,CUST-01480,PROD-0075,2024-03-21,defective,74.49,rejected
RET-003497,ORD-014948,CUST-01267,PROD-0025,2024-03-25,changed_mind,139.5,approved
RET-003498,ORD-014949,CUST-01705,PROD-0048,2024-03-20,defective,95.52,approved
RET-003499,ORD-014950,CUST-01745,PROD-0053,2024-04-04,defective,207.54,approved
RET-003500,ORD-014957,CUST-01139,PROD-0043,2024-03-29,changed_mind,67.96,rejected
RET-003501,ORD-014958,CUST-01182,PROD-0149,2024-03-31,wrong_item,56.68,approved
RET-003502,ORD-014960,CUST-01713,PROD-0022,2024-03-24,defective,46.62,rejected
RET-003503,ORD-014964,CUST-01533,PROD-0096,2024-03-20,changed_mind,31.61,approved
RET-003504,ORD-014968,CUST-02138,PROD-0082,2024-03-29,changed_mind,13.19,approved
RET-003505,ORD-014969,CUST-01151,PROD-0103,2024-03-23,defective,36.75,approved
RET-003506,ORD-014973,CUST-01674,PROD-0064,2024-03-30,changed_mind,177.42,approved
RET-003507,ORD-014975,CUST-02036,PROD-0063,2024-04-02,wrong_item,12.39,approved
RET-003508,ORD-014979,CUST-02674,PROD-0084,2024-03-27,wrong_item,75.5,approved
RET-003509,ORD-014984,CUST-02743,PROD-0027,2024-03-21,changed_mind,23.34,approved
RET-003510,ORD-014985,CUST-02601,PROD-0059,2024-03-24,defective,17.39,approved
RET-003511,ORD-014987,CUST-02908,PROD-0108,2024-03-18,changed_mind,16.15,approved
RET-003512,ORD-014988,CUST-01871,PROD-0052,2024-03-29,defective,154.78,approved
RET-003513,ORD-014994,CUST-01417,PROD-0004,2024-04-06,changed_mind,32.73,rejected
RET-003514,ORD-014997,CUST-00763,PROD-0107,2024-03-27,changed_mind,222.83,pending
RET-003515,ORD-014998,CUST-01505,PROD-0040,2024-03-24,changed_mind,12.73,approved
RET-003516,ORD-014999,CUST-02684,PROD-0105,2024-03-31,defective,21.79,approved
RET-003517,ORD-015001,CUST-02751,PROD-0080,2024-03-22,other,90.08,rejected
RET-003518,ORD-015006,CUST-00399,PROD-0146,2024-04-05,other,98.6,approved
RET-003519,ORD-015011,CUST-02940,PROD-0052,2024-03-25,changed_mind,80.99,approved
RET-003520,ORD-015013,CUST-00319,PROD-0111,2024-03-25,changed_mind,42.56,approved
RET-003521,ORD-015015,CUST-00333,PROD-0125,2024-04-03,other,23.69,approved
RET-003522,ORD-015025,CUST-02215,PROD-0088,2024-03-21,defective,34.78,approved
RET-003523,ORD-015027,CUST-01123,PROD-0012,2024-04-09,defective,66.66,approved
RET-003524,ORD-015031,CUST-02620,PROD-0075,2024-04-02,changed_mind,66.24,approved
RET-003525,ORD-015032,CUST-01689,PROD-0087,2024-03-29,defective,26.57,approved
RET-003526,ORD-015043,CUST-01243,PROD-0105,2024-03-20,changed_mind,23.34,approved
RET-003527,ORD-015044,CUST-02645,PROD-0141,2024-03-25,changed_mind,169.56,approved
RET-003528,ORD-015046,CUST-02148,PROD-0117,2024-03-21,defective,20.66,approved
RET-003529,ORD-015048,CUST-00694,PROD-0090,2024-03-21,defective,23.04,approved
RET-003530,ORD-015051,CUST-01093,PROD-0040,2024-03-30,defective,57.26,approved
RET-003531,ORD-015057,CUST-02711,PROD-0078,2024-03-24,wrong_item,44.81,pending
RET-003532,ORD-015069,CUST-00177,PROD-0133,2024-04-06,changed_mind,142.68,approved
RET-003533,ORD-015070,CUST-00915,PROD-0135,2024-04-06,changed_mind,39.1,approved
RET-003534,ORD-015080,CUST-02582,PROD-0107,2024-04-02,defective,241.93,approved
RET-003535,ORD-015083,CUST-02943,PROD-0130,2024-03-27,defective,32.78,rejected
RET-003536,ORD-015085,CUST-02237,PROD-0133,2024-03-27,changed_mind,69.9,approved
RET-003537,ORD-015088,CUST-01443,PROD-0052,2024-04-04,defective,77.81,approved
RET-003538,ORD-015090,CUST-00202,PROD-0132,2024-04-02,changed_mind,27.58,approved
RET-003539,ORD-015091,CUST-01286,PROD-0021,2024-03-31,defective,67.28,approved
RET-003540,ORD-015098,CUST-01637,PROD-0037,2024-04-05,wrong_item,18.94,approved
RET-003541,ORD-015099,CUST-00581,PROD-0133,2024-04-08,defective,36.13,approved
RET-003542,ORD-015100,CUST-01108,PROD-0126,2024-03-28,wrong_item,388.17,approved
RET-003543,ORD-015102,CUST-00150,PROD-0060,2024-04-14,wrong_item,58.03,approved
RET-003544,ORD-015105,CUST-00942,PROD-0018,2024-04-07,not_as_described,142.56,rejected
RET-003545,ORD-015106,CUST-02729,PROD-0109,2024-03-27,defective,18.17,approved
RET-003546,ORD-015109,CUST-02643,PROD-0030,2024-04-06,defective,106.94,approved
RET-003547,ORD-015110,CUST-00670,PROD-0046,2024-04-04,defective,160.74,approved
RET-003548,ORD-015115,CUST-02416,PROD-0066,2024-04-03,changed_mind,41.84,approved
RET-003549,ORD-015122,CUST-01155,PROD-0126,2024-03-25,defective,126.36,approved
RET-003550,ORD-015127,CUST-01849,PROD-0051,2024-03-26,changed_mind,123.9,approved
RET-003551,ORD-015128,CUST-00698,PROD-0126,2024-03-24,defective,137.7,approved
RET-003552,ORD-015129,CUST-01993,PROD-0113,2024-03-29,defective,57.48,approved
RET-003553,ORD-015144,CUST-02350,PROD-0027,2024-03-23,changed_mind,15.2,approved
RET-003554,ORD-015147,CUST-00006,PROD-0022,2024-03-23,defective,128.19,approved
RET-003555,ORD-015149,CUST-01435,PROD-0111,2024-04-06,defective,83.38,approved
RET-003556,ORD-015150,CUST-01733,PROD-0030,2024-03-31,defective,102.18,approved
RET-003557,ORD-015153,CUST-01468,PROD-0004,2024-04-01,changed_mind,63.28,approved
RET-003558,ORD-015154,CUST-02686,PROD-0037,2024-03-26,not_as_described,46.72,approved
RET-003559,ORD-015159,CUST-00059,PROD-0121,2024-03-27,not_as_described,44.68,pending
RET-003560,ORD-015160,CUST-00656,PROD-0100,2024-03-26,other,17.04,approved
RET-003561,ORD-015172,CUST-00477,PROD-0041,2024-04-06,changed_mind,84.64,rejected
RET-003562,ORD-015177,CUST-00491,PROD-0127,2024-04-07,defective,167.43,approved
RET-003563,ORD-015178,CUST-02686,PROD-0023,2024-03-29,changed_mind,128.91,approved
RET-003564,ORD-015183,CUST-01202,PROD-0052,2024-03-25,defective,82.81,approved
RET-003565,ORD-015196,CUST-02369,PROD-0147,2024-04-19,not_as_described,185.46,approved
RET-003566,ORD-015198,CUST-02614,PROD-0058,2024-04-04,changed_mind,12.14,approved
RET-003567,ORD-015206,CUST-01581,PROD-0066,2024-04-10,wrong_item,38.96,approved
RET-003568,ORD-015207,CUST-01325,PROD-0014,2024-03-31,defective,11.64,approved
RET-003569,ORD-015208,CUST-01832,PROD-0111,2024-04-01,defective,43.22,approved
RET-003570,ORD-015210,CUST-00324,PROD-0084,2024-04-02,other,161.1,approved
RET-003571,ORD-015211,CUST-00151,PROD-0025,2024-03-29,wrong_item,264.71,approved
RET-003572,ORD-015212,CUST-00377,PROD-0056,2024-03-28,defective,63.38,rejected
RET-003573,ORD-015215,CUST-00808,PROD-0089,2024-03-28,changed_mind,12.99,approved
RET-003574,ORD-015218,CUST-01524,PROD-0012,2024-04-21,defective,130.24,approved
RET-003575,ORD-015225,CUST-02595,PROD-0145,2024-03-24,wrong_item,44.44,approved
RET-003576,ORD-015226,CUST-01973,PROD-0068,2024-03-30,defective,10.62,approved
RET-003577,ORD-015227,CUST-00951,PROD-0057,2024-04-19,wrong_item,56.86,approved
RET-003578,ORD-015231,CUST-00901,PROD-0036,2024-03-28,defective,189.91,approved
RET-003579,ORD-015236,CUST-01315,PROD-0135,2024-03-26,changed_mind,33.88,approved
RET-003580,ORD-015239,CUST-01011,PROD-0067,2024-04-01,changed_mind,82.85,approved
RET-003581,ORD-015241,CUST-00819,PROD-0108,2024-03-30,changed_mind,16.61,rejected
RET-003582,ORD-015242,CUST-01329,PROD-0041,2024-03-25,other,42.45,rejected
RET-003583,ORD-015246,CUST-01043,PROD-0126,2024-04-09,defective,127.23,approved
RET-003584,ORD-015253,CUST-00933,PROD-0077,2024-04-04,changed_mind,20.19,approved
RET-003585,ORD-015254,CUST-00404,PROD-0087,2024-03-28,changed_mind,28.34,approved
RET-003586,ORD-015256,CUST-00882,PROD-0096,2024-04-15,defective,29.2,approved
RET-003587,ORD-015257,CUST-00549,PROD-0083,2024-04-08,wrong_item,70.18,approved
RET-003588,ORD-015258,CUST-02687,PROD-0139,2024-03-30,defective,36.02,approved
RET-003589,ORD-015261,CUST-00155,PROD-0018,2024-04-12,other,93.48,approved
RET-003590,ORD-015271,CUST-01410,PROD-0029,2024-04-06,other,19.0,approved
RET-003591,ORD-015273,CUST-02949,PROD-0140,2024-04-08,other,20.9,approved
RET-003592,ORD-015277,CUST-01115,PROD-0111,2024-04-06,defective,45.61,pending
RET-003593,ORD-015280,CUST-00631,PROD-0144,2024-04-05,defective,44.62,approved
RET-003594,ORD-015289,CUST-01998,PROD-0002,2024-04-15,not_as_described,49.1,approved
RET-003595,ORD-015300,CUST-02150,PROD-0049,2024-04-09,not_as_described,19.48,approved
RET-003596,ORD-015305,CUST-01239,PROD-0004,2024-03-30,changed_mind,25.18,approved
RET-003597,ORD-015308,CUST-02737,PROD-0044,2024-03-28,wrong_item,53.5,approved
RET-003598,ORD-015310,CUST-01978,PROD-0083,2024-04-19,defective,65.01,approved
RET-003599,ORD-015312,CUST-02729,PROD-0126,2024-04-06,other,131.1,approved
RET-003600,ORD-015314,CUST-01853,PROD-0020,2024-04-01,changed_mind,158.68,approved
RET-003601,ORD-015315,CUST-00761,PROD-0117,2024-03-29,defective,40.98,approved
RET-003602,ORD-015317,CUST-00286,PROD-0097,2024-04-18,changed_mind,94.06,approved
RET-003603,ORD-015320,CUST-01194,PROD-0074,2024-04-02,not_as_described,45.02,rejected
RET-003604,ORD-015321,CUST-02645,PROD-0012,2024-04-22,defective,32.69,approved
RET-003605,ORD-015328,CUST-01540,PROD-0029,2024-04-12,changed_mind,17.94,pending
RET-003606,ORD-015329,CUST-00538,PROD-0032,2024-03-30,defective,302.88,approved
RET-003607,ORD-015336,CUST-02944,PROD-0046,2024-04-05,defective,124.27,approved
RET-003608,ORD-015338,CUST-02224,PROD-0028,2024-04-10,defective,128.3,approved
RET-003609,ORD-015339,CUST-00897,PROD-0114,2024-04-02,changed_mind,30.46,approved
RET-003610,ORD-015343,CUST-00120,PROD-0117,2024-04-19,defective,20.39,rejected
RET-003611,ORD-015354,CUST-00250,PROD-0133,2024-04-02,wrong_item,37.79,approved
RET-003612,ORD-015359,CUST-02241,PROD-0109,2024-04-02,wrong_item,19.12,approved
RET-003613,ORD-015361,CUST-00298,PROD-0019,2024-04-05,wrong_item,52.25,approved
RET-003614,ORD-015367,CUST-01960,PROD-0133,2024-04-07,defective,75.44,approved
RET-003615,ORD-015372,CUST-01855,PROD-0074,2024-04-13,other,143.34,approved
RET-003616,ORD-015373,CUST-01798,PROD-0096,2024-04-13,other,27.26,approved
RET-003617,ORD-015374,CUST-01829,PROD-0013,2024-04-15,changed_mind,59.67,approved
RET-003618,ORD-015377,CUST-00075,PROD-0132,2024-04-03,changed_mind,28.4,approved
RET-003619,ORD-015388,CUST-00010,PROD-0046,2024-04-02,defective,148.7,approved
RET-003620,ORD-015395,CUST-00123,PROD-0143,2024-03-29,not_as_described,27.27,approved
RET-003621,ORD-015397,CUST-02059,PROD-0115,2024-03-30,wrong_item,256.8,pending
RET-003622,ORD-015400,CUST-00664,PROD-0090,2024-04-14,defective,65.67,rejected
RET-003623,ORD-015401,CUST-01332,PROD-0143,2024-04-11,wrong_item,28.96,approved
RET-003624,ORD-015404,CUST-02063,PROD-0109,2024-04-03,defective,18.71,approved
RET-003625,ORD-015405,CUST-02727,PROD-0125,2024-04-16,defective,35.68,approved
RET-003626,ORD-015410,CUST-00896,PROD-0139,2024-04-02,defective,34.24,approved
RET-003627,ORD-015418,CUST-01897,PROD-0059,2024-04-10,wrong_item,36.76,approved
RET-003628,ORD-015421,CUST-01413,PROD-0142,2024-04-06,changed_mind,28.68,approved
RET-003629,ORD-015422,CUST-00040,PROD-0030,2024-04-03,defective,201.74,approved
RET-003630,ORD-015430,CUST-00827,PROD-0071,2024-04-02,not_as_described,43.35,approved
RET-003631,ORD-015432,CUST-00952,PROD-0141,2024-04-12,changed_mind,389.07,approved
RET-003632,ORD-015433,CUST-02873,PROD-0125,2024-04-10,defective,34.43,approved
RET-003633,ORD-015435,CUST-02476,PROD-0039,2024-04-25,defective,10.02,approved
RET-003634,ORD-015442,CUST-00844,PROD-0076,2024-04-13,changed_mind,10.31,approved
RET-003635,ORD-015446,CUST-02185,PROD-0025,2024-04-12,changed_mind,150.48,approved
RET-003636,ORD-015447,CUST-00247,PROD-0044,2024-05-09,wrong_item,45.9,approved
RET-003637,ORD-015449,CUST-01825,PROD-0016,2024-04-01,changed_mind,20.97,approved
RET-003638,ORD-015463,CUST-00692,PROD-0002,2024-04-13,wrong_item,24.66,approved
RET-003639,ORD-015464,CUST-01681,PROD-0017,2024-04-11,defective,33.58,approved
RET-003640,ORD-015466,CUST-00651,PROD-0054,2024-04-15,defective,27.31,approved
RET-003641,ORD-015471,CUST-02178,PROD-0120,2024-04-02,defective,69.94,approved
RET-003642,ORD-015473,CUST-00305,PROD-0006,2024-04-20,defective,22.0,approved
RET-003643,ORD-015476,CUST-02847,PROD-0132,2024-04-05,changed_mind,85.08,approved
RET-003644,ORD-015477,CUST-00806,PROD-0048,2024-04-03,not_as_described,50.51,approved
RET-003645,ORD-015478,CUST-00797,PROD-0127,2024-04-07,defective,187.86,approved
RET-003646,ORD-015487,CUST-01813,PROD-0125,2024-04-04,not_as_described,63.9,approved
RET-003647,ORD-015489,CUST-01069,PROD-0012,2024-04-02,defective,20.58,approved
RET-003648,ORD-015494,CUST-01039,PROD-0029,2024-04-16,wrong_item,36.88,approved
RET-003649,ORD-015499,CUST-01757,PROD-0078,2024-04-03,changed_mind,45.17,approved
RET-003650,ORD-015506,CUST-00102,PROD-0091,2024-04-11,changed_mind,10.55,approved
RET-003651,ORD-015518,CUST-00285,PROD-0140,2024-04-06,other,9.87,approved
RET-003652,ORD-015519,CUST-02959,PROD-0003,2024-04-19,changed_mind,118.35,approved
RET-003653,ORD-015521,CUST-00550,PROD-0026,2024-04-08,not_as_described,62.25,pending
RET-003654,ORD-015529,CUST-01344,PROD-0059,2024-04-16,defective,17.54,approved
RET-003655,ORD-015532,CUST-02108,PROD-0113,2024-04-06,wrong_item,60.67,approved
RET-003656,ORD-015535,CUST-01450,PROD-0043,2024-04-08,defective,122.52,approved
RET-003657,ORD-015541,CUST-01758,PROD-0123,2024-05-17,defective,48.25,approved
RET-003658,ORD-015546,CUST-00869,PROD-0043,2024-04-07,wrong_item,61.66,approved
RET-003659,ORD-015551,CUST-00653,PROD-0017,2024-04-15,changed_mind,101.97,approved
RET-003660,ORD-015559,CUST-01511,PROD-0064,2024-04-07,changed_mind,57.61,approved
RET-003661,ORD-015571,CUST-02571,PROD-0059,2024-04-05,defective,39.08,rejected
RET-003662,ORD-015575,CUST-00397,PROD-0139,2024-04-03,defective,36.17,approved
RET-003663,ORD-015583,CUST-01575,PROD-0114,2024-04-05,other,13.94,approved
RET-003664,ORD-015585,CUST-02011,PROD-0118,2024-04-19,defective,207.28,approved
RET-003665,ORD-015593,CUST-00984,PROD-0126,2024-04-07,other,130.5,approved
RET-003666,ORD-015594,CUST-01675,PROD-0098,2024-04-10,defective,22.81,pending
RET-003667,ORD-015595,CUST-01716,PROD-0087,2024-04-11,changed_mind,29.48,approved
RET-003668,ORD-015601,CUST-00877,PROD-0083,2024-04-16,changed_mind,265.6,approved
RET-003669,ORD-015603,CUST-01501,PROD-0090,2024-04-07,defective,66.72,approved
RET-003670,ORD-015614,CUST-01072,PROD-0092,2024-04-16,wrong_item,49.34,approved
RET-003671,ORD-015615,CUST-02557,PROD-0149,2024-04-15,defective,25.99,approved
RET-003672,ORD-015616,CUST-01062,PROD-0084,2024-04-07,other,151.82,approved
RET-003673,ORD-015620,CUST-01966,PROD-0018,2024-04-09,defective,47.26,pending
RET-003674,ORD-015621,CUST-00574,PROD-0059,2024-04-11,defective,38.14,approved
RET-003675,ORD-015623,CUST-01278,PROD-0074,2024-04-15,defective,50.68,approved
RET-003676,ORD-015625,CUST-01836,PROD-0088,2024-04-12,changed_mind,48.92,approved
RET-003677,ORD-015630,CUST-02577,PROD-0012,2024-04-05,defective,136.48,approved
RET-003678,ORD-015636,CUST-00500,PROD-0054,2024-04-28,other,25.56,rejected
RET-003679,ORD-015639,CUST-02199,PROD-0006,2024-04-28,defective,40.56,approved
RET-003680,ORD-015641,CUST-02101,PROD-0138,2024-04-24,other,100.0,approved
RET-003681,ORD-015643,CUST-00230,PROD-0008,2024-04-19,changed_mind,47.64,approved
RET-003682,ORD-015646,CUST-00518,PROD-0119,2024-05-03,other,50.73,approved
RET-003683,ORD-015652,CUST-02508,PROD-0141,2024-04-13,other,120.97,approved
RET-003684,ORD-015656,CUST-00875,PROD-0008,2024-04-21,wrong_item,47.31,approved
RET-003685,ORD-015663,CUST-02685,PROD-0090,2024-04-10,defective,21.34,approved
RET-003686,ORD-015672,CUST-00459,PROD-0053,2024-04-24,defective,140.38,rejected
RET-003687,ORD-015673,CUST-02835,PROD-0124,2024-04-15,wrong_item,85.98,approved
RET-003688,ORD-015678,CUST-02747,PROD-0040,2024-04-10,defective,28.19,approved
RET-003689,ORD-015679,CUST-00597,PROD-0098,2024-04-20,not_as_described,20.94,approved
RET-003690,ORD-015691,CUST-01276,PROD-0039,2024-04-09,defective,5.58,approved
RET-003691,ORD-015694,CUST-01169,PROD-0066,2024-04-26,changed_mind,37.69,approved
RET-003692,ORD-015695,CUST-00781,PROD-0008,2024-04-18,changed_mind,51.02,rejected
RET-003693,ORD-015705,CUST-00548,PROD-0114,2024-04-10,changed_mind,29.72,approved
RET-003694,ORD-015706,CUST-02423,PROD-0046,2024-04-12,defective,81.07,approved
RET-003695,ORD-015709,CUST-02817,PROD-0023,2024-04-15,defective,121.6,approved
RET-003696,ORD-015716,CUST-00782,PROD-0104,2024-04-22,changed_mind,19.25,approved
RET-003697,ORD-015724,CUST-00091,PROD-0115,2024-04-24,defective,108.95,approved
RET-003698,ORD-015737,CUST-02988,PROD-0040,2024-04-14,changed_mind,30.64,approved
RET-003699,ORD-015741,CUST-00921,PROD-0025,2024-04-15,changed_mind,156.2,approved
RET-003700,ORD-015742,CUST-01245,PROD-0146,2024-05-04,changed_mind,110.7,approved
RET-003701,ORD-015750,CUST-02578,PROD-0123,2024-04-12,defective,187.0,approved
RET-003702,ORD-015753,CUST-02296,PROD-0107,2024-04-21,changed_mind,719.34,approved
RET-003703,ORD-015755,CUST-02335,PROD-0084,2024-04-13,changed_mind,168.24,approved
RET-003704,ORD-015756,CUST-02730,PROD-0109,2024-04-10,wrong_item,20.29,approved
RET-003705,ORD-015757,CUST-02884,PROD-0045,2024-04-11,changed_mind,65.24,approved
RET-003706,ORD-015758,CUST-02334,PROD-0150,2024-04-20,changed_mind,200.88,approved
RET-003707,ORD-015761,CUST-00235,PROD-0076,2024-04-20,changed_mind,27.46,approved
RET-003708,ORD-015774,CUST-02433,PROD-0026,2024-04-22,changed_mind,116.12,approved
RET-003709,ORD-015776,CUST-02526,PROD-0040,2024-04-15,defective,29.94,approved
RET-003710,ORD-015781,CUST-01717,PROD-0032,2024-04-26,wrong_item,230.22,approved
RET-003711,ORD-015782,CUST-00757,PROD-0125,2024-04-19,wrong_item,35.17,rejected
RET-003712,ORD-015797,CUST-00524,PROD-0021,2024-04-14,changed_mind,64.57,approved
RET-003713,ORD-015801,CUST-00368,PROD-0084,2024-04-24,changed_mind,144.4,approved
RET-003714,ORD-015805,CUST-01575,PROD-0074,2024-04-16,changed_mind,50.77,approved
RET-003715,ORD-015807,CUST-02922,PROD-0023,2024-04-12,changed_mind,128.73,approved
RET-003716,ORD-015808,CUST-00312,PROD-0118,2024-04-23,not_as_described,223.6,approved
RET-003717,ORD-015811,CUST-00914,PROD-0021,2024-04-20,defective,80.11,approved
RET-003718,ORD-015812,CUST-02687,PROD-0118,2024-04-18,defective,167.05,approved
RET-003719,ORD-015813,CUST-01525,PROD-0116,2024-04-21,wrong_item,48.66,approved
RET-003720,ORD-015818,CUST-01763,PROD-0037,2024-04-29,not_as_described,178.6,approved
RET-003721,ORD-015834,CUST-00457,PROD-0123,2024-04-21,defective,29.75,approved
RET-003722,ORD-015835,CUST-00464,PROD-0041,2024-04-14,defective,24.5,approved
RET-003723,ORD-015836,CUST-01037,PROD-0016,2024-04-19,defective,43.46,approved
RET-003724,ORD-015840,CUST-02843,PROD-0150,2024-04-25,not_as_described,28.78,approved
RET-003725,ORD-015845,CUST-02890,PROD-0057,2024-04-22,changed_mind,54.48,approved
RET-003726,ORD-015856,CUST-00798,PROD-0021,2024-04-16,defective,144.06,approved
RET-003727,ORD-015859,CUST-02109,PROD-0142,2024-04-15,changed_mind,25.91,approved
RET-003728,ORD-015866,CUST-01544,PROD-0056,2024-04-22,other,61.65,approved
RET-003729,ORD-015867,CUST-01918,PROD-0005,2024-04-21,wrong_item,19.08,approved
RET-003730,ORD-015871,CUST-02058,PROD-0142,2024-04-14,defective,86.7,approved
RET-003731,ORD-015875,CUST-00912,PROD-0147,2024-04-18,changed_mind,88.87,approved
RET-003732,ORD-015884,CUST-01766,PROD-0016,2024-05-26,not_as_described,21.54,approved
RET-003733,ORD-015885,CUST-01707,PROD-0127,2024-04-17,changed_mind,61.91,approved
RET-003734,ORD-015890,CUST-01880,PROD-0120,2024-04-21,wrong_item,63.95,approved
RET-003735,ORD-015894,CUST-01447,PROD-0012,2024-04-21,defective,36.45,approved
RET-003736,ORD-015899,CUST-02077,PROD-0097,2024-04-24,defective,44.45,approved
RET-003737,ORD-015900,CUST-02130,PROD-0118,2024-04-18,defective,204.44,approved
RET-003738,ORD-015904,CUST-02168,PROD-0057,2024-05-01,wrong_item,120.88,approved
RET-003739,ORD-015905,CUST-00931,PROD-0073,2024-04-30,defective,43.52,approved
RET-003740,ORD-015907,CUST-02034,PROD-0103,2024-04-19,wrong_item,35.89,approved
RET-003741,ORD-015908,CUST-01989,PROD-0039,2024-04-20,defective,5.41,approved
RET-003742,ORD-015910,CUST-00790,PROD-0017,2024-04-20,defective,25.75,pending
RET-003743,ORD-015911,CUST-02731,PROD-0028,2024-04-28,defective,455.24,approved
RET-003744,ORD-015913,CUST-01623,PROD-0136,2024-05-01,changed_mind,65.76,pending
RET-003745,ORD-015917,CUST-02812,PROD-0054,2024-04-17,defective,27.77,approved
RET-003746,ORD-015936,CUST-02853,PROD-0111,2024-04-18,defective,42.22,approved
RET-003747,ORD-015937,CUST-00204,PROD-0025,2024-04-18,wrong_item,137.71,approved
RET-003748,ORD-015938,CUST-00223,PROD-0026,2024-04-26,changed_mind,99.71,approved
RET-003749,ORD-015939,CUST-02957,PROD-0040,2024-04-27,defective,30.59,approved
RET-003750,ORD-015950,CUST-01815,PROD-0052,2024-04-28,changed_mind,86.1,approved
RET-003751,ORD-015953,CUST-00122,PROD-0146,2024-04-30,changed_mind,202.14,approved
RET-003752,ORD-015960,CUST-02876,PROD-0137,2024-04-28,wrong_item,105.08,approved
RET-003753,ORD-015970,CUST-02407,PROD-0042,2024-04-19,changed_mind,35.48,approved
RET-003754,ORD-015975,CUST-02616,PROD-0146,2024-04-19,changed_mind,105.64,approved
RET-003755,ORD-015978,CUST-02827,PROD-0012,2024-04-26,defective,33.77,pending
RET-003756,ORD-015987,CUST-02461,PROD-0003,2024-04-18,not_as_described,119.95,approved
RET-003757,ORD-015988,CUST-00867,PROD-0111,2024-04-19,changed_mind,43.39,approved
RET-003758,ORD-015989,CUST-02423,PROD-0118,2024-04-23,defective,108.44,approved
RET-003759,ORD-016011,CUST-01906,PROD-0028,2024-05-12,defective,233.43,approved
RET-003760,ORD-016023,CUST-00504,PROD-0046,2024-04-23,defective,221.61,approved
RET-003761,ORD-016031,CUST-01746,PROD-0116,2024-05-02,other,47.92,approved
RET-003762,ORD-016032,CUST-01253,PROD-0137,2024-04-20,changed_mind,57.36,pending
RET-003763,ORD-016036,CUST-01326,PROD-0098,2024-04-20,other,20.82,rejected
RET-003764,ORD-016041,CUST-01391,PROD-0066,2024-04-21,not_as_described,76.62,approved
RET-003765,ORD-016044,CUST-01264,PROD-0053,2024-04-27,changed_mind,70.18,approved
RET-003766,ORD-016050,CUST-01075,PROD-0087,2024-05-05,defective,29.38,approved
RET-003767,ORD-016059,CUST-02229,PROD-0110,2024-04-19,changed_mind,448.03,approved
RET-003768,ORD-016066,CUST-01189,PROD-0106,2024-05-11,wrong_item,22.96,approved
RET-003769,ORD-016067,CUST-01099,PROD-0107,2024-05-17,wrong_item,239.79,approved
RET-003770,ORD-016069,CUST-02969,PROD-0033,2024-04-24,other,16.97,approved
RET-003771,ORD-016072,CUST-01509,PROD-0017,2024-04-19,defective,31.76,pending
RET-003772,ORD-016073,CUST-02323,PROD-0146,2024-05-19,changed_mind,201.52,approved
RET-003773,ORD-016076,CUST-01908,PROD-0067,2024-04-20,defective,84.84,approved
RET-003774,ORD-016078,CUST-01834,PROD-0021,2024-05-04,defective,71.0,approved
RET-003775,ORD-016079,CUST-01615,PROD-0136,2024-04-23,changed_mind,31.71,approved
RET-003776,ORD-016081,CUST-01441,PROD-0085,2024-05-04,changed_mind,35.21,approved
RET-003777,ORD-016086,CUST-00476,PROD-0107,2024-04-19,changed_mind,243.16,approved
RET-003778,ORD-016088,CUST-02139,PROD-0002,2024-04-30,wrong_item,28.13,approved
RET-003779,ORD-016089,CUST-01576,PROD-0083,2024-04-26,defective,132.02,rejected
RET-003780,ORD-016091,CUST-01673,PROD-0074,2024-04-19,changed_mind,31.51,approved
RET-003781,ORD-016096,CUST-01120,PROD-0051,2024-05-22,changed_mind,117.9,approved
RET-003782,ORD-016097,CUST-01193,PROD-0021,2024-04-26,defective,69.69,approved
RET-003783,ORD-016105,CUST-02115,PROD-0109,2024-04-22,defective,41.6,approved
RET-003784,ORD-016109,CUST-01797,PROD-0052,2024-05-01,defective,87.18,approved
RET-003785,ORD-016110,CUST-01563,PROD-0028,2024-04-23,defective,189.6,approved
RET-003786,ORD-016117,CUST-01737,PROD-0120,2024-04-25,changed_mind,216.0,approved
RET-003787,ORD-016126,CUST-00130,PROD-0021,2024-04-29,not_as_described,70.44,approved
RET-003788,ORD-016131,CUST-01134,PROD-0136,2024-05-08,defective,127.88,approved
RET-003789,ORD-016134,CUST-02652,PROD-0013,2024-04-24,not_as_described,74.76,approved
RET-003790,ORD-016135,CUST-02725,PROD-0021,2024-05-08,changed_mind,67.43,approved
RET-003791,ORD-016136,CUST-01495,PROD-0057,2024-04-30,changed_mind,30.47,approved
RET-003792,ORD-016163,CUST-01228,PROD-0104,2024-04-30,defective,73.86,approved
RET-003793,ORD-016168,CUST-02473,PROD-0147,2024-04-26,defective,178.76,approved
RET-003794,ORD-016172,CUST-00525,PROD-0081,2024-05-01,wrong_item,89.9,approved
RET-003795,ORD-016173,CUST-00206,PROD-0113,2024-04-26,changed_mind,63.16,approved
RET-003796,ORD-016174,CUST-00698,PROD-0011,2024-04-29,changed_mind,11.69,approved
RET-003797,ORD-016175,CUST-00074,PROD-0020,2024-05-04,other,74.48,approved
RET-003798,ORD-016179,CUST-00556,PROD-0015,2024-04-27,changed_mind,119.39,approved
RET-003799,ORD-016180,CUST-02091,PROD-0136,2024-05-06,changed_mind,33.5,approved
RET-003800,ORD-016182,CUST-01391,PROD-0025,2024-04-25,not_as_described,197.94,approved
RET-003801,ORD-016186,CUST-00763,PROD-0124,2024-04-24,wrong_item,85.15,rejected
RET-003802,ORD-016194,CUST-02231,PROD-0039,2024-05-10,defective,5.23,rejected
RET-003803,ORD-016201,CUST-01786,PROD-0076,2024-05-03,defective,9.2,approved
RET-003804,ORD-016202,CUST-00608,PROD-0020,2024-04-24,wrong_item,39.79,approved
RET-003805,ORD-016204,CUST-00320,PROD-0126,2024-05-18,changed_mind,122.45,approved
RET-003806,ORD-016216,CUST-00300,PROD-0063,2024-05-11,defective,7.92,rejected
RET-003807,ORD-016219,CUST-01477,PROD-0060,2024-05-16,defective,56.66,approved
RET-003808,ORD-016222,CUST-00404,PROD-0071,2024-05-04,wrong_item,41.99,approved
RET-003809,ORD-016227,CUST-00351,PROD-0015,2024-04-27,changed_mind,150.12,approved
RET-003810,ORD-016236,CUST-02117,PROD-0010,2024-05-02,changed_mind,69.09,approved
RET-003811,ORD-016237,CUST-02119,PROD-0046,2024-04-30,changed_mind,83.05,approved
RET-003812,ORD-016239,CUST-02063,PROD-0133,2024-05-03,defective,38.24,rejected
RET-003813,ORD-016241,CUST-01859,PROD-0036,2024-04-30,changed_mind,110.78,approved
RET-003814,ORD-016245,CUST-00384,PROD-0085,2024-05-01,defective,34.15,approved
RET-003815,ORD-016247,CUST-02970,PROD-0138,2024-05-04,defective,146.67,approved
RET-003816,ORD-016254,CUST-02727,PROD-0135,2024-05-06,defective,42.93,approved
RET-003817,ORD-016256,CUST-01463,PROD-0071,2024-04-27,defective,42.3,approved
RET-003818,ORD-016262,CUST-02098,PROD-0118,2024-05-05,defective,335.88,approved
RET-003819,ORD-016266,CUST-02202,PROD-0017,2024-05-01,wrong_item,16.6,approved
RET-003820,ORD-016269,CUST-00163,PROD-0002,2024-05-08,changed_mind,26.73,approved
RET-003821,ORD-016270,CUST-02318,PROD-0050,2024-04-27,defective,14.2,approved
RET-003822,ORD-016275,CUST-02400,PROD-0147,2024-04-30,other,93.24,approved
RET-003823,ORD-016276,CUST-02470,PROD-0044,2024-05-06,changed_mind,9.27,approved
RET-003824,ORD-016278,CUST-01913,PROD-0001,2024-04-30,wrong_item,44.61,approved
RET-003825,ORD-016279,CUST-02487,PROD-0021,2024-05-01,defective,44.16,approved
RET-003826,ORD-016285,CUST-01026,PROD-0053,2024-04-28,defective,129.88,approved
RET-003827,ORD-016290,CUST-02629,PROD-0110,2024-04-28,wrong_item,407.6,approved
RET-003828,ORD-016292,CUST-02045,PROD-0073,2024-04-27,wrong_item,11.17,approved
RET-003829,ORD-016293,CUST-01078,PROD-0065,2024-04-24,changed_mind,18.9,approved
RET-003830,ORD-016295,CUST-01238,PROD-0075,2024-05-04,changed_mind,72.06,approved
RET-003831,ORD-016297,CUST-01418,PROD-0132,2024-04-29,wrong_item,29.53,approved
RET-003832,ORD-016298,CUST-02588,PROD-0119,2024-04-24,wrong_item,95.74,approved
RET-003833,ORD-016306,CUST-01224,PROD-0119,2024-05-03,defective,134.79,approved
RET-003834,ORD-016312,CUST-02095,PROD-0022,2024-05-02,defective,117.2,approved
RET-003835,ORD-016317,CUST-01034,PROD-0044,2024-05-09,changed_mind,45.82,approved
RET-003836,ORD-016320,CUST-01749,PROD-0106,2024-04-30,changed_mind,49.68,approved
RET-003837,ORD-016321,CUST-00247,PROD-0107,2024-04-25,defective,433.36,rejected
RET-003838,ORD-016322,CUST-00181,PROD-0107,2024-04-27,changed_mind,243.43,approved
RET-003839,ORD-016324,CUST-00052,PROD-0127,2024-05-02,changed_mind,59.08,pending
RET-003840,ORD-016332,CUST-00071,PROD-0107,2024-05-02,wrong_item,238.01,approved
RET-003841,ORD-016336,CUST-00634,PROD-0139,2024-05-09,defective,35.03,approved
RET-003842,ORD-016342,CUST-00307,PROD-0090,2024-05-01,defective,22.57,approved
RET-003843,ORD-016344,CUST-01506,PROD-0150,2024-04-29,defective,52.22,approved
RET-003844,ORD-016346,CUST-02609,PROD-0012,2024-05-01,defective,14.3,approved
RET-003845,ORD-016353,CUST-02101,PROD-0138,2024-05-03,changed_mind,51.61,approved
RET-003846,ORD-016356,CUST-00348,PROD-0100,2024-05-08,wrong_item,13.4,approved
RET-003847,ORD-016358,CUST-00470,PROD-0073,2024-04-27,other,21.48,approved
RET-003848,ORD-016360,CUST-01701,PROD-0103,2024-04-26,defective,32.31,approved
RET-003849,ORD-016362,CUST-01020,PROD-0084,2024-05-17,changed_mind,95.28,approved
RET-003850,ORD-016364,CUST-02687,PROD-0044,2024-04-27,defective,24.61,approved
RET-003851,ORD-016366,CUST-02139,PROD-0123,2024-04-26,defective,51.01,approved
RET-003852,ORD-016367,CUST-00562,PROD-0116,2024-05-08,defective,24.6,approved
RET-003853,ORD-016375,CUST-00487,PROD-0090,2024-04-28,defective,24.23,approved
RET-003854,ORD-016387,CUST-00685,PROD-0087,2024-04-28,defective,26.57,approved
RET-003855,ORD-016391,CUST-01909,PROD-0051,2024-05-10,wrong_item,151.24,rejected
RET-003856,ORD-016393,CUST-02708,PROD-0030,2024-04-27,defective,200.84,approved
RET-003857,ORD-016398,CUST-00346,PROD-0004,2024-05-17,not_as_described,10.51,approved
RET-003858,ORD-016402,CUST-01692,PROD-0123,2024-05-23,defective,51.08,approved
RET-003859,ORD-016405,CUST-01166,PROD-0017,2024-04-28,defective,32.12,approved
RET-003860,ORD-016408,CUST-01370,PROD-0096,2024-04-28,not_as_described,30.71,approved
RET-003861,ORD-016411,CUST-00304,PROD-0019,2024-05-05,changed_mind,55.14,approved
RET-003862,ORD-016417,CUST-02350,PROD-0017,2024-05-12,defective,33.38,rejected
RET-003863,ORD-016427,CUST-01926,PROD-0117,2024-04-29,defective,22.47,approved
RET-003864,ORD-016431,CUST-00823,PROD-0104,2024-05-02,defective,54.06,pending
RET-003865,ORD-016440,CUST-01937,PROD-0055,2024-05-05,defective,130.46,rejected
RET-003866,ORD-016444,CUST-02505,PROD-0106,2024-04-29,defective,42.76,approved
RET-003867,ORD-016445,CUST-02974,PROD-0047,2024-05-16,changed_mind,3.41,approved
RET-003868,ORD-016449,CUST-02679,PROD-0013,2024-04-30,defective,72.81,approved
RET-003869,ORD-016451,CUST-01630,PROD-0102,2024-05-09,defective,40.42,approved
RET-003870,ORD-016453,CUST-00194,PROD-0039,2024-05-10,defective,5.8,approved
RET-003871,ORD-016454,CUST-01664,PROD-0052,2024-05-08,defective,163.56,approved
RET-003872,ORD-016455,CUST-01718,PROD-0084,2024-05-03,changed_mind,74.74,approved
RET-003873,ORD-016462,CUST-01415,PROD-0027,2024-05-05,wrong_item,29.84,rejected
RET-003874,ORD-016468,CUST-02361,PROD-0139,2024-05-04,other,22.09,approved
RET-003875,ORD-016472,CUST-01112,PROD-0108,2024-04-30,wrong_item,15.79,approved
RET-003876,ORD-016475,CUST-00672,PROD-0028,2024-04-30,defective,239.96,approved
RET-003877,ORD-016479,CUST-01127,PROD-0085,2024-05-17,not_as_described,36.36,approved
RET-003878,ORD-016484,CUST-02455,PROD-0003,2024-05-08,changed_mind,45.13,rejected
RET-003879,ORD-016485,CUST-00559,PROD-0043,2024-05-06,defective,259.2,approved
RET-003880,ORD-016492,CUST-02792,PROD-0078,2024-05-06,defective,92.36,approved
RET-003881,ORD-016493,CUST-00050,PROD-0092,2024-04-30,changed_mind,46.55,approved
RET-003882,ORD-016502,CUST-00994,PROD-0087,2024-05-08,wrong_item,9.16,approved
RET-003883,ORD-016507,CUST-02813,PROD-0122,2024-05-27,not_as_described,21.2,approved
RET-003884,ORD-016510,CUST-01174,PROD-0130,2024-05-08,not_as_described,34.53,approved
RET-003885,ORD-016513,CUST-01114,PROD-0104,2024-05-04,not_as_described,28.24,approved
RET-003886,ORD-016514,CUST-01613,PROD-0040,2024-05-05,changed_mind,30.77,approved
RET-003887,ORD-016520,CUST-00198,PROD-0128,2024-05-11,changed_mind,77.0,approved
RET-003888,ORD-016523,CUST-00610,PROD-0017,2024-05-18,defective,36.38,rejected
RET-003889,ORD-016524,CUST-00743,PROD-0124,2024-05-19,defective,83.08,approved
RET-003890,ORD-016537,CUST-00203,PROD-0109,2024-05-05,wrong_item,18.67,approved
RET-003891,ORD-016538,CUST-02452,PROD-0045,2024-05-06,changed_mind,32.3,approved
RET-003892,ORD-016542,CUST-01207,PROD-0017,2024-05-21,defective,34.62,approved
RET-003893,ORD-016547,CUST-01049,PROD-0067,2024-05-07,wrong_item,85.5,approved
RET-003894,ORD-016557,CUST-02759,PROD-0127,2024-05-12,defective,124.56,approved
RET-003895,ORD-016562,CUST-00766,PROD-0041,2024-05-11,changed_mind,121.89,approved
RET-003896,ORD-016566,CUST-02414,PROD-0126,2024-05-15,defective,275.66,approved
RET-003897,ORD-016569,CUST-02385,PROD-0090,2024-05-17,defective,23.88,approved
RET-003898,ORD-016570,CUST-00949,PROD-0026,2024-05-28,changed_mind,60.16,approved
RET-003899,ORD-016571,CUST-01966,PROD-0031,2024-05-16,changed_mind,30.83,approved
RET-003900,ORD-016576,CUST-00168,PROD-0130,2024-05-13,changed_mind,32.24,approved
RET-003901,ORD-016578,CUST-02287,PROD-0108,2024-05-05,changed_mind,8.54,approved
RET-003902,ORD-016583,CUST-02141,PROD-0090,2024-05-25,defective,24.64,rejected
RET-003903,ORD-016592,CUST-02894,PROD-0081,2024-05-07,changed_mind,32.77,rejected
RET-003904,ORD-016595,CUST-00828,PROD-0137,2024-05-15,changed_mind,55.05,rejected
RET-003905,ORD-016596,CUST-01245,PROD-0077,2024-05-12,changed_mind,29.04,approved
RET-003906,ORD-016597,CUST-00245,PROD-0022,2024-05-18,wrong_item,42.76,rejected
RET-003907,ORD-016604,CUST-01277,PROD-0111,2024-05-06,not_as_described,42.91,rejected
RET-003908,ORD-016606,CUST-00470,PROD-0011,2024-05-11,defective,18.22,approved
RET-003909,ORD-016607,CUST-00268,PROD-0051,2024-05-06,defective,36.86,approved
RET-003910,ORD-016620,CUST-01370,PROD-0133,2024-05-11,defective,77.02,approved
RET-003911,ORD-016622,CUST-01254,PROD-0106,2024-05-14,wrong_item,24.32,pending
RET-003912,ORD-016625,CUST-01418,PROD-0067,2024-05-10,wrong_item,263.28,approved
RET-003913,ORD-016627,CUST-01700,PROD-0033,2024-05-08,defective,18.41,approved
RET-003914,ORD-016628,CUST-01145,PROD-0061,2024-05-24,changed_mind,29.39,approved
RET-003915,ORD-016639,CUST-02918,PROD-0101,2024-05-07,defective,19.82,approved
RET-003916,ORD-016641,CUST-01397,PROD-0052,2024-05-06,defective,176.8,approved
RET-003917,ORD-016645,CUST-02238,PROD-0022,2024-05-10,changed_mind,46.84,approved
RET-003918,ORD-016648,CUST-01988,PROD-0065,2024-05-05,wrong_item,36.44,approved
RET-003919,ORD-016651,CUST-02943,PROD-0037,2024-05-14,other,87.54,approved
RET-003920,ORD-016656,CUST-01224,PROD-0092,2024-05-19,not_as_described,139.68,approved
RET-003921,ORD-016663,CUST-00860,PROD-0105,2024-05-25,defective,21.28,approved
RET-003922,ORD-016667,CUST-02156,PROD-0030,2024-05-13,defective,49.53,approved
RET-003923,ORD-016668,CUST-02403,PROD-0040,2024-05-19,defective,82.32,approved
RET-003924,ORD-016669,CUST-02566,PROD-0106,2024-05-07,not_as_described,24.5,approved
RET-003925,ORD-016673,CUST-02834,PROD-0133,2024-05-09,wrong_item,37.54,approved
RET-003926,ORD-016674,CUST-00965,PROD-0125,2024-05-08,defective,65.6,approved
RET-003927,ORD-016675,CUST-01463,PROD-0040,2024-05-07,wrong_item,87.96,approved
RET-003928,ORD-016676,CUST-02637,PROD-0006,2024-05-07,defective,62.94,pending
RET-003929,ORD-016680,CUST-00764,PROD-0046,2024-05-07,changed_mind,83.72,approved
RET-003930,ORD-016683,CUST-02519,PROD-0043,2024-05-08,wrong_item,61.5,approved
RET-003931,ORD-016688,CUST-01498,PROD-0054,2024-05-10,wrong_item,26.07,approved
RET-003932,ORD-016691,CUST-01665,PROD-0085,2024-05-15,not_as_described,20.67,approved
RET-003933,ORD-016692,CUST-01979,PROD-0063,2024-05-06,changed_mind,8.08,approved
RET-003934,ORD-016699,CUST-02921,PROD-0072,2024-05-14,changed_mind,78.9,approved
RET-003935,ORD-016702,CUST-02906,PROD-0104,2024-05-13,changed_mind,24.18,pending
RET-003936,ORD-016703,CUST-00727,PROD-0027,2024-05-14,changed_mind,7.05,approved
RET-003937,ORD-016706,CUST-02397,PROD-0090,2024-05-20,defective,24.67,approved
RET-003938,ORD-016707,CUST-00578,PROD-0019,2024-05-15,wrong_item,52.81,approved
RET-003939,ORD-016709,CUST-01957,PROD-0146,2024-05-17,not_as_described,328.38,approved
RET-003940,ORD-016716,CUST-01966,PROD-0097,2024-05-07,not_as_described,47.03,approved
RET-003941,ORD-016717,CUST-01807,PROD-0071,2024-05-18,defective,84.56,approved
RET-003942,ORD-016722,CUST-01123,PROD-0090,2024-05-15,defective,23.56,approved
RET-003943,ORD-016731,CUST-00204,PROD-0113,2024-05-12,defective,63.75,approved
RET-003944,ORD-016734,CUST-01689,PROD-0055,2024-05-10,wrong_item,116.48,approved
RET-003945,ORD-016737,CUST-00594,PROD-0023,2024-05-28,changed_mind,132.55,approved
RET-003946,ORD-016742,CUST-00636,PROD-0111,2024-05-16,changed_mind,43.46,approved
RET-003947,ORD-016753,CUST-00550,PROD-0137,2024-05-09,defective,163.8,approved
RET-003948,ORD-016755,CUST-02552,PROD-0143,2024-05-21,not_as_described,61.26,approved
RET-003949,ORD-016756,CUST-02515,PROD-0094,2024-05-22,defective,8.11,pending
RET-003950,ORD-016760,CUST-02318,PROD-0085,2024-05-08,defective,36.09,approved
RET-003951,ORD-016763,CUST-02354,PROD-0048,2024-05-22,changed_mind,47.43,approved
RET-003952,ORD-016767,CUST-01600,PROD-0020,2024-05-09,changed_mind,115.71,approved
RET-003953,ORD-016768,CUST-00456,PROD-0009,2024-05-10,defective,65.4,pending
RET-003954,ORD-016770,CUST-00359,PROD-0101,2024-05-08,defective,40.32,approved
RET-003955,ORD-016775,CUST-01403,PROD-0017,2024-05-16,defective,27.79,approved
RET-003956,ORD-016783,CUST-01325,PROD-0009,2024-05-22,not_as_described,32.68,approved
RET-003957,ORD-016785,CUST-02444,PROD-0060,2024-05-15,changed_mind,114.4,rejected
RET-003958,ORD-016799,CUST-01634,PROD-0080,2024-05-13,changed_mind,105.2,approved
RET-003959,ORD-016806,CUST-00706,PROD-0083,2024-05-21,defective,24.08,approved
RET-003960,ORD-016807,CUST-00428,PROD-0053,2024-05-12,defective,136.78,approved
RET-003961,ORD-016808,CUST-00568,PROD-0139,2024-05-24,changed_mind,43.09,rejected
RET-003962,ORD-016815,CUST-01897,PROD-0012,2024-05-21,defective,109.53,approved
RET-003963,ORD-016817,CUST-00444,PROD-0027,2024-05-28,defective,14.58,approved
RET-003964,ORD-016822,CUST-00186,PROD-0048,2024-05-17,not_as_described,46.37,approved
RET-003965,ORD-016828,CUST-01917,PROD-0042,2024-05-12,defective,39.01,approved
RET-003966,ORD-016838,CUST-01386,PROD-0002,2024-05-21,changed_mind,26.66,approved
RET-003967,ORD-016850,CUST-00099,PROD-0105,2024-06-07,defective,45.38,approved
RET-003968,ORD-016852,CUST-00688,PROD-0010,2024-05-26,changed_mind,68.0,approved
RET-003969,ORD-016854,CUST-00591,PROD-0139,2024-05-16,changed_mind,111.78,approved
RET-003970,ORD-016856,CUST-00902,PROD-0065,2024-05-23,defective,13.24,approved
RET-003971,ORD-016858,CUST-01082,PROD-0069,2024-05-13,not_as_described,20.32,approved
RET-003972,ORD-016860,CUST-02007,PROD-0133,2024-05-13,not_as_described,33.61,approved
RET-003973,ORD-016863,CUST-01059,PROD-0042,2024-06-07,defective,35.81,approved
RET-003974,ORD-016869,CUST-00518,PROD-0107,2024-05-14,not_as_described,216.8,rejected
RET-003975,ORD-016871,CUST-02002,PROD-0150,2024-05-21,defective,193.12,rejected
RET-003976,ORD-016873,CUST-00489,PROD-0113,2024-05-13,other,63.29,approved
RET-003977,ORD-016875,CUST-01470,PROD-0021,2024-05-16,changed_mind,68.78,approved
RET-003978,ORD-016877,CUST-01855,PROD-0064,2024-05-16,wrong_item,58.17,approved
RET-003979,ORD-016884,CUST-02796,PROD-0104,2024-05-17,changed_mind,16.04,approved
RET-003980,ORD-016886,CUST-01338,PROD-0008,2024-05-12,wrong_item,88.14,approved
RET-003981,ORD-016892,CUST-01048,PROD-0140,2024-05-28,changed_mind,20.92,approved
RET-003982,ORD-016895,CUST-02837,PROD-0067,2024-06-02,not_as_described,239.7,approved
RET-003983,ORD-016900,CUST-02853,PROD-0064,2024-05-17,changed_mind,56.84,approved
RET-003984,ORD-016910,CUST-02143,PROD-0068,2024-05-19,defective,10.51,approved
RET-003985,ORD-016914,CUST-02281,PROD-0081,2024-05-21,not_as_described,51.47,approved
RET-003986,ORD-016920,CUST-01634,PROD-0032,2024-05-25,defective,137.78,approved
RET-003987,ORD-016922,CUST-01622,PROD-0100,2024-05-21,defective,47.64,approved
RET-003988,ORD-016923,CUST-01932,PROD-0033,2024-05-20,defective,35.66,approved
RET-003989,ORD-016927,CUST-01480,PROD-0133,2024-05-16,changed_mind,78.98,approved
RET-003990,ORD-016928,CUST-02029,PROD-0090,2024-05-12,defective,22.12,approved
RET-003991,ORD-016930,CUST-00878,PROD-0076,2024-05-12,defective,24.44,approved
RET-003992,ORD-016931,CUST-02185,PROD-0149,2024-05-16,not_as_described,26.07,approved
RET-003993,ORD-016932,CUST-00092,PROD-0023,2024-05-19,defective,111.11,approved
RET-003994,ORD-016938,CUST-00752,PROD-0117,2024-05-16,defective,11.22,approved
RET-003995,ORD-016943,CUST-00423,PROD-0050,2024-05-14,defective,31.5,approved
RET-003996,ORD-016945,CUST-01878,PROD-0060,2024-05-25,wrong_item,64.43,approved
RET-003997,ORD-016948,CUST-00706,PROD-0147,2024-05-27,defective,93.13,approved
RET-003998,ORD-016949,CUST-00976,PROD-0041,2024-05-16,defective,41.67,approved
RET-003999,ORD-016951,CUST-02371,PROD-0139,2024-05-14,defective,32.2,approved
RET-004000,ORD-016953,CUST-02902,PROD-0050,2024-05-13,defective,42.66,pending
RET-004001,ORD-016977,CUST-02389,PROD-0130,2024-05-13,changed_mind,65.24,approved
RET-004002,ORD-016983,CUST-01712,PROD-0083,2024-05-14,defective,48.71,approved
RET-004003,ORD-017009,CUST-01914,PROD-0050,2024-06-04,changed_mind,13.96,approved
RET-004004,ORD-017034,CUST-01851,PROD-0122,2024-05-25,not_as_described,21.73,approved
RET-004005,ORD-017038,CUST-00999,PROD-0096,2024-05-26,not_as_described,27.63,approved
RET-004006,ORD-017047,CUST-02547,PROD-0006,2024-05-22,defective,39.24,approved
RET-004007,ORD-017050,CUST-02557,PROD-0054,2024-05-27,defective,77.52,approved
RET-004008,ORD-017065,CUST-02127,PROD-0030,2024-05-31,defective,94.45,rejected
RET-004009,ORD-017066,CUST-00540,PROD-0087,2024-05-24,defective,29.0,approved
RET-004010,ORD-017072,CUST-02014,PROD-0030,2024-05-18,defective,374.32,approved
RET-004011,ORD-017077,CUST-02450,PROD-0141,2024-05-26,changed_mind,120.07,approved
RET-004012,ORD-017081,CUST-00738,PROD-0116,2024-05-26,wrong_item,25.46,approved
RET-004013,ORD-017082,CUST-02775,PROD-0019,2024-05-28,changed_mind,107.2,approved
RET-004014,ORD-017089,CUST-02901,PROD-0092,2024-06-07,changed_mind,159.42,rejected
RET-004015,ORD-017090,CUST-00783,PROD-0006,2024-06-19,defective,40.38,approved
RET-004016,ORD-017093,CUST-02757,PROD-0117,2024-05-24,changed_mind,45.82,approved
RET-004017,ORD-017097,CUST-02157,PROD-0132,2024-05-22,wrong_item,29.21,approved
RET-004018,ORD-017099,CUST-00914,PROD-0100,2024-05-30,changed_mind,16.93,rejected
RET-004019,ORD-017100,CUST-02371,PROD-0139,2024-06-12,defective,32.88,approved
RET-004020,ORD-017103,CUST-01892,PROD-0049,2024-05-19,changed_mind,21.58,approved
RET-004021,ORD-017106,CUST-02331,PROD-0124,2024-05-25,changed_mind,82.44,approved
RET-004022,ORD-017108,CUST-02113,PROD-0019,2024-06-09,wrong_item,220.0,approved
RET-004023,ORD-017109,CUST-01253,PROD-0030,2024-05-25,defective,105.7,approved
RET-004024,ORD-017113,CUST-00671,PROD-0013,2024-05-17,defective,89.97,approved
RET-004025,ORD-017117,CUST-01292,PROD-0019,2024-06-03,defective,58.44,approved
RET-004026,ORD-017118,CUST-00195,PROD-0030,2024-05-25,defective,106.44,approved
RET-004027,ORD-017124,CUST-01790,PROD-0025,2024-05-21,changed_mind,151.85,approved
RET-004028,ORD-017125,CUST-00159,PROD-0114,2024-06-01,wrong_item,15.74,approved
RET-004029,ORD-017128,CUST-02626,PROD-0039,2024-06-13,wrong_item,10.52,approved
RET-004030,ORD-017133,CUST-00842,PROD-0055,2024-06-14,defective,59.16,approved
RET-004031,ORD-017135,CUST-02177,PROD-0026,2024-05-25,changed_mind,63.34,approved
RET-004032,ORD-017146,CUST-00629,PROD-0124,2024-05-20,defective,83.32,approved
RET-004033,ORD-017150,CUST-01673,PROD-0127,2024-05-22,other,60.17,approved
RET-004034,ORD-017156,CUST-00315,PROD-0123,2024-05-27,defective,17.61,approved
RET-004035,ORD-017161,CUST-02052,PROD-0098,2024-06-01,other,64.71,pending
RET-004036,ORD-017164,CUST-02918,PROD-0146,2024-06-06,other,219.2,approved
RET-004037,ORD-017171,CUST-01953,PROD-0106,2024-05-25,changed_mind,22.32,approved
RET-004038,ORD-017176,CUST-00500,PROD-0055,2024-05-24,defective,240.12,approved
RET-004039,ORD-017179,CUST-01086,PROD-0066,2024-05-26,defective,22.98,rejected
RET-004040,ORD-017180,CUST-00063,PROD-0037,2024-05-26,changed_mind,41.88,approved
RET-004041,ORD-017184,CUST-01658,PROD-0039,2024-05-30,defective,5.62,rejected
RET-004042,ORD-017185,CUST-00335,PROD-0053,2024-06-02,defective,73.41,approved
RET-004043,ORD-017188,CUST-01096,PROD-0044,2024-05-26,defective,22.95,approved
RET-004044,ORD-017193,CUST-00635,PROD-0055,2024-05-26,changed_mind,64.37,approved
RET-004045,ORD-017197,CUST-01634,PROD-0032,2024-05-24,defective,72.22,approved
RET-004046,ORD-017201,CUST-01620,PROD-0119,2024-06-11,defective,90.1,approved
RET-004047,ORD-017207,CUST-02048,PROD-0110,2024-05-28,changed_mind,431.99,approved
RET-004048,ORD-017213,CUST-00822,PROD-0144,2024-05-24,wrong_item,65.43,approved
RET-004049,ORD-017223,CUST-01063,PROD-0044,2024-05-26,wrong_item,22.98,approved
RET-004050,ORD-017226,CUST-00260,PROD-0055,2024-05-26,not_as_described,124.32,approved
RET-004051,ORD-017229,CUST-01448,PROD-0144,2024-05-26,wrong_item,14.82,approved
RET-004052,ORD-017231,CUST-01288,PROD-0073,2024-06-12,defective,20.9,rejected
RET-004053,ORD-017235,CUST-01930,PROD-0093,2024-05-29,changed_mind,34.08,approved
RET-004054,ORD-017239,CUST-02861,PROD-0093,2024-06-07,changed_mind,16.84,approved
RET-004055,ORD-017244,CUST-02382,PROD-0144,2024-05-24,other,20.08,approved
RET-004056,ORD-017245,CUST-00686,PROD-0123,2024-05-23,changed_mind,52.23,approved
RET-004057,ORD-017255,CUST-01777,PROD-0142,2024-06-08,wrong_item,52.6,approved
RET-004058,ORD-017258,CUST-00986,PROD-0131,2024-05-28,changed_mind,21.7,rejected
RET-004059,ORD-017262,CUST-02240,PROD-0118,2024-06-23,changed_mind,117.98,approved
RET-004060,ORD-017270,CUST-01052,PROD-0060,2024-05-28,changed_mind,63.5,approved
RET-004061,ORD-017272,CUST-00204,PROD-0118,2024-06-10,defective,208.44,approved
RET-004062,ORD-017275,CUST-01185,PROD-0075,2024-05-30,defective,70.66,pending
RET-004063,ORD-017277,CUST-00521,PROD-0141,2024-05-30,not_as_described,135.95,approved
RET-004064,ORD-017284,CUST-00206,PROD-0125,2024-05-30,changed_mind,35.28,approved
RET-004065,ORD-017290,CUST-02272,PROD-0052,2024-05-30,defective,86.45,approved
RET-004066,ORD-017291,CUST-02604,PROD-0023,2024-05-31,changed_mind,60.21,approved
RET-004067,ORD-017307,CUST-00762,PROD-0112,2024-05-25,changed_mind,10.03,approved
RET-004068,ORD-017315,CUST-02182,PROD-0036,2024-05-27,wrong_item,112.07,pending
RET-004069,ORD-017327,CUST-00545,PROD-0018,2024-06-04,changed_mind,44.49,approved
RET-004070,ORD-017328,CUST-02980,PROD-0013,2024-06-06,wrong_item,80.97,approved
RET-004071,ORD-017330,CUST-00916,PROD-0083,2024-05-25,defective,131.06,approved
RET-004072,ORD-017331,CUST-01343,PROD-0044,2024-05-25,not_as_described,22.71,approved
RET-004073,ORD-017333,CUST-02860,PROD-0123,2024-06-04,changed_mind,58.43,approved
RET-004074,ORD-017338,CUST-02287,PROD-0034,2024-06-08,changed_mind,53.17,approved
RET-004075,ORD-017341,CUST-02936,PROD-0052,2024-06-07,defective,56.3,approved
RET-004076,ORD-017343,CUST-00232,PROD-0028,2024-05-26,defective,230.71,rejected
RET-004077,ORD-017344,CUST-00869,PROD-0107,2024-06-02,not_as_described,124.8,pending
RET-004078,ORD-017359,CUST-02490,PROD-0137,2024-06-03,defective,55.59,approved
RET-004079,ORD-017361,CUST-01156,PROD-0081,2024-06-05,not_as_described,48.17,rejected
RET-004080,ORD-017363,CUST-01841,PROD-0003,2024-06-15,changed_mind,229.62,approved
RET-004081,ORD-017365,CUST-01090,PROD-0093,2024-05-27,changed_mind,64.32,approved
RET-004082,ORD-017370,CUST-00372,PROD-0048,2024-06-12,changed_mind,93.68,rejected
RET-004083,ORD-017371,CUST-02262,PROD-0139,2024-06-06,defective,65.84,rejected
RET-004084,ORD-017376,CUST-01524,PROD-0017,2024-06-02,defective,32.41,approved
RET-004085,ORD-017378,CUST-02077,PROD-0012,2024-06-17,other,32.17,approved
RET-004086,ORD-017380,CUST-02498,PROD-0044,2024-05-30,defective,21.16,approved
RET-004087,ORD-017390,CUST-00417,PROD-0095,2024-06-04,changed_mind,120.09,approved
RET-004088,ORD-017392,CUST-02260,PROD-0148,2024-06-16,changed_mind,161.84,rejected
RET-004089,ORD-017394,CUST-02110,PROD-0083,2024-05-30,not_as_described,63.23,approved
RET-004090,ORD-017401,CUST-01221,PROD-0107,2024-05-29,defective,232.11,pending
RET-004091,ORD-017402,CUST-01484,PROD-0006,2024-05-30,defective,22.45,approved
RET-004092,ORD-017404,CUST-02681,PROD-0053,2024-06-06,other,71.18,approved
RET-004093,ORD-017410,CUST-02001,PROD-0088,2024-06-01,defective,71.06,approved
RET-004094,ORD-017413,CUST-02518,PROD-0046,2024-05-27,changed_mind,76.64,approved
RET-004095,ORD-017419,CUST-02680,PROD-0107,2024-05-25,defective,217.53,approved
RET-004096,ORD-017421,CUST-01804,PROD-0127,2024-06-08,changed_mind,64.3,approved
RET-004097,ORD-017422,CUST-02656,PROD-0006,2024-05-30,defective,41.48,approved
RET-004098,ORD-017423,CUST-02446,PROD-0104,2024-06-19,defective,50.3,pending
RET-004099,ORD-017428,CUST-01836,PROD-0069,2024-06-01,wrong_item,28.81,approved
RET-004100,ORD-017431,CUST-01695,PROD-0028,2024-06-01,defective,253.16,approved
RET-004101,ORD-017437,CUST-01179,PROD-0054,2024-05-29,changed_mind,29.37,approved
RET-004102,ORD-017439,CUST-01189,PROD-0107,2024-05-31,defective,211.79,approved
RET-004103,ORD-017442,CUST-01770,PROD-0082,2024-06-08,changed_mind,13.82,approved
RET-004104,ORD-017443,CUST-00296,PROD-0050,2024-06-02,defective,29.62,approved
RET-004105,ORD-017444,CUST-01443,PROD-0058,2024-05-30,not_as_described,17.54,approved
RET-004106,ORD-017445,CUST-02660,PROD-0051,2024-05-29,changed_mind,43.06,approved
RET-004107,ORD-017448,CUST-02708,PROD-0092,2024-06-14,not_as_described,52.04,approved
RET-004108,ORD-017454,CUST-01260,PROD-0016,2024-06-05,wrong_item,21.19,approved
RET-004109,ORD-017455,CUST-01052,PROD-0028,2024-06-01,defective,256.24,approved
RET-004110,ORD-017456,CUST-02199,PROD-0119,2024-06-06,not_as_described,47.16,pending
RET-004111,ORD-017461,CUST-00614,PROD-0013,2024-05-29,not_as_described,226.29,rejected
RET-004112,ORD-017462,CUST-00720,PROD-0142,2024-05-28,not_as_described,27.36,approved
RET-004113,ORD-017463,CUST-02779,PROD-0084,2024-06-10,not_as_described,83.03,approved
RET-004114,ORD-017464,CUST-01749,PROD-0098,2024-05-31,changed_mind,21.07,approved
RET-004115,ORD-017467,CUST-01325,PROD-0099,2024-06-16,changed_mind,16.03,approved
RET-004116,ORD-017474,CUST-02220,PROD-0045,2024-06-10,changed_mind,32.29,approved
RET-004117,ORD-017480,CUST-01249,PROD-0107,2024-06-05,defective,219.19,rejected
RET-004118,ORD-017483,CUST-00439,PROD-0061,2024-05-30,wrong_item,28.61,approved
RET-004119,ORD-017485,CUST-00448,PROD-0128,2024-06-06,other,37.69,approved
RET-004120,ORD-017488,CUST-00078,PROD-0011,2024-06-08,defective,20.72,approved
RET-004121,ORD-017489,CUST-01991,PROD-0139,2024-06-29,defective,35.95,approved
RET-004122,ORD-017492,CUST-01754,PROD-0107,2024-06-08,defective,209.4,approved
RET-004123,ORD-017494,CUST-00413,PROD-0090,2024-06-03,defective,21.22,approved
RET-004124,ORD-017498,CUST-01834,PROD-0026,2024-05-31,defective,65.0,approved
RET-004125,ORD-017503,CUST-00893,PROD-0147,2024-06-11,wrong_item,228.88,approved
RET-004126,ORD-017504,CUST-01468,PROD-0091,2024-05-30,changed_mind,5.97,approved
RET-004127,ORD-017511,CUST-00126,PROD-0096,2024-06-03,other,27.57,approved
RET-004128,ORD-017513,CUST-00971,PROD-0011,2024-06-01,changed_mind,11.33,approved
RET-004129,ORD-017516,CUST-02831,PROD-0107,2024-06-02,defective,212.16,pending
RET-004130,ORD-017521,CUST-01181,PROD-0090,2024-06-29,not_as_described,23.43,approved
RET-004131,ORD-017524,CUST-02602,PROD-0083,2024-06-03,changed_mind,132.16,approved
RET-004132,ORD-017539,CUST-00551,PROD-0137,2024-06-25,defective,50.71,approved
RET-004133,ORD-017542,CUST-02759,PROD-0119,2024-06-04,wrong_item,91.24,approved
RET-004134,ORD-017555,CUST-01276,PROD-0048,2024-06-07,defective,105.16,approved
RET-004135,ORD-017557,CUST-01546,PROD-0067,2024-06-05,changed_mind,85.78,approved
RET-004136,ORD-017558,CUST-02643,PROD-0140,2024-06-02,changed_mind,9.52,approved
RET-004137,ORD-017559,CUST-01823,PROD-0150,2024-06-08,wrong_item,48.21,approved
RET-004138,ORD-017572,CUST-02401,PROD-0044,2024-06-11,defective,15.35,approved
RET-004139,ORD-017582,CUST-01292,PROD-0115,2024-06-20,changed_mind,120.84,approved
RET-004140,ORD-017583,CUST-00068,PROD-0079,2024-06-10,changed_mind,39.1,approved
RET-004141,ORD-017584,CUST-01278,PROD-0119,2024-06-06,defective,48.51,approved
RET-004142,ORD-017586,CUST-00652,PROD-0027,2024-06-08,changed_mind,3.4,approved
RET-004143,ORD-017587,CUST-02385,PROD-0032,2024-06-21,defective,66.35,pending
RET-004144,ORD-017590,CUST-02045,PROD-0126,2024-06-05,defective,135.48,rejected
RET-004145,ORD-017596,CUST-02289,PROD-0029,2024-06-05,wrong_item,20.54,approved
RET-004146,ORD-017600,CUST-02642,PROD-0121,2024-06-05,wrong_item,43.93,rejected
RET-004147,ORD-017602,CUST-01589,PROD-0044,2024-06-08,defective,21.65,approved
RET-004148,ORD-017604,CUST-02791,PROD-0097,2024-06-09,changed_mind,47.33,approved
RET-004149,ORD-017612,CUST-01730,PROD-0056,2024-06-12,changed_mind,56.79,rejected
RET-004150,ORD-017613,CUST-02058,PROD-0059,2024-06-10,defective,18.2,approved
RET-004151,ORD-017622,CUST-01676,PROD-0092,2024-06-20,not_as_described,50.9,approved
RET-004152,ORD-017623,CUST-02339,PROD-0081,2024-06-09,changed_mind,47.05,approved
RET-004153,ORD-017636,CUST-01582,PROD-0020,2024-07-01,wrong_item,37.95,approved
RET-004154,ORD-017639,CUST-02387,PROD-0118,2024-06-08,defective,113.61,approved
RET-004155,ORD-017640,CUST-02904,PROD-0059,2024-06-11,defective,39.7,approved
RET-004156,ORD-017644,CUST-01792,PROD-0013,2024-06-03,defective,142.98,approved
RET-004157,ORD-017645,CUST-02872,PROD-0050,2024-06-04,defective,42.21,approved
RET-004158,ORD-017649,CUST-00423,PROD-0030,2024-06-05,defective,218.24,approved
RET-004159,ORD-017650,CUST-01483,PROD-0005,2024-06-01,defective,23.13,approved
RET-004160,ORD-017655,CUST-01680,PROD-0093,2024-06-16,changed_mind,32.75,approved
RET-004161,ORD-017663,CUST-00499,PROD-0081,2024-06-12,changed_mind,49.88,approved
RET-004162,ORD-017665,CUST-00421,PROD-0097,2024-06-02,defective,30.19,approved
RET-004163,ORD-017666,CUST-02089,PROD-0036,2024-06-09,changed_mind,79.79,approved
RET-004164,ORD-017667,CUST-01767,PROD-0001,2024-06-05,other,45.53,approved
RET-004165,ORD-017673,CUST-01183,PROD-0014,2024-06-10,defective,9.74,approved
RET-004166,ORD-017674,CUST-00308,PROD-0001,2024-06-12,changed_mind,43.97,approved
RET-004167,ORD-017680,CUST-01128,PROD-0013,2024-06-12,not_as_described,77.36,approved
RET-004168,ORD-017681,CUST-02116,PROD-0044,2024-06-05,defective,49.06,approved
RET-004169,ORD-017683,CUST-01678,PROD-0027,2024-06-15,defective,7.0,approved
RET-004170,ORD-017685,CUST-02083,PROD-0133,2024-06-07,not_as_described,105.27,rejected
RET-004171,ORD-017686,CUST-00381,PROD-0028,2024-06-07,defective,243.55,approved
RET-004172,ORD-017690,CUST-02291,PROD-0045,2024-06-10,changed_mind,64.5,approved
RET-004173,ORD-017694,CUST-01928,PROD-0019,2024-06-07,wrong_item,50.69,approved
RET-004174,ORD-017695,CUST-01595,PROD-0136,2024-06-07,changed_mind,30.18,approved
RET-004175,ORD-017700,CUST-02405,PROD-0101,2024-06-10,defective,19.67,approved
RET-004176,ORD-017707,CUST-00831,PROD-0144,2024-06-12,changed_mind,21.64,approved
RET-004177,ORD-017709,CUST-00252,PROD-0003,2024-06-30,wrong_item,228.68,approved
RET-004178,ORD-017712,CUST-01848,PROD-0124,2024-06-12,changed_mind,78.17,approved
RET-004179,ORD-017718,CUST-00877,PROD-0080,2024-06-19,defective,183.2,approved
RET-004180,ORD-017720,CUST-00676,PROD-0126,2024-06-15,changed_mind,121.29,approved
RET-004181,ORD-017721,CUST-01906,PROD-0095,2024-06-09,not_as_described,30.49,rejected
RET-004182,ORD-017724,CUST-02104,PROD-0016,2024-06-12,changed_mind,20.83,approved
RET-004183,ORD-017725,CUST-02844,PROD-0111,2024-06-19,changed_mind,32.11,rejected
RET-004184,ORD-017726,CUST-01241,PROD-0020,2024-06-19,wrong_item,81.56,approved
RET-004185,ORD-017729,CUST-01704,PROD-0086,2024-06-19,other,5.43,approved
RET-004186,ORD-017734,CUST-02884,PROD-0021,2024-06-21,defective,125.76,approved
RET-004187,ORD-017738,CUST-01704,PROD-0085,2024-06-06,defective,33.49,rejected
RET-004188,ORD-017743,CUST-02531,PROD-0118,2024-06-17,changed_mind,224.84,approved
RET-004189,ORD-017744,CUST-02284,PROD-0121,2024-06-09,changed_mind,42.01,approved
RET-004190,ORD-017749,CUST-02280,PROD-0100,2024-08-01,changed_mind,12.59,approved
RET-004191,ORD-017760,CUST-01361,PROD-0001,2024-06-13,changed_mind,98.64,approved
RET-004192,ORD-017761,CUST-02337,PROD-0126,2024-06-11,wrong_item,269.24,rejected
RET-004193,ORD-017773,CUST-01389,PROD-0103,2024-06-15,defective,37.17,approved
RET-004194,ORD-017778,CUST-00124,PROD-0127,2024-06-09,changed_mind,63.95,approved
RET-004195,ORD-017781,CUST-00756,PROD-0001,2024-06-18,changed_mind,43.82,approved
RET-004196,ORD-017791,CUST-00781,PROD-0001,2024-06-28,wrong_item,33.53,approved
RET-004197,ORD-017793,CUST-02192,PROD-0127,2024-06-07,wrong_item,59.69,approved
RET-004198,ORD-017795,CUST-01654,PROD-0135,2024-06-11,changed_mind,74.78,approved
RET-004199,ORD-017797,CUST-01956,PROD-0040,2024-06-08,defective,84.57,approved
RET-004200,ORD-017801,CUST-00069,PROD-0139,2024-06-12,defective,12.43,pending
RET-004201,ORD-017804,CUST-01825,PROD-0133,2024-06-18,changed_mind,34.27,approved
RET-004202,ORD-017813,CUST-00336,PROD-0120,2024-06-13,changed_mind,62.59,approved
RET-004203,ORD-017823,CUST-00756,PROD-0146,2024-06-07,changed_mind,109.03,approved
RET-004204,ORD-017824,CUST-01968,PROD-0041,2024-06-10,changed_mind,130.95,approved
RET-004205,ORD-017836,CUST-01376,PROD-0045,2024-06-19,other,63.98,approved
RET-004206,ORD-017841,CUST-00203,PROD-0019,2024-06-13,changed_mind,53.98,approved
RET-004207,ORD-017842,CUST-01233,PROD-0147,2024-06-10,changed_mind,90.25,approved
RET-004208,ORD-017843,CUST-00402,PROD-0050,2024-06-20,not_as_described,15.15,approved
RET-004209,ORD-017847,CUST-02949,PROD-0102,2024-06-11,changed_mind,30.23,approved
RET-004210,ORD-017854,CUST-01344,PROD-0125,2024-06-19,defective,31.91,approved
RET-004211,ORD-017857,CUST-01812,PROD-0092,2024-06-10,not_as_described,49.03,approved
RET-004212,ORD-017859,CUST-01607,PROD-0113,2024-06-14,other,56.98,approved
RET-004213,ORD-017867,CUST-01619,PROD-0013,2024-06-08,changed_mind,318.68,approved
RET-004214,ORD-017871,CUST-01020,PROD-0144,2024-06-13,defective,47.25,approved
RET-004215,ORD-017874,CUST-02517,PROD-0114,2024-06-15,defective,14.05,approved
RET-004216,ORD-017880,CUST-01553,PROD-0139,2024-06-09,defective,37.23,pending
RET-004217,ORD-017881,CUST-01725,PROD-0110,2024-06-17,changed_mind,437.56,approved
RET-004218,ORD-017882,CUST-00938,PROD-0139,2024-06-09,changed_mind,67.1,approved
RET-004219,ORD-017883,CUST-00681,PROD-0042,2024-06-18,not_as_described,34.85,approved
RET-004220,ORD-017891,CUST-01060,PROD-0087,2024-06-14,defective,85.83,approved
RET-004221,ORD-017895,CUST-02786,PROD-0110,2024-06-17,not_as_described,424.97,approved
RET-004222,ORD-017897,CUST-01911,PROD-0123,2024-06-09,other,47.88,approved
RET-004223,ORD-017908,CUST-00540,PROD-0079,2024-06-23,defective,79.96,pending
RET-004224,ORD-017910,CUST-00404,PROD-0029,2024-06-12,not_as_described,61.35,approved
RET-004225,ORD-017913,CUST-01522,PROD-0097,2024-06-24,not_as_described,44.53,approved
RET-004226,ORD-017922,CUST-02040,PROD-0043,2024-06-16,defective,182.55,approved
RET-004227,ORD-017928,CUST-01320,PROD-0043,2024-06-13,changed_mind,69.61,approved
RET-004228,ORD-017946,CUST-00641,PROD-0017,2024-07-06,defective,137.08,approved
RET-004229,ORD-017952,CUST-00169,PROD-0043,2024-06-16,defective,141.88,approved
RET-004230,ORD-017957,CUST-01047,PROD-0125,2024-06-18,defective,34.41,approved
RET-004231,ORD-017958,CUST-00904,PROD-0077,2024-06-11,defective,27.85,rejected
RET-004232,ORD-017960,CUST-02090,PROD-0086,2024-06-20,changed_mind,8.54,approved
RET-004233,ORD-017961,CUST-00961,PROD-0054,2024-06-14,defective,28.42,pending
RET-004234,ORD-017974,CUST-00703,PROD-0130,2024-06-14,changed_mind,31.72,approved
RET-004235,ORD-017982,CUST-02844,PROD-0102,2024-06-24,changed_mind,61.24,approved
RET-004236,ORD-017985,CUST-02977,PROD-0003,2024-06-16,not_as_described,108.05,approved
RET-004237,ORD-017987,CUST-02102,PROD-0098,2024-06-19,defective,20.76,approved
RET-004238,ORD-017990,CUST-02919,PROD-0139,2024-07-01,other,67.54,approved
RET-004239,ORD-017994,CUST-02569,PROD-0115,2024-06-16,defective,65.59,approved
RET-004240,ORD-018008,CUST-00771,PROD-0118,2024-06-20,changed_mind,344.52,approved
RET-004241,ORD-018009,CUST-00841,PROD-0067,2024-06-16,other,80.4,pending
RET-004242,ORD-018013,CUST-01107,PROD-0067,2024-06-27,defective,325.48,approved
RET-004243,ORD-018014,CUST-02762,PROD-0052,2024-06-21,defective,85.63,approved
RET-004244,ORD-018019,CUST-00276,PROD-0044,2024-06-25,defective,72.03,approved
RET-004245,ORD-018026,CUST-00143,PROD-0125,2024-07-02,defective,66.58,approved
RET-004246,ORD-018035,CUST-00969,PROD-0124,2024-06-14,changed_mind,74.68,approved
RET-004247,ORD-018036,CUST-00034,PROD-0067,2024-06-20,other,88.04,approved
RET-004248,ORD-018038,CUST-01586,PROD-0016,2024-07-14,changed_mind,22.29,approved
RET-004249,ORD-018045,CUST-00360,PROD-0055,2024-06-22,defective,65.93,approved
RET-004250,ORD-018051,CUST-02805,PROD-0021,2024-06-15,defective,69.32,approved
RET-004251,ORD-018058,CUST-02000,PROD-0118,2024-06-13,not_as_described,108.39,approved
RET-004252,ORD-018059,CUST-00680,PROD-0118,2024-06-18,defective,107.5,approved
RET-004253,ORD-018061,CUST-00278,PROD-0107,2024-06-24,changed_mind,212.8,approved
RET-004254,ORD-018062,CUST-00304,PROD-0018,2024-06-16,changed_mind,45.15,pending
RET-004255,ORD-018065,CUST-01358,PROD-0072,2024-06-22,changed_mind,87.56,approved
RET-004256,ORD-018066,CUST-01150,PROD-0052,2024-06-14,defective,53.21,approved
RET-004257,ORD-018069,CUST-02143,PROD-0067,2024-06-28,wrong_item,76.54,approved
RET-004258,ORD-018077,CUST-00757,PROD-0115,2024-06-21,defective,66.98,approved
RET-004259,ORD-018078,CUST-01403,PROD-0137,2024-06-24,defective,53.25,approved
RET-004260,ORD-018079,CUST-00656,PROD-0134,2024-06-14,changed_mind,21.57,approved
RET-004261,ORD-018083,CUST-01996,PROD-0046,2024-06-23,changed_mind,167.6,approved
RET-004262,ORD-018092,CUST-01622,PROD-0139,2024-06-20,defective,33.38,approved
RET-004263,ORD-018098,CUST-02395,PROD-0003,2024-06-30,wrong_item,217.38,pending
RET-004264,ORD-018101,CUST-02499,PROD-0149,2024-06-22,defective,26.5,approved
RET-004265,ORD-018108,CUST-00225,PROD-0095,2024-07-01,wrong_item,74.64,approved
RET-004266,ORD-018114,CUST-00382,PROD-0075,2024-06-17,changed_mind,64.92,rejected
RET-004267,ORD-018117,CUST-02540,PROD-0010,2024-06-20,changed_mind,146.96,approved
RET-004268,ORD-018123,CUST-01251,PROD-0023,2024-07-07,defective,118.92,approved
RET-004269,ORD-018126,CUST-01662,PROD-0032,2024-06-22,defective,65.94,approved
RET-004270,ORD-018130,CUST-01125,PROD-0125,2024-06-18,changed_mind,72.34,approved
RET-004271,ORD-018132,CUST-01290,PROD-0118,2024-06-16,defective,354.48,approved
RET-004272,ORD-018133,CUST-02602,PROD-0107,2024-07-04,defective,244.84,approved
RET-004273,ORD-018134,CUST-00518,PROD-0121,2024-06-14,changed_mind,44.09,approved
RET-004274,ORD-018135,CUST-01621,PROD-0115,2024-06-18,defective,123.86,approved
RET-004275,ORD-018138,CUST-01011,PROD-0143,2024-06-20,defective,55.82,approved
RET-004276,ORD-018141,CUST-01203,PROD-0043,2024-06-19,defective,61.98,approved
RET-004277,ORD-018154,CUST-01972,PROD-0059,2024-07-02,defective,19.54,approved
RET-004278,ORD-018157,CUST-00271,PROD-0137,2024-07-10,changed_mind,53.14,approved
RET-004279,ORD-018164,CUST-00487,PROD-0015,2024-06-27,changed_mind,152.46,approved
RET-004280,ORD-018171,CUST-00453,PROD-0024,2024-06-22,defective,45.81,approved
RET-004281,ORD-018174,CUST-01178,PROD-0111,2024-06-16,wrong_item,40.27,approved
RET-004282,ORD-018175,CUST-00653,PROD-0108,2024-06-21,other,16.98,approved
RET-004283,ORD-018176,CUST-01784,PROD-0139,2024-07-02,defective,32.7,approved
RET-004284,ORD-018181,CUST-01800,PROD-0112,2024-06-24,changed_mind,3.53,approved
RET-004285,ORD-018185,CUST-00548,PROD-0087,2024-06-27,defective,57.62,approved
RET-004286,ORD-018188,CUST-02053,PROD-0039,2024-06-24,not_as_described,4.99,approved
RET-004287,ORD-018190,CUST-01277,PROD-0074,2024-06-21,changed_mind,49.22,rejected
RET-004288,ORD-018199,CUST-01230,PROD-0052,2024-06-23,defective,154.28,approved
RET-004289,ORD-018203,CUST-02569,PROD-0021,2024-07-01,defective,98.23,approved
RET-004290,ORD-018206,CUST-01588,PROD-0068,2024-06-22,defective,10.12,approved
RET-004291,ORD-018208,CUST-00775,PROD-0150,2024-06-22,defective,46.49,approved
RET-004292,ORD-018209,CUST-01779,PROD-0016,2024-06-20,wrong_item,40.6,approved
RET-004293,ORD-018211,CUST-01186,PROD-0122,2024-06-30,defective,12.1,approved
RET-004294,ORD-018213,CUST-01199,PROD-0043,2024-06-22,wrong_item,67.92,approved
RET-004295,ORD-018227,CUST-02950,PROD-0112,2024-06-23,defective,4.73,approved
RET-004296,ORD-018228,CUST-02399,PROD-0032,2024-06-20,defective,67.84,pending
RET-004297,ORD-018241,CUST-00537,PROD-0136,2024-06-19,defective,29.89,approved
RET-004298,ORD-018245,CUST-01916,PROD-0047,2024-06-24,changed_mind,5.28,rejected
RET-004299,ORD-018248,CUST-01267,PROD-0035,2024-06-20,changed_mind,12.03,approved
RET-004300,ORD-018253,CUST-00683,PROD-0004,2024-07-05,changed_mind,35.02,approved
RET-004301,ORD-018256,CUST-01828,PROD-0085,2024-06-25,defective,74.38,approved
RET-004302,ORD-018258,CUST-01548,PROD-0109,2024-07-02,defective,14.94,rejected
RET-004303,ORD-018264,CUST-00069,PROD-0059,2024-07-04,defective,17.92,approved
RET-004304,ORD-018266,CUST-02481,PROD-0132,2024-07-02,defective,30.31,rejected
RET-004305,ORD-018267,CUST-00304,PROD-0078,2024-06-19,not_as_described,42.22,pending
RET-004306,ORD-018272,CUST-01363,PROD-0144,2024-06-27,not_as_described,42.98,approved
RET-004307,ORD-018274,CUST-01951,PROD-0012,2024-06-25,defective,71.08,approved
RET-004308,ORD-018275,CUST-02798,PROD-0104,2024-06-21,changed_mind,9.42,approved
RET-004309,ORD-018278,CUST-01571,PROD-0116,2024-06-27,changed_mind,49.1,approved
RET-004310,ORD-018286,CUST-02433,PROD-0110,2024-06-25,changed_mind,823.48,approved
RET-004311,ORD-018310,CUST-00331,PROD-0081,2024-06-28,defective,44.46,approved
RET-004312,ORD-018314,CUST-02437,PROD-0120,2024-07-17,other,137.0,approved
RET-004313,ORD-018317,CUST-02845,PROD-0083,2024-07-04,changed_mind,64.59,approved
RET-004314,ORD-018318,CUST-01164,PROD-0099,2024-06-28,changed_mind,15.41,pending
RET-004315,ORD-018320,CUST-01969,PROD-0046,2024-07-02,defective,218.46,approved
RET-004316,ORD-018330,CUST-02500,PROD-0146,2024-06-26,changed_mind,110.56,approved
RET-004317,ORD-018335,CUST-00913,PROD-0137,2024-07-04,changed_mind,57.15,approved
RET-004318,ORD-018344,CUST-01144,PROD-0133,2024-06-30,defective,38.15,approved
RET-004319,ORD-018345,CUST-02171,PROD-0066,2024-06-22,defective,85.46,approved
RET-004320,ORD-018354,CUST-01366,PROD-0103,2024-06-26,defective,36.24,approved
RET-004321,ORD-018357,CUST-02700,PROD-0075,2024-07-08,wrong_item,283.76,approved
RET-004322,ORD-018358,CUST-01328,PROD-0004,2024-06-29,other,30.5,approved
RET-004323,ORD-018369,CUST-02229,PROD-0074,2024-06-26,not_as_described,45.31,approved
RET-004324,ORD-018372,CUST-01849,PROD-0119,2024-07-10,defective,98.18,approved
RET-004325,ORD-018377,CUST-00687,PROD-0076,2024-07-07,defective,79.14,approved
RET-004326,ORD-018379,CUST-01702,PROD-0109,2024-07-03,defective,18.52,pending
RET-004327,ORD-018383,CUST-01940,PROD-0051,2024-07-08,changed_mind,152.12,approved
RET-004328,ORD-018388,CUST-00698,PROD-0052,2024-06-22,defective,25.39,approved
RET-004329,ORD-018389,CUST-00672,PROD-0054,2024-06-26,defective,26.22,approved
RET-004330,ORD-018390,CUST-00864,PROD-0129,2024-07-02,changed_mind,37.5,approved
RET-004331,ORD-018391,CUST-02200,PROD-0030,2024-07-06,defective,94.23,approved
RET-004332,ORD-018394,CUST-02909,PROD-0142,2024-06-29,changed_mind,10.53,approved
RET-004333,ORD-018398,CUST-01213,PROD-0138,2024-06-26,wrong_item,107.64,approved
RET-004334,ORD-018404,CUST-00127,PROD-0036,2024-06-27,wrong_item,303.27,approved
RET-004335,ORD-018405,CUST-02303,PROD-0089,2024-07-02,changed_mind,13.24,approved
RET-004336,ORD-018414,CUST-00557,PROD-0048,2024-06-25,defective,192.76,approved
RET-004337,ORD-018419,CUST-01047,PROD-0060,2024-06-27,defective,192.99,approved
RET-004338,ORD-018432,CUST-02659,PROD-0076,2024-07-01,defective,27.29,rejected
RET-004339,ORD-018434,CUST-00180,PROD-0123,2024-07-03,defective,51.67,approved
RET-004340,ORD-018435,CUST-01282,PROD-0042,2024-07-04,defective,76.12,approved
RET-004341,ORD-018444,CUST-00726,PROD-0022,2024-06-27,defective,46.97,rejected
RET-004342,ORD-018449,CUST-02541,PROD-0015,2024-07-05,other,157.95,approved
RET-004343,ORD-018450,CUST-01477,PROD-0125,2024-06-30,defective,31.52,approved
RET-004344,ORD-018452,CUST-00071,PROD-0040,2024-07-01,other,26.97,approved
RET-004345,ORD-018453,CUST-00487,PROD-0125,2024-07-03,changed_mind,32.62,approved
RET-004346,ORD-018457,CUST-02715,PROD-0030,2024-07-04,changed_mind,108.93,approved
RET-004347,ORD-018458,CUST-02490,PROD-0107,2024-06-28,other,453.04,approved
RET-004348,ORD-018461,CUST-00993,PROD-0111,2024-07-06,defective,45.26,approved
RET-004349,ORD-018467,CUST-02117,PROD-0039,2024-07-04,not_as_described,10.92,approved
RET-004350,ORD-018468,CUST-02769,PROD-0136,2024-07-06,defective,33.16,approved
RET-004351,ORD-018475,CUST-01298,PROD-0079,2024-07-02,not_as_described,41.68,approved
RET-004352,ORD-018476,CUST-02269,PROD-0056,2024-07-13,wrong_item,65.15,pending
RET-004353,ORD-018478,CUST-00483,PROD-0053,2024-07-14,wrong_item,146.88,approved
RET-004354,ORD-018479,CUST-00560,PROD-0102,2024-07-02,not_as_described,33.59,approved
RET-004355,ORD-018482,CUST-01171,PROD-0043,2024-07-03,defective,133.68,approved
RET-004356,ORD-018483,CUST-00944,PROD-0100,2024-06-29,changed_mind,15.83,approved
RET-004357,ORD-018485,CUST-01333,PROD-0098,2024-06-29,not_as_described,22.77,approved
RET-004358,ORD-018486,CUST-00925,PROD-0002,2024-07-02,changed_mind,25.87,approved
RET-004359,ORD-018492,CUST-01864,PROD-0082,2024-07-04,changed_mind,14.24,approved
RET-004360,ORD-018493,CUST-00950,PROD-0099,2024-07-02,changed_mind,16.5,approved
RET-004361,ORD-018505,CUST-00564,PROD-0021,2024-06-26,defective,67.27,approved
RET-004362,ORD-018524,CUST-02629,PROD-0056,2024-07-07,wrong_item,183.66,approved
RET-004363,ORD-018525,CUST-02439,PROD-0018,2024-07-05,changed_mind,46.47,approved
RET-004364,ORD-018526,CUST-02700,PROD-0120,2024-06-29,not_as_described,70.36,rejected
RET-004365,ORD-018531,CUST-01579,PROD-0102,2024-07-03,wrong_item,32.17,approved
RET-004366,ORD-018536,CUST-01182,PROD-0033,2024-06-30,defective,17.29,approved
RET-004367,ORD-018543,CUST-00025,PROD-0019,2024-07-01,changed_mind,116.1,pending
RET-004368,ORD-018549,CUST-02790,PROD-0033,2024-06-30,changed_mind,16.98,approved
RET-004369,ORD-018553,CUST-02762,PROD-0119,2024-07-07,changed_mind,51.67,approved
RET-004370,ORD-018558,CUST-00826,PROD-0093,2024-07-09,changed_mind,32.72,approved
RET-004371,ORD-018563,CUST-00962,PROD-0028,2024-07-02,defective,470.12,approved
RET-004372,ORD-018567,CUST-01932,PROD-0083,2024-07-20,defective,70.94,approved
RET-004373,ORD-018571,CUST-02962,PROD-0053,2024-07-03,changed_mind,68.54,rejected
RET-004374,ORD-018572,CUST-02097,PROD-0052,2024-07-16,changed_mind,87.25,approved
RET-004375,ORD-018574,CUST-00913,PROD-0052,2024-06-28,defective,77.67,approved
RET-004376,ORD-018576,CUST-01887,PROD-0109,2024-07-03,changed_mind,8.51,approved
RET-004377,ORD-018581,CUST-02528,PROD-0110,2024-07-06,changed_mind,437.37,approved
RET-004378,ORD-018583,CUST-00973,PROD-0052,2024-07-02,not_as_described,233.76,approved
RET-004379,ORD-018588,CUST-02851,PROD-0053,2024-07-20,defective,70.28,approved
RET-004380,ORD-018590,CUST-02183,PROD-0106,2024-07-16,not_as_described,47.4,pending
RET-004381,ORD-018605,CUST-02682,PROD-0132,2024-07-13,not_as_described,27.17,approved
RET-004382,ORD-018609,CUST-01636,PROD-0043,2024-06-30,defective,136.36,pending
RET-004383,ORD-018612,CUST-02126,PROD-0125,2024-07-09,defective,65.34,pending
RET-004384,ORD-018615,CUST-00724,PROD-0132,2024-07-19,defective,27.17,approved
RET-004385,ORD-018618,CUST-00504,PROD-0139,2024-07-07,defective,35.94,approved
RET-004386,ORD-018620,CUST-00715,PROD-0087,2024-07-06,defective,54.88,approved
RET-004387,ORD-018622,CUST-02688,PROD-0059,2024-07-02,changed_mind,17.57,approved
RET-004388,ORD-018623,CUST-02509,PROD-0147,2024-07-02,defective,173.1,approved
RET-004389,ORD-018625,CUST-00348,PROD-0101,2024-07-07,defective,21.23,approved
RET-004390,ORD-018633,CUST-00592,PROD-0033,2024-07-28,defective,51.03,approved
RET-004391,ORD-018635,CUST-02730,PROD-0037,2024-07-16,not_as_described,80.76,approved
RET-004392,ORD-018638,CUST-00836,PROD-0038,2024-06-30,changed_mind,138.88,approved
RET-004393,ORD-018642,CUST-01535,PROD-0077,2024-07-23,defective,54.62,approved
RET-004394,ORD-018644,CUST-02422,PROD-0124,2024-07-09,changed_mind,78.28,rejected
RET-004395,ORD-018651,CUST-01992,PROD-0078,2024-07-07,changed_mind,45.46,approved
RET-004396,ORD-018666,CUST-01859,PROD-0007,2024-07-01,defective,9.86,approved
RET-004397,ORD-018668,CUST-00853,PROD-0093,2024-07-08,not_as_described,33.23,approved
RET-004398,ORD-018669,CUST-01743,PROD-0080,2024-07-10,other,47.27,approved
RET-004399,ORD-018672,CUST-02023,PROD-0044,2024-07-28,defective,22.86,approved
RET-004400,ORD-018685,CUST-00225,PROD-0048,2024-07-16,not_as_described,46.46,approved
RET-004401,ORD-018690,CUST-02986,PROD-0129,2024-07-07,changed_mind,71.84,rejected
RET-004402,ORD-018697,CUST-00286,PROD-0130,2024-07-15,wrong_item,33.14,approved
RET-004403,ORD-018709,CUST-02039,PROD-0004,2024-07-16,changed_mind,30.98,rejected
RET-004404,ORD-018710,CUST-02165,PROD-0083,2024-07-03,defective,194.4,approved
RET-004405,ORD-018716,CUST-00290,PROD-0032,2024-07-07,defective,70.2,approved
RET-004406,ORD-018718,CUST-02431,PROD-0139,2024-07-07,changed_mind,34.82,approved
RET-004407,ORD-018719,CUST-02044,PROD-0008,2024-07-27,changed_mind,146.16,approved
RET-004408,ORD-018721,CUST-00072,PROD-0029,2024-07-12,changed_mind,20.25,approved
RET-004409,ORD-018729,CUST-00889,PROD-0082,2024-07-16,changed_mind,39.6,approved
RET-004410,ORD-018739,CUST-01822,PROD-0046,2024-07-05,not_as_described,145.88,approved
RET-004411,ORD-018746,CUST-02133,PROD-0062,2024-07-10,wrong_item,27.24,approved
RET-004412,ORD-018749,CUST-01261,PROD-0032,2024-07-11,defective,71.21,rejected
RET-004413,ORD-018750,CUST-01934,PROD-0146,2024-07-05,not_as_described,107.95,approved
RET-004414,ORD-018755,CUST-01425,PROD-0083,2024-07-19,defective,192.24,pending
RET-004415,ORD-018757,CUST-02193,PROD-0068,2024-07-06,defective,9.93,approved
RET-004416,ORD-018758,CUST-00544,PROD-0051,2024-07-12,wrong_item,76.78,approved
RET-004417,ORD-018763,CUST-00005,PROD-0138,2024-07-30,defective,51.14,approved
RET-004418,ORD-018766,CUST-01469,PROD-0124,2024-07-18,changed_mind,80.17,approved
RET-004419,ORD-018771,CUST-00585,PROD-0031,2024-07-07,not_as_described,23.36,rejected
RET-004420,ORD-018775,CUST-00903,PROD-0138,2024-07-07,defective,55.94,approved
RET-004421,ORD-018778,CUST-00392,PROD-0107,2024-07-11,defective,242.26,approved
RET-004422,ORD-018780,CUST-02381,PROD-0058,2024-07-07,other,29.75,approved
RET-004423,ORD-018785,CUST-00122,PROD-0030,2024-07-06,defective,105.02,approved
RET-004424,ORD-018787,CUST-00320,PROD-0003,2024-07-13,changed_mind,110.09,approved
RET-004425,ORD-018789,CUST-00835,PROD-0073,2024-07-14,defective,16.08,approved
RET-004426,ORD-018792,CUST-01878,PROD-0136,2024-07-09,defective,24.93,approved
RET-004427,ORD-018796,CUST-00734,PROD-0101,2024-07-10,changed_mind,18.94,approved
RET-004428,ORD-018797,CUST-02581,PROD-0068,2024-07-06,defective,10.27,approved
RET-004429,ORD-018800,CUST-00456,PROD-0101,2024-07-16,defective,39.68,approved
RET-004430,ORD-018803,CUST-01883,PROD-0048,2024-07-12,defective,147.45,approved
RET-004431,ORD-018804,CUST-02800,PROD-0107,2024-07-16,defective,230.39,approved
RET-004432,ORD-018809,CUST-00434,PROD-0116,2024-07-29,defective,25.63,approved
RET-004433,ORD-018816,CUST-01384,PROD-0140,2024-07-07,changed_mind,19.12,approved
RET-004434,ORD-018825,CUST-00261,PROD-0092,2024-07-09,changed_mind,50.62,approved
RET-004435,ORD-018826,CUST-02662,PROD-0060,2024-07-22,defective,58.89,approved
RET-004436,ORD-018832,CUST-00194,PROD-0061,2024-07-08,defective,16.86,approved
RET-004437,ORD-018842,CUST-00698,PROD-0100,2024-07-13,not_as_described,11.0,approved
RET-004438,ORD-018850,CUST-01079,PROD-0030,2024-07-15,defective,107.55,approved
RET-004439,ORD-018854,CUST-02025,PROD-0135,2024-07-11,changed_mind,76.92,approved
RET-004440,ORD-018858,CUST-02149,PROD-0059,2024-07-27,defective,18.86,approved
RET-004441,ORD-018859,CUST-00272,PROD-0022,2024-07-15,changed_mind,45.4,approved
RET-004442,ORD-018861,CUST-00703,PROD-0096,2024-07-11,other,27.19,approved
RET-004443,ORD-018868,CUST-01400,PROD-0125,2024-07-18,defective,35.56,rejected
RET-004444,ORD-018869,CUST-00175,PROD-0068,2024-07-13,defective,11.61,rejected
RET-004445,ORD-018871,CUST-01994,PROD-0033,2024-08-03,defective,18.68,rejected
RET-004446,ORD-018873,CUST-01306,PROD-0028,2024-07-16,defective,238.25,approved
RET-004447,ORD-018880,CUST-02190,PROD-0093,2024-07-06,defective,32.15,approved
RET-004448,ORD-018885,CUST-02701,PROD-0059,2024-07-15,defective,19.56,approved
RET-004449,ORD-018894,CUST-00449,PROD-0056,2024-07-21,not_as_described,65.31,approved
RET-004450,ORD-018895,CUST-01575,PROD-0100,2024-07-20,defective,15.33,approved
RET-004451,ORD-018902,CUST-00033,PROD-0124,2024-07-13,changed_mind,79.85,approved
RET-004452,ORD-018907,CUST-02491,PROD-0023,2024-07-11,defective,119.29,rejected
RET-004453,ORD-018915,CUST-00055,PROD-0083,2024-07-20,changed_mind,62.63,approved
RET-004454,ORD-018916,CUST-02943,PROD-0028,2024-08-09,defective,292.92,approved
RET-004455,ORD-018919,CUST-02572,PROD-0138,2024-07-08,changed_mind,53.08,approved
RET-004456,ORD-018920,CUST-02160,PROD-0048,2024-07-14,changed_mind,93.04,approved
RET-004457,ORD-018921,CUST-00807,PROD-0115,2024-07-24,defective,161.28,approved
RET-004458,ORD-018924,CUST-02450,PROD-0113,2024-08-05,changed_mind,56.03,approved
RET-004459,ORD-018932,CUST-00640,PROD-0057,2024-07-15,changed_mind,29.1,pending
RET-004460,ORD-018934,CUST-00729,PROD-0139,2024-07-14,defective,33.31,approved
RET-004461,ORD-018935,CUST-01375,PROD-0046,2024-07-15,defective,80.55,approved
RET-004462,ORD-018942,CUST-02528,PROD-0061,2024-07-25,changed_mind,57.18,approved
RET-004463,ORD-018945,CUST-00510,PROD-0111,2024-07-12,defective,41.96,approved
RET-004464,ORD-018946,CUST-00537,PROD-0146,2024-07-27,other,109.77,approved
RET-004465,ORD-018947,CUST-00609,PROD-0112,2024-07-17,defective,18.9,pending
RET-004466,ORD-018954,CUST-02211,PROD-0088,2024-07-16,defective,67.28,approved
RET-004467,ORD-018963,CUST-00171,PROD-0131,2024-07-21,changed_mind,3.66,approved
RET-004468,ORD-018966,CUST-00363,PROD-0006,2024-07-26,changed_mind,39.68,approved
RET-004469,ORD-018974,CUST-00821,PROD-0109,2024-07-23,defective,19.25,rejected
RET-004470,ORD-018980,CUST-01444,PROD-0099,2024-07-17,other,14.88,approved
RET-004471,ORD-018986,CUST-00557,PROD-0121,2024-07-22,wrong_item,135.87,approved
RET-004472,ORD-018992,CUST-01929,PROD-0054,2024-07-11,changed_mind,24.18,approved
RET-004473,ORD-018994,CUST-02685,PROD-0135,2024-07-16,changed_mind,42.5,approved
RET-004474,ORD-018995,CUST-02987,PROD-0074,2024-07-20,not_as_described,51.91,approved
RET-004475,ORD-018996,CUST-00763,PROD-0105,2024-07-28,wrong_item,20.69,approved
RET-004476,ORD-018997,CUST-00987,PROD-0032,2024-07-16,defective,67.52,approved
RET-004477,ORD-019000,CUST-02695,PROD-0036,2024-07-14,other,210.28,rejected
RET-004478,ORD-019002,CUST-01705,PROD-0090,2024-07-15,defective,45.68,approved
RET-004479,ORD-019036,CUST-00752,PROD-0043,2024-07-18,not_as_described,62.0,approved
RET-004480,ORD-019038,CUST-00959,PROD-0004,2024-07-19,changed_mind,32.0,approved
RET-004481,ORD-019041,CUST-00031,PROD-0048,2024-07-25,wrong_item,108.7,approved
RET-004482,ORD-019045,CUST-01821,PROD-0113,2024-07-15,changed_mind,80.42,approved
RET-004483,ORD-019048,CUST-01776,PROD-0148,2024-07-19,wrong_item,43.51,approved
RET-004484,ORD-019056,CUST-01245,PROD-0041,2024-07-25,defective,88.48,approved
RET-004485,ORD-019064,CUST-01570,PROD-0003,2024-07-16,changed_mind,68.52,approved
RET-004486,ORD-019068,CUST-01747,PROD-0045,2024-07-23,changed_mind,67.32,approved
RET-004487,ORD-019072,CUST-02908,PROD-0066,2024-07-16,not_as_described,122.13,approved
RET-004488,ORD-019075,CUST-01126,PROD-0101,2024-07-13,changed_mind,19.59,rejected
RET-004489,ORD-019081,CUST-01288,PROD-0148,2024-07-17,wrong_item,40.99,rejected
RET-004490,ORD-019083,CUST-01126,PROD-0125,2024-07-14,defective,36.68,approved
RET-004491,ORD-019091,CUST-01646,PROD-0126,2024-07-22,defective,262.78,approved
RET-004492,ORD-019093,CUST-02234,PROD-0137,2024-07-19,wrong_item,55.92,approved
RET-004493,ORD-019103,CUST-02742,PROD-0097,2024-07-20,changed_mind,48.0,approved
RET-004494,ORD-019109,CUST-02086,PROD-0028,2024-07-20,defective,260.29,approved
RET-004495,ORD-019110,CUST-02383,PROD-0024,2024-07-25,changed_mind,45.65,rejected
RET-004496,ORD-019112,CUST-01973,PROD-0051,2024-07-25,changed_mind,42.04,approved
RET-004497,ORD-019116,CUST-01908,PROD-0130,2024-07-25,wrong_item,71.1,pending
RET-004498,ORD-019117,CUST-00594,PROD-0010,2024-07-28,changed_mind,71.1,rejected
RET-004499,ORD-019121,CUST-00081,PROD-0098,2024-07-27,wrong_item,22.2,approved
RET-004500,ORD-019123,CUST-00672,PROD-0141,2024-07-21,changed_mind,125.87,approved
RET-004501,ORD-019125,CUST-02778,PROD-0123,2024-08-06,defective,48.27,approved
RET-004502,ORD-019130,CUST-01183,PROD-0115,2024-07-21,wrong_item,68.3,approved
RET-004503,ORD-019131,CUST-01743,PROD-0073,2024-07-21,defective,19.58,approved
RET-004504,ORD-019137,CUST-01386,PROD-0071,2024-07-19,other,42.76,approved
RET-004505,ORD-019138,CUST-00052,PROD-0098,2024-07-18,wrong_item,44.98,approved
RET-004506,ORD-019139,CUST-02555,PROD-0040,2024-07-16,other,59.08,pending
RET-004507,ORD-019143,CUST-02718,PROD-0102,2024-07-19,changed_mind,29.19,approved
RET-004508,ORD-019148,CUST-00519,PROD-0129,2024-07-20,wrong_item,34.43,approved
RET-004509,ORD-019149,CUST-02046,PROD-0009,2024-07-25,wrong_item,33.46,rejected
RET-004510,ORD-019153,CUST-00954,PROD-0078,2024-07-21,defective,86.36,approved
RET-004511,ORD-019154,CUST-00947,PROD-0097,2024-07-27,changed_mind,87.84,approved
RET-004512,ORD-019157,CUST-01155,PROD-0125,2024-07-18,wrong_item,67.22,approved
RET-004513,ORD-019160,CUST-01369,PROD-0089,2024-07-19,changed_mind,25.08,approved
RET-004514,ORD-019169,CUST-00422,PROD-0105,2024-08-11,defective,20.39,approved
RET-004515,ORD-019176,CUST-00494,PROD-0004,2024-07-22,not_as_described,33.5,approved
RET-004516,ORD-019179,CUST-01585,PROD-0058,2024-07-21,other,16.45,approved
RET-004517,ORD-019180,CUST-01623,PROD-0016,2024-07-27,other,8.38,approved
RET-004518,ORD-019183,CUST-00196,PROD-0078,2024-07-30,defective,42.84,pending
RET-004519,ORD-019185,CUST-01241,PROD-0046,2024-07-27,not_as_described,80.47,approved
RET-004520,ORD-019188,CUST-02873,PROD-0137,2024-08-01,defective,125.12,approved
RET-004521,ORD-019195,CUST-02238,PROD-0146,2024-07-21,changed_mind,110.67,approved
RET-004522,ORD-019212,CUST-02341,PROD-0079,2024-07-22,wrong_item,40.17,approved
RET-004523,ORD-019213,CUST-00895,PROD-0028,2024-07-25,defective,242.62,approved
RET-004524,ORD-019214,CUST-00416,PROD-0015,2024-07-21,not_as_described,158.5,approved
RET-004525,ORD-019217,CUST-01435,PROD-0029,2024-07-29,changed_mind,20.8,pending
RET-004526,ORD-019221,CUST-00455,PROD-0085,2024-07-20,defective,35.48,approved
RET-004527,ORD-019223,CUST-00998,PROD-0002,2024-07-23,not_as_described,28.56,pending
RET-004528,ORD-019224,CUST-02422,PROD-0137,2024-07-20,defective,177.99,approved
RET-004529,ORD-019225,CUST-01494,PROD-0100,2024-08-08,not_as_described,39.12,approved
RET-004530,ORD-019229,CUST-02156,PROD-0076,2024-07-21,defective,25.65,approved
RET-004531,ORD-019230,CUST-00645,PROD-0143,2024-07-31,defective,30.89,approved
RET-004532,ORD-019232,CUST-00373,PROD-0015,2024-07-28,defective,162.29,approved
RET-004533,ORD-019235,CUST-02410,PROD-0012,2024-07-25,defective,36.42,rejected
RET-004534,ORD-019236,CUST-01390,PROD-0022,2024-07-29,defective,180.84,approved
RET-004535,ORD-019238,CUST-01471,PROD-0107,2024-07-29,defective,220.35,approved
RET-004536,ORD-019239,CUST-01532,PROD-0103,2024-07-30,defective,35.67,approved
RET-004537,ORD-019255,CUST-00487,PROD-0097,2024-08-05,changed_mind,43.41,approved
RET-004538,ORD-019264,CUST-01280,PROD-0094,2024-08-05,defective,8.32,approved
RET-004539,ORD-019265,CUST-01819,PROD-0114,2024-07-19,changed_mind,15.76,approved
RET-004540,ORD-019274,CUST-02993,PROD-0028,2024-07-26,defective,253.12,rejected
RET-004541,ORD-019276,CUST-02026,PROD-0098,2024-07-23,not_as_described,23.12,approved
RET-004542,ORD-019277,CUST-01659,PROD-0015,2024-07-24,changed_mind,142.26,approved
RET-004543,ORD-019278,CUST-00632,PROD-0132,2024-07-21,defective,28.09,approved
RET-004544,ORD-019281,CUST-00361,PROD-0079,2024-07-23,not_as_described,40.88,approved
RET-004545,ORD-019294,CUST-01307,PROD-0104,2024-08-11,changed_mind,25.68,approved
RET-004546,ORD-019298,CUST-01914,PROD-0002,2024-07-31,other,27.82,approved
RET-004547,ORD-019302,CUST-00917,PROD-0139,2024-07-24,defective,75.32,approved
RET-004548,ORD-019306,CUST-01136,PROD-0072,2024-08-03,wrong_item,88.96,approved
RET-004549,ORD-019309,CUST-02436,PROD-0067,2024-08-08,changed_mind,81.29,approved
RET-004550,ORD-019317,CUST-02659,PROD-0122,2024-07-21,changed_mind,23.1,rejected
RET-004551,ORD-019329,CUST-01777,PROD-0090,2024-07-22,defective,22.62,approved
RET-004552,ORD-019341,CUST-02510,PROD-0002,2024-07-24,changed_mind,28.52,approved
RET-004553,ORD-019345,CUST-02189,PROD-0124,2024-08-03,wrong_item,172.44,approved
RET-004554,ORD-019346,CUST-01822,PROD-0121,2024-08-12,wrong_item,40.19,approved
RET-004555,ORD-019347,CUST-02800,PROD-0076,2024-08-04,defective,19.7,rejected
RET-004556,ORD-019349,CUST-01435,PROD-0086,2024-07-26,wrong_item,9.18,approved
RET-004557,ORD-019360,CUST-02139,PROD-0137,2024-07-28,not_as_described,53.0,pending
RET-004558,ORD-019362,CUST-00189,PROD-0132,2024-07-29,wrong_item,30.39,approved
RET-004559,ORD-019373,CUST-02859,PROD-0058,2024-07-27,not_as_described,17.0,approved
RET-004560,ORD-019377,CUST-02182,PROD-0004,2024-07-22,changed_mind,140.6,approved
RET-004561,ORD-019379,CUST-00090,PROD-0004,2024-07-25,changed_mind,23.59,approved
RET-004562,ORD-019380,CUST-01913,PROD-0027,2024-07-28,defective,5.69,approved
RET-004563,ORD-019381,CUST-00864,PROD-0082,2024-07-28,wrong_item,39.63,approved
RET-004564,ORD-019386,CUST-01540,PROD-0068,2024-08-10,defective,11.46,approved
RET-004565,ORD-019391,CUST-00361,PROD-0008,2024-08-02,changed_mind,50.6,approved
RET-004566,ORD-019399,CUST-01765,PROD-0076,2024-07-30,changed_mind,26.25,approved
RET-004567,ORD-019400,CUST-02615,PROD-0143,2024-08-03,not_as_described,29.45,approved
RET-004568,ORD-019409,CUST-00762,PROD-0048,2024-07-25,changed_mind,139.08,approved
RET-004569,ORD-019424,CUST-02601,PROD-0019,2024-07-24,other,56.99,approved
RET-004570,ORD-019427,CUST-01116,PROD-0102,2024-08-04,not_as_described,60.38,approved
RET-004571,ORD-019429,CUST-01628,PROD-0105,2024-08-09,defective,23.4,approved
RET-004572,ORD-019432,CUST-00499,PROD-0141,2024-08-01,not_as_described,122.18,approved
RET-004573,ORD-019433,CUST-00249,PROD-0044,2024-07-30,defective,21.58,pending
RET-004574,ORD-019436,CUST-02466,PROD-0071,2024-07-28,other,42.55,approved
RET-004575,ORD-019440,CUST-02882,PROD-0053,2024-07-26,defective,98.82,approved
RET-004576,ORD-019442,CUST-02887,PROD-0056,2024-07-31,wrong_item,61.92,approved
RET-004577,ORD-019444,CUST-00058,PROD-0039,2024-07-27,defective,5.12,approved
RET-004578,ORD-019445,CUST-02477,PROD-0106,2024-08-01,wrong_item,21.51,approved
RET-004579,ORD-019452,CUST-02838,PROD-0135,2024-08-02,changed_mind,161.92,approved
RET-004580,ORD-019454,CUST-02630,PROD-0021,2024-08-22,defective,50.04,approved
RET-004581,ORD-019459,CUST-01709,PROD-0075,2024-07-29,not_as_described,48.94,approved
RET-004582,ORD-019467,CUST-00428,PROD-0092,2024-07-29,not_as_described,46.7,rejected
RET-004583,ORD-019476,CUST-00900,PROD-0008,2024-08-03,other,49.77,rejected
RET-004584,ORD-019487,CUST-02178,PROD-0098,2024-08-03,defective,22.7,approved
RET-004585,ORD-019491,CUST-00386,PROD-0141,2024-08-01,changed_mind,242.72,pending
RET-004586,ORD-019494,CUST-01757,PROD-0018,2024-08-18,not_as_described,49.17,approved
RET-004587,ORD-019495,CUST-01540,PROD-0105,2024-07-29,defective,23.14,approved
RET-004588,ORD-019497,CUST-01629,PROD-0108,2024-08-12,wrong_item,16.66,approved
RET-004589,ORD-019499,CUST-00293,PROD-0023,2024-08-07,changed_mind,61.43,approved
RET-004590,ORD-019501,CUST-00604,PROD-0145,2024-07-29,wrong_item,42.36,approved
RET-004591,ORD-019505,CUST-02627,PROD-0150,2024-07-28,changed_mind,54.19,approved
RET-004592,ORD-019507,CUST-02302,PROD-0076,2024-08-03,changed_mind,24.68,approved
RET-004593,ORD-019517,CUST-02975,PROD-0032,2024-09-06,defective,134.4,approved
RET-004594,ORD-019521,CUST-02703,PROD-0039,2024-08-02,changed_mind,5.23,pending
RET-004595,ORD-019532,CUST-02323,PROD-0145,2024-08-19,changed_mind,19.67,approved
RET-004596,ORD-019533,CUST-00615,PROD-0004,2024-07-27,changed_mind,31.82,approved
RET-004597,ORD-019545,CUST-02318,PROD-0004,2024-08-01,not_as_described,34.34,rejected
RET-004598,ORD-019550,CUST-01140,PROD-0140,2024-08-05,wrong_item,9.87,approved
RET-004599,ORD-019555,CUST-01292,PROD-0024,2024-07-29,other,44.92,approved
RET-004600,ORD-019563,CUST-01722,PROD-0103,2024-07-30,defective,64.24,approved
RET-004601,ORD-019565,CUST-00360,PROD-0125,2024-07-28,defective,32.21,approved
RET-004602,ORD-019570,CUST-01434,PROD-0136,2024-07-27,not_as_described,30.96,pending
RET-004603,ORD-019577,CUST-01296,PROD-0052,2024-08-17,not_as_described,82.23,pending
RET-004604,ORD-019582,CUST-02204,PROD-0031,2024-08-04,not_as_described,32.5,rejected
RET-004605,ORD-019584,CUST-00295,PROD-0115,2024-07-30,not_as_described,117.82,approved
RET-004606,ORD-019588,CUST-01527,PROD-0090,2024-07-28,defective,22.6,approved
RET-004607,ORD-019589,CUST-00033,PROD-0141,2024-07-30,changed_mind,243.48,approved
RET-004608,ORD-019592,CUST-02913,PROD-0126,2024-08-04,defective,39.39,approved
RET-004609,ORD-019594,CUST-00692,PROD-0057,2024-07-30,changed_mind,55.8,pending
RET-004610,ORD-019605,CUST-01721,PROD-0135,2024-07-27,changed_mind,42.11,approved
RET-004611,ORD-019606,CUST-02401,PROD-0098,2024-07-31,changed_mind,21.22,approved
RET-004612,ORD-019607,CUST-01376,PROD-0036,2024-07-31,wrong_item,101.09,approved
RET-004613,ORD-019608,CUST-00066,PROD-0013,2024-08-03,changed_mind,74.85,approved
RET-004614,ORD-019612,CUST-00222,PROD-0020,2024-08-07,changed_mind,38.56,rejected
RET-004615,ORD-019625,CUST-00560,PROD-0106,2024-08-05,not_as_described,24.82,approved
RET-004616,ORD-019627,CUST-00860,PROD-0013,2024-08-08,defective,76.49,rejected
RET-004617,ORD-019631,CUST-01664,PROD-0009,2024-07-30,changed_mind,46.59,approved
RET-004618,ORD-019633,CUST-02909,PROD-0017,2024-08-05,defective,32.0,approved
RET-004619,ORD-019641,CUST-02553,PROD-0023,2024-08-13,changed_mind,234.7,approved
RET-004620,ORD-019643,CUST-00263,PROD-0093,2024-08-12,changed_mind,66.24,approved
RET-004621,ORD-019645,CUST-01485,PROD-0098,2024-08-02,changed_mind,22.43,approved
RET-004622,ORD-019647,CUST-00909,PROD-0118,2024-08-01,defective,116.82,approved
RET-004623,ORD-019651,CUST-00280,PROD-0064,2024-08-04,changed_mind,29.86,approved
RET-004624,ORD-019653,CUST-02136,PROD-0110,2024-08-13,not_as_described,860.44,approved
RET-004625,ORD-019656,CUST-01271,PROD-0091,2024-08-06,changed_mind,10.47,approved
RET-004626,ORD-019657,CUST-02771,PROD-0053,2024-08-27,defective,74.9,approved
RET-004627,ORD-019662,CUST-02530,PROD-0118,2024-09-01,not_as_described,222.08,approved
RET-004628,ORD-019666,CUST-02342,PROD-0017,2024-08-11,defective,139.36,rejected
RET-004629,ORD-019669,CUST-00787,PROD-0114,2024-08-13,defective,14.65,approved
RET-004630,ORD-019672,CUST-00054,PROD-0127,2024-08-01,not_as_described,224.52,approved
RET-004631,ORD-019675,CUST-02859,PROD-0022,2024-08-02,changed_mind,88.1,rejected
RET-004632,ORD-019679,CUST-01047,PROD-0097,2024-08-06,changed_mind,48.14,approved
RET-004633,ORD-019685,CUST-01410,PROD-0101,2024-08-02,changed_mind,19.13,approved
RET-004634,ORD-019689,CUST-02982,PROD-0132,2024-08-01,changed_mind,28.47,approved
RET-004635,ORD-019691,CUST-02491,PROD-0076,2024-08-09,defective,108.88,approved
RET-004636,ORD-019693,CUST-02830,PROD-0072,2024-08-13,changed_mind,247.74,rejected
RET-004637,ORD-019694,CUST-01704,PROD-0125,2024-08-13,not_as_described,33.17,approved
RET-004638,ORD-019697,CUST-02771,PROD-0044,2024-08-15,wrong_item,24.04,approved
RET-004639,ORD-019712,CUST-02377,PROD-0111,2024-08-02,defective,43.99,approved
RET-004640,ORD-019713,CUST-01655,PROD-0073,2024-08-02,changed_mind,9.73,approved
RET-004641,ORD-019721,CUST-00531,PROD-0107,2024-08-01,changed_mind,231.72,approved
RET-004642,ORD-019722,CUST-01222,PROD-0148,2024-08-03,wrong_item,42.39,approved
RET-004643,ORD-019725,CUST-02086,PROD-0002,2024-08-05,other,27.48,approved
RET-004644,ORD-019731,CUST-00894,PROD-0046,2024-08-11,defective,77.96,approved
RET-004645,ORD-019735,CUST-01040,PROD-0057,2024-08-05,wrong_item,60.06,approved
RET-004646,ORD-019740,CUST-00359,PROD-0087,2024-08-06,defective,29.82,approved
RET-004647,ORD-019741,CUST-02843,PROD-0126,2024-08-08,defective,139.21,approved
RET-004648,ORD-019746,CUST-00942,PROD-0132,2024-08-17,defective,28.35,approved
RET-004649,ORD-019763,CUST-01829,PROD-0115,2024-08-02,wrong_item,50.88,approved
RET-004650,ORD-019764,CUST-01193,PROD-0078,2024-08-03,defective,42.13,approved
RET-004651,ORD-019772,CUST-01881,PROD-0101,2024-08-09,changed_mind,19.01,approved
RET-004652,ORD-019781,CUST-01705,PROD-0098,2024-08-20,changed_mind,22.04,approved
RET-004653,ORD-019790,CUST-00202,PROD-0093,2024-08-08,changed_mind,37.56,pending
RET-004654,ORD-019792,CUST-01733,PROD-0141,2024-08-31,not_as_described,65.14,approved
RET-004655,ORD-019795,CUST-01926,PROD-0121,2024-08-05,changed_mind,187.16,approved
RET-004656,ORD-019798,CUST-01772,PROD-0132,2024-08-07,wrong_item,30.62,approved
RET-004657,ORD-019799,CUST-02045,PROD-0149,2024-08-13,changed_mind,30.07,approved
RET-004658,ORD-019802,CUST-00389,PROD-0041,2024-08-02,changed_mind,79.14,approved
RET-004659,ORD-019803,CUST-02612,PROD-0023,2024-08-25,wrong_item,126.18,approved
RET-004660,ORD-019807,CUST-02731,PROD-0042,2024-08-24,defective,38.48,approved
RET-004661,ORD-019809,CUST-00663,PROD-0103,2024-08-12,defective,32.15,approved
RET-004662,ORD-019812,CUST-01766,PROD-0101,2024-08-13,not_as_described,42.66,approved
RET-004663,ORD-019814,CUST-00259,PROD-0114,2024-08-08,defective,13.68,approved
RET-004664,ORD-019830,CUST-00266,PROD-0085,2024-08-20,defective,70.24,approved
RET-004665,ORD-019831,CUST-00719,PROD-0115,2024-08-13,wrong_item,59.02,approved
RET-004666,ORD-019832,CUST-00856,PROD-0065,2024-08-12,changed_mind,42.54,approved
RET-004667,ORD-019838,CUST-01443,PROD-0025,2024-08-08,changed_mind,140.53,approved
RET-004668,ORD-019839,CUST-02452,PROD-0071,2024-08-17,other,158.2,rejected
RET-004669,ORD-019841,CUST-01418,PROD-0126,2024-08-09,changed_mind,137.16,approved
RET-004670,ORD-019843,CUST-00142,PROD-0105,2024-08-21,wrong_item,20.6,rejected
RET-004671,ORD-019851,CUST-01072,PROD-0117,2024-08-25,other,23.14,approved
RET-004672,ORD-019852,CUST-02581,PROD-0060,2024-08-13,not_as_described,56.33,approved
RET-004673,ORD-019854,CUST-00266,PROD-0138,2024-08-12,defective,51.84,approved
RET-004674,ORD-019855,CUST-00919,PROD-0104,2024-08-09,wrong_item,56.38,pending
RET-004675,ORD-019868,CUST-01158,PROD-0146,2024-08-16,wrong_item,30.74,approved
RET-004676,ORD-019869,CUST-01233,PROD-0052,2024-08-23,defective,78.92,approved
RET-004677,ORD-019870,CUST-00724,PROD-0023,2024-08-14,wrong_item,254.5,approved
RET-004678,ORD-019877,CUST-02925,PROD-0042,2024-08-14,other,26.18,approved
RET-004679,ORD-019884,CUST-01212,PROD-0123,2024-08-11,defective,49.47,approved
RET-004680,ORD-019887,CUST-01414,PROD-0006,2024-08-04,defective,68.7,approved
RET-004681,ORD-019888,CUST-01296,PROD-0035,2024-08-13,wrong_item,25.49,approved
RET-004682,ORD-019891,CUST-00738,PROD-0032,2024-08-21,changed_mind,68.5,rejected
RET-004683,ORD-019908,CUST-01917,PROD-0033,2024-08-09,defective,24.46,pending
RET-004684,ORD-019914,CUST-01938,PROD-0125,2024-08-20,not_as_described,33.54,approved
RET-004685,ORD-019916,CUST-00428,PROD-0139,2024-08-11,defective,15.2,approved
RET-004686,ORD-019922,CUST-01501,PROD-0055,2024-08-11,wrong_item,189.93,approved
RET-004687,ORD-019923,CUST-02869,PROD-0052,2024-08-08,defective,78.48,approved
RET-004688,ORD-019932,CUST-02452,PROD-0136,2024-08-13,defective,95.13,approved
RET-004689,ORD-019938,CUST-00024,PROD-0037,2024-08-14,wrong_item,92.28,approved
RET-004690,ORD-019940,CUST-01000,PROD-0017,2024-08-19,defective,35.56,approved
RET-004691,ORD-019941,CUST-01642,PROD-0044,2024-08-07,defective,47.1,approved
RET-004692,ORD-019942,CUST-02560,PROD-0017,2024-08-09,defective,35.03,approved
RET-004693,ORD-019954,CUST-00997,PROD-0004,2024-08-16,defective,32.67,approved
RET-004694,ORD-019956,CUST-02522,PROD-0015,2024-08-21,defective,149.99,approved
RET-004695,ORD-019960,CUST-01930,PROD-0148,2024-08-20,not_as_described,43.81,approved
RET-004696,ORD-019977,CUST-01035,PROD-0016,2024-08-09,other,22.31,approved
RET-004697,ORD-019979,CUST-01112,PROD-0068,2024-08-15,defective,10.58,approved
RET-004698,ORD-019980,CUST-01173,PROD-0066,2024-08-09,wrong_item,37.11,approved
RET-004699,ORD-019985,CUST-02624,PROD-0070,2024-08-13,changed_mind,55.46,approved
RET-004700,ORD-019987,CUST-01342,PROD-0135,2024-08-10,changed_mind,76.46,rejected
RET-004701,ORD-019991,CUST-00510,PROD-0150,2024-08-16,defective,48.95,approved
RET-004702,ORD-019994,CUST-02577,PROD-0083,2024-08-14,defective,65.9,approved
RET-004703,ORD-019996,CUST-00611,PROD-0024,2024-08-18,changed_mind,92.08,approved
RET-004704,ORD-020005,CUST-00384,PROD-0012,2024-08-15,changed_mind,73.62,pending
RET-004705,ORD-020006,CUST-00956,PROD-0012,2024-08-27,defective,36.63,approved
RET-004706,ORD-020007,CUST-02108,PROD-0054,2024-08-16,defective,25.57,approved
RET-004707,ORD-020012,CUST-01820,PROD-0043,2024-08-16,changed_mind,124.36,approved
RET-004708,ORD-020013,CUST-01202,PROD-0146,2024-08-16,other,107.15,approved
RET-004709,ORD-020014,CUST-01385,PROD-0051,2024-08-18,wrong_item,116.64,approved
RET-004710,ORD-020016,CUST-02697,PROD-0076,2024-08-26,defective,112.76,approved
RET-004711,ORD-020024,CUST-02629,PROD-0118,2024-08-10,defective,334.62,approved
RET-004712,ORD-020031,CUST-02668,PROD-0018,2024-08-18,wrong_item,47.2,approved
RET-004713,ORD-020037,CUST-01811,PROD-0084,2024-09-09,changed_mind,73.59,approved
RET-004714,ORD-020042,CUST-02047,PROD-0083,2024-08-15,not_as_described,69.29,rejected
RET-004715,ORD-020050,CUST-00016,PROD-0026,2024-08-15,changed_mind,67.7,approved
RET-004716,ORD-020051,CUST-00496,PROD-0101,2024-09-03,not_as_described,20.47,approved
RET-004717,ORD-020054,CUST-00468,PROD-0061,2024-08-28,changed_mind,41.87,rejected
RET-004718,ORD-020055,CUST-01922,PROD-0140,2024-08-20,wrong_item,10.18,approved
RET-004719,ORD-020058,CUST-02725,PROD-0021,2024-08-11,defective,66.69,approved
RET-004720,ORD-020068,CUST-02209,PROD-0067,2024-08-22,changed_mind,87.76,approved
RET-004721,ORD-020075,CUST-00742,PROD-0059,2024-08-18,defective,34.48,approved
RET-004722,ORD-020076,CUST-01267,PROD-0138,2024-08-20,wrong_item,53.09,approved
RET-004723,ORD-020080,CUST-01386,PROD-0056,2024-08-15,changed_mind,228.04,approved
RET-004724,ORD-020081,CUST-00217,PROD-0041,2024-08-14,wrong_item,44.76,approved
RET-004725,ORD-020083,CUST-01968,PROD-0120,2024-09-05,changed_mind,71.54,approved
RET-004726,ORD-020090,CUST-02200,PROD-0142,2024-08-22,changed_mind,26.53,approved
RET-004727,ORD-020099,CUST-00405,PROD-0098,2024-08-19,wrong_item,41.22,approved
RET-004728,ORD-020102,CUST-00719,PROD-0080,2024-08-19,defective,94.72,approved
RET-004729,ORD-020108,CUST-00582,PROD-0134,2024-08-14,defective,70.89,approved
RET-004730,ORD-020111,CUST-02248,PROD-0145,2024-08-23,changed_mind,42.68,approved
RET-004731,ORD-020113,CUST-02984,PROD-0016,2024-08-18,defective,21.02,approved
RET-004732,ORD-020127,CUST-00797,PROD-0122,2024-09-01,defective,19.78,approved
RET-004733,ORD-020136,CUST-02424,PROD-0111,2024-08-20,defective,43.17,rejected
RET-004734,ORD-020141,CUST-01331,PROD-0001,2024-09-15,changed_mind,57.13,approved
RET-004735,ORD-020149,CUST-00188,PROD-0017,2024-08-19,defective,82.85,approved
RET-004736,ORD-020158,CUST-02052,PROD-0035,2024-08-30,changed_mind,101.8,approved
RET-004737,ORD-020159,CUST-00135,PROD-0063,2024-08-12,wrong_item,8.02,approved
RET-004738,ORD-020161,CUST-02805,PROD-0018,2024-08-23,defective,192.72,approved
RET-004739,ORD-020169,CUST-02864,PROD-0127,2024-09-12,defective,56.1,approved
RET-004740,ORD-020172,CUST-02746,PROD-0107,2024-08-21,changed_mind,227.69,approved
RET-004741,ORD-020174,CUST-00635,PROD-0143,2024-08-13,not_as_described,28.2,rejected
RET-004742,ORD-020177,CUST-01282,PROD-0117,2024-08-15,defective,21.24,approved
RET-004743,ORD-020182,CUST-00032,PROD-0126,2024-08-17,wrong_item,124.01,approved
RET-004744,ORD-020184,CUST-00029,PROD-0008,2024-09-08,not_as_described,30.76,rejected
RET-004745,ORD-020185,CUST-02539,PROD-0067,2024-08-17,changed_mind,79.21,approved
RET-004746,ORD-020186,CUST-02968,PROD-0003,2024-08-14,changed_mind,116.51,approved
RET-004747,ORD-020189,CUST-01011,PROD-0008,2024-08-21,wrong_item,48.81,approved
RET-004748,ORD-020197,CUST-01783,PROD-0021,2024-08-22,defective,206.37,pending
RET-004749,ORD-020200,CUST-01116,PROD-0084,2024-08-27,other,74.13,approved
RET-004750,ORD-020204,CUST-00068,PROD-0085,2024-08-21,changed_mind,33.52,pending
RET-004751,ORD-020206,CUST-02697,PROD-0098,2024-08-20,not_as_described,21.72,approved
RET-004752,ORD-020207,CUST-01478,PROD-0037,2024-08-26,defective,92.44,approved
RET-004753,ORD-020214,CUST-00192,PROD-0131,2024-08-16,defective,10.79,approved
RET-004754,ORD-020216,CUST-01169,PROD-0147,2024-08-20,defective,95.24,pending
RET-004755,ORD-020217,CUST-02115,PROD-0076,2024-09-03,defective,27.39,approved
RET-004756,ORD-020223,CUST-02022,PROD-0021,2024-08-16,defective,65.41,approved
RET-004757,ORD-020226,CUST-01194,PROD-0141,2024-08-25,changed_mind,106.88,approved
RET-004758,ORD-020227,CUST-02077,PROD-0135,2024-09-02,wrong_item,37.82,approved
RET-004759,ORD-020229,CUST-00186,PROD-0064,2024-09-02,changed_mind,57.84,approved
RET-004760,ORD-020234,CUST-02424,PROD-0120,2024-08-17,changed_mind,132.88,approved
RET-004761,ORD-020239,CUST-00185,PROD-0129,2024-08-25,changed_mind,74.16,approved
RET-004762,ORD-020250,CUST-01040,PROD-0078,2024-08-18,defective,43.91,pending
RET-004763,ORD-020260,CUST-00690,PROD-0128,2024-08-31,not_as_described,109.47,approved
RET-004764,ORD-020266,CUST-02306,PROD-0043,2024-08-28,defective,208.08,approved
RET-004765,ORD-020272,CUST-01365,PROD-0052,2024-08-18,defective,173.76,approved
RET-004766,ORD-020273,CUST-02186,PROD-0115,2024-08-19,changed_mind,61.26,approved
RET-004767,ORD-020274,CUST-01141,PROD-0077,2024-08-26,changed_mind,27.94,approved
RET-004768,ORD-020276,CUST-02833,PROD-0088,2024-08-22,changed_mind,102.93,approved
RET-004769,ORD-020280,CUST-01644,PROD-0012,2024-08-21,not_as_described,69.54,pending
RET-004770,ORD-020283,CUST-01257,PROD-0073,2024-08-21,changed_mind,21.34,approved
RET-004771,ORD-020285,CUST-01816,PROD-0089,2024-08-18,changed_mind,8.09,approved
RET-004772,ORD-020286,CUST-00459,PROD-0006,2024-08-17,changed_mind,22.67,approved
RET-004773,ORD-020287,CUST-00267,PROD-0017,2024-09-04,wrong_item,34.68,approved
RET-004774,ORD-020288,CUST-01042,PROD-0034,2024-08-31,changed_mind,146.52,pending
RET-004775,ORD-020290,CUST-01264,PROD-0009,2024-08-31,wrong_item,16.88,approved
RET-004776,ORD-020293,CUST-00595,PROD-0048,2024-08-22,other,136.83,approved
RET-004777,ORD-020304,CUST-01083,PROD-0005,2024-08-23,changed_mind,22.3,approved
RET-004778,ORD-020312,CUST-02535,PROD-0137,2024-08-28,defective,60.26,pending
RET-004779,ORD-020314,CUST-00303,PROD-0090,2024-08-24,not_as_described,22.7,approved
RET-004780,ORD-020319,CUST-00074,PROD-0060,2024-08-23,changed_mind,112.72,pending
RET-004781,ORD-020325,CUST-01696,PROD-0147,2024-08-24,not_as_described,386.0,approved
RET-004782,ORD-020340,CUST-02160,PROD-0040,2024-08-27,other,29.49,approved
RET-004783,ORD-020352,CUST-02130,PROD-0140,2024-08-21,wrong_item,9.48,approved
RET-004784,ORD-020362,CUST-01487,PROD-0015,2024-08-31,wrong_item,157.58,approved
RET-004785,ORD-020366,CUST-02329,PROD-0060,2024-09-09,defective,61.17,approved
RET-004786,ORD-020367,CUST-01791,PROD-0069,2024-09-16,not_as_described,28.44,approved
RET-004787,ORD-020369,CUST-02544,PROD-0084,2024-09-07,not_as_described,74.56,approved
RET-004788,ORD-020370,CUST-01885,PROD-0124,2024-08-26,defective,80.44,approved
RET-004789,ORD-020371,CUST-00942,PROD-0005,2024-09-01,changed_mind,21.09,approved
RET-004790,ORD-020373,CUST-00370,PROD-0013,2024-08-29,changed_mind,82.96,pending
RET-004791,ORD-020375,CUST-02306,PROD-0083,2024-08-28,wrong_item,203.25,approved
RET-004792,ORD-020377,CUST-00382,PROD-0042,2024-08-22,wrong_item,70.66,approved
RET-004793,ORD-020385,CUST-01883,PROD-0012,2024-08-25,changed_mind,70.78,approved
RET-004794,ORD-020389,CUST-02833,PROD-0029,2024-08-19,not_as_described,15.38,rejected
RET-004795,ORD-020390,CUST-02496,PROD-0095,2024-08-28,changed_mind,81.48,approved
RET-004796,ORD-020400,CUST-02806,PROD-0012,2024-08-21,not_as_described,32.43,approved
RET-004797,ORD-020403,CUST-00966,PROD-0107,2024-08-22,wrong_item,229.52,approved
RET-004798,ORD-020407,CUST-02885,PROD-0033,2024-08-28,defective,49.98,approved
RET-004799,ORD-020409,CUST-01173,PROD-0121,2024-08-24,not_as_described,28.59,approved
RET-004800,ORD-020410,CUST-02646,PROD-0047,2024-09-01,wrong_item,4.65,approved
RET-004801,ORD-020415,CUST-02883,PROD-0018,2024-08-30,defective,97.52,approved
RET-004802,ORD-020419,CUST-00843,PROD-0088,2024-09-12,not_as_described,34.86,rejected
RET-004803,ORD-020421,CUST-02023,PROD-0127,2024-09-06,not_as_described,37.4,rejected
RET-004804,ORD-020428,CUST-00004,PROD-0027,2024-08-24,changed_mind,22.35,approved
RET-004805,ORD-020438,CUST-02701,PROD-0110,2024-09-03,changed_mind,435.64,approved
RET-004806,ORD-020446,CUST-00507,PROD-0059,2024-08-25,other,16.95,approved
RET-004807,ORD-020451,CUST-01646,PROD-0023,2024-09-05,changed_mind,115.5,approved
RET-004808,ORD-020465,CUST-01652,PROD-0016,2024-09-08,wrong_item,23.28,approved
RET-004809,ORD-020474,CUST-01380,PROD-0061,2024-08-25,other,31.16,approved
RET-004810,ORD-020481,CUST-00337,PROD-0033,2024-09-01,defective,16.33,approved
RET-004811,ORD-020482,CUST-01221,PROD-0004,2024-09-05,not_as_described,31.91,approved
RET-004812,ORD-020490,CUST-02151,PROD-0107,2024-08-25,defective,462.4,approved
RET-004813,ORD-020499,CUST-00524,PROD-0076,2024-08-28,defective,27.95,approved
RET-004814,ORD-020501,CUST-01659,PROD-0015,2024-08-28,not_as_described,152.9,approved
RET-004815,ORD-020504,CUST-02140,PROD-0040,2024-08-27,defective,28.0,approved
RET-004816,ORD-020505,CUST-00234,PROD-0078,2024-08-25,defective,41.65,approved
RET-004817,ORD-020510,CUST-02887,PROD-0145,2024-08-28,changed_mind,19.46,pending
RET-004818,ORD-020512,CUST-00369,PROD-0006,2024-08-30,defective,22.52,approved
RET-004819,ORD-020513,CUST-01692,PROD-0128,2024-08-26,wrong_item,68.42,approved
RET-004820,ORD-020517,CUST-00840,PROD-0039,2024-09-09,defective,5.26,approved
RET-004821,ORD-020518,CUST-00008,PROD-0129,2024-08-29,wrong_item,35.83,approved
RET-004822,ORD-020521,CUST-01053,PROD-0060,2024-08-29,not_as_described,112.98,approved
RET-004823,ORD-020523,CUST-00707,PROD-0018,2024-08-29,changed_mind,45.01,approved
RET-004824,ORD-020524,CUST-00183,PROD-0060,2024-09-05,wrong_item,61.32,approved
RET-004825,ORD-020528,CUST-02897,PROD-0017,2024-08-25,defective,34.09,approved
RET-004826,ORD-020534,CUST-02492,PROD-0096,2024-08-28,changed_mind,29.81,approved
RET-004827,ORD-020535,CUST-00112,PROD-0118,2024-09-09,defective,57.61,approved
RET-004828,ORD-020539,CUST-02216,PROD-0048,2024-08-26,changed_mind,48.39,rejected
RET-004829,ORD-020540,CUST-00771,PROD-0116,2024-08-30,defective,25.74,rejected
RET-004830,ORD-020544,CUST-01439,PROD-0101,2024-08-26,defective,56.46,rejected
RET-004831,ORD-020558,CUST-01079,PROD-0026,2024-09-10,changed_mind,117.14,approved
RET-004832,ORD-020562,CUST-01260,PROD-0117,2024-08-27,changed_mind,22.91,approved
RET-004833,ORD-020564,CUST-01426,PROD-0074,2024-08-26,defective,50.67,rejected
RET-004834,ORD-020566,CUST-02034,PROD-0140,2024-08-30,wrong_item,10.83,approved
RET-004835,ORD-020567,CUST-00510,PROD-0028,2024-08-26,defective,267.23,approved
RET-004836,ORD-020571,CUST-01008,PROD-0017,2024-09-02,not_as_described,34.01,approved
RET-004837,ORD-020583,CUST-00278,PROD-0038,2024-09-05,not_as_described,69.58,approved
RET-004838,ORD-020588,CUST-00605,PROD-0017,2024-08-28,defective,34.18,approved
RET-004839,ORD-020589,CUST-01474,PROD-0101,2024-09-04,defective,21.11,approved
RET-004840,ORD-020602,CUST-00200,PROD-0011,2024-09-07,changed_mind,21.36,rejected
RET-004841,ORD-020619,CUST-01487,PROD-0038,2024-08-31,changed_mind,277.96,approved
RET-004842,ORD-020620,CUST-00072,PROD-0067,2024-10-04,changed_mind,76.74,approved
RET-004843,ORD-020624,CUST-02139,PROD-0146,2024-09-08,wrong_item,111.44,approved
RET-004844,ORD-020632,CUST-02064,PROD-0136,2024-09-02,defective,30.13,approved
RET-004845,ORD-020638,CUST-00878,PROD-0063,2024-08-31,changed_mind,8.15,approved
RET-004846,ORD-020639,CUST-01153,PROD-0065,2024-08-29,not_as_described,20.16,approved
RET-004847,ORD-020640,CUST-02492,PROD-0103,2024-09-10,defective,32.09,approved
RET-004848,ORD-020641,CUST-01032,PROD-0070,2024-09-20,defective,56.82,approved
RET-004849,ORD-020642,CUST-01482,PROD-0008,2024-09-17,changed_mind,49.24,approved
RET-004850,ORD-020643,CUST-01794,PROD-0097,2024-09-06,defective,88.96,approved
RET-004851,ORD-020648,CUST-00890,PROD-0099,2024-10-03,not_as_described,16.22,approved
RET-004852,ORD-020654,CUST-02893,PROD-0109,2024-09-08,defective,57.15,approved
RET-004853,ORD-020658,CUST-00986,PROD-0002,2024-09-18,changed_mind,52.98,approved
RET-004854,ORD-020659,CUST-02417,PROD-0033,2024-10-16,defective,18.43,approved
RET-004855,ORD-020663,CUST-02234,PROD-0056,2024-09-05,defective,62.51,rejected
RET-004856,ORD-020679,CUST-00379,PROD-0136,2024-09-17,changed_mind,17.23,approved
RET-004857,ORD-020680,CUST-02143,PROD-0046,2024-09-14,defective,62.22,approved
RET-004858,ORD-020682,CUST-02349,PROD-0120,2024-09-02,changed_mind,67.26,approved
RET-004859,ORD-020688,CUST-02398,PROD-0066,2024-08-31,defective,25.91,approved
RET-004860,ORD-020689,CUST-01559,PROD-0117,2024-09-02,defective,22.51,approved
RET-004861,ORD-020693,CUST-02369,PROD-0026,2024-09-17,changed_mind,61.47,approved
RET-004862,ORD-020699,CUST-02977,PROD-0048,2024-09-15,changed_mind,48.8,approved
RET-004863,ORD-020701,CUST-02671,PROD-0125,2024-09-10,defective,35.74,approved
RET-004864,ORD-020703,CUST-02065,PROD-0021,2024-09-06,changed_mind,218.13,approved
RET-004865,ORD-020705,CUST-00882,PROD-0005,2024-09-21,defective,20.65,pending
RET-004866,ORD-020709,CUST-00757,PROD-0132,2024-08-31,changed_mind,60.66,pending
RET-004867,ORD-020714,CUST-01636,PROD-0089,2024-09-09,changed_mind,11.63,approved
RET-004868,ORD-020716,CUST-02393,PROD-0120,2024-09-09,wrong_item,65.4,approved
RET-004869,ORD-020717,CUST-02559,PROD-0046,2024-09-11,defective,82.63,approved
RET-004870,ORD-020720,CUST-01491,PROD-0105,2024-09-01,defective,23.15,approved
RET-004871,ORD-020725,CUST-00738,PROD-0150,2024-09-05,wrong_item,51.23,pending
RET-004872,ORD-020729,CUST-00932,PROD-0022,2024-09-02,wrong_item,47.17,approved
RET-004873,ORD-020730,CUST-02378,PROD-0041,2024-08-31,defective,44.7,approved
RET-004874,ORD-020733,CUST-02568,PROD-0126,2024-09-13,defective,275.08,approved
RET-004875,ORD-020734,CUST-01800,PROD-0095,2024-09-12,wrong_item,40.05,approved
RET-004876,ORD-020743,CUST-00994,PROD-0033,2024-09-02,changed_mind,18.11,approved
RET-004877,ORD-020747,CUST-01784,PROD-0075,2024-09-03,changed_mind,71.78,approved
RET-004878,ORD-020748,CUST-02734,PROD-0123,2024-09-17,defective,97.98,approved
RET-004879,ORD-020750,CUST-01692,PROD-0043,2024-09-16,changed_mind,190.05,approved
RET-004880,ORD-020753,CUST-02580,PROD-0090,2024-09-06,changed_mind,24.24,approved
RET-004881,ORD-020759,CUST-02021,PROD-0013,2024-09-08,defective,77.85,approved
RET-004882,ORD-020761,CUST-00510,PROD-0033,2024-09-18,defective,17.35,approved
RET-004883,ORD-020765,CUST-02880,PROD-0139,2024-09-16,other,101.07,approved
RET-004884,ORD-020767,CUST-02237,PROD-0147,2024-09-25,defective,88.56,approved
RET-004885,ORD-020769,CUST-02015,PROD-0090,2024-09-04,changed_mind,86.48,approved
RET-004886,ORD-020772,CUST-01165,PROD-0076,2024-09-21,defective,15.18,approved
RET-004887,ORD-020775,CUST-02675,PROD-0033,2024-09-07,wrong_item,17.62,approved
RET-004888,ORD-020784,CUST-01141,PROD-0086,2024-09-14,defective,9.55,rejected
RET-004889,ORD-020789,CUST-02444,PROD-0042,2024-09-04,defective,34.04,approved
RET-004890,ORD-020794,CUST-01997,PROD-0128,2024-09-16,defective,34.31,approved
RET-004891,ORD-020802,CUST-00277,PROD-0060,2024-09-05,defective,256.2,approved
RET-004892,ORD-020812,CUST-02911,PROD-0036,2024-09-04,changed_mind,105.25,approved
RET-004893,ORD-020820,CUST-00908,PROD-0112,2024-09-07,defective,30.21,approved
RET-004894,ORD-020832,CUST-00895,PROD-0041,2024-09-15,defective,81.76,approved
RET-004895,ORD-020834,CUST-01605,PROD-0142,2024-09-22,wrong_item,19.91,approved
RET-004896,ORD-020843,CUST-00090,PROD-0079,2024-09-08,changed_mind,42.07,approved
RET-004897,ORD-020850,CUST-01632,PROD-0133,2024-09-19,not_as_described,68.56,approved
RET-004898,ORD-020856,CUST-00080,PROD-0134,2024-09-14,changed_mind,70.14,approved
RET-004899,ORD-020857,CUST-01529,PROD-0090,2024-10-04,defective,21.41,approved
RET-004900,ORD-020865,CUST-00187,PROD-0039,2024-09-18,defective,5.0,approved
RET-004901,ORD-020867,CUST-00576,PROD-0046,2024-09-26,defective,73.46,approved
RET-004902,ORD-020869,CUST-00360,PROD-0070,2024-09-06,defective,26.44,approved
RET-004903,ORD-020873,CUST-00922,PROD-0142,2024-09-08,not_as_described,80.55,approved
RET-004904,ORD-020877,CUST-01655,PROD-0064,2024-09-11,other,62.31,approved
RET-004905,ORD-020881,CUST-00090,PROD-0072,2024-09-10,defective,155.86,approved
RET-004906,ORD-020884,CUST-02421,PROD-0107,2024-09-30,other,237.56,rejected
RET-004907,ORD-020888,CUST-02885,PROD-0019,2024-09-13,changed_mind,54.15,approved
RET-004908,ORD-020907,CUST-01397,PROD-0045,2024-09-11,other,62.92,approved
RET-004909,ORD-020908,CUST-00925,PROD-0043,2024-09-29,changed_mind,62.41,pending
RET-004910,ORD-020911,CUST-00430,PROD-0026,2024-09-22,changed_mind,33.44,approved
RET-004911,ORD-020912,CUST-01510,PROD-0100,2024-09-05,changed_mind,15.22,approved
RET-004912,ORD-020924,CUST-02842,PROD-0109,2024-09-13,defective,48.66,approved
RET-004913,ORD-020928,CUST-01534,PROD-0042,2024-09-14,defective,35.39,approved
RET-004914,ORD-020934,CUST-00229,PROD-0019,2024-09-08,defective,51.7,approved
RET-004915,ORD-020937,CUST-02800,PROD-0109,2024-09-05,defective,7.67,approved
RET-004916,ORD-020940,CUST-02128,PROD-0101,2024-09-25,defective,39.98,approved
RET-004917,ORD-020946,CUST-02348,PROD-0105,2024-09-07,changed_mind,22.58,rejected
RET-004918,ORD-020960,CUST-02569,PROD-0010,2024-09-13,not_as_described,79.4,approved
RET-004919,ORD-020961,CUST-02054,PROD-0124,2024-09-07,defective,78.1,approved
RET-004920,ORD-020964,CUST-02320,PROD-0047,2024-09-14,defective,5.14,approved
RET-004921,ORD-020970,CUST-01770,PROD-0118,2024-09-13,defective,111.96,approved
RET-004922,ORD-020972,CUST-01118,PROD-0092,2024-09-11,changed_mind,51.57,approved
RET-004923,ORD-020976,CUST-02440,PROD-0110,2024-09-19,changed_mind,444.31,approved
RET-004924,ORD-020982,CUST-02950,PROD-0093,2024-09-09,wrong_item,24.02,approved
RET-004925,ORD-020983,CUST-00875,PROD-0099,2024-09-12,wrong_item,15.08,approved
RET-004926,ORD-020985,CUST-02060,PROD-0024,2024-09-22,changed_mind,47.15,approved
RET-004927,ORD-020989,CUST-02965,PROD-0101,2024-09-17,defective,39.98,approved
RET-004928,ORD-020998,CUST-01612,PROD-0110,2024-09-25,changed_mind,443.42,approved
RET-004929,ORD-020999,CUST-00273,PROD-0133,2024-09-10,defective,36.11,approved
RET-004930,ORD-021000,CUST-00826,PROD-0012,2024-09-25,changed_mind,32.14,approved
RET-004931,ORD-021004,CUST-00647,PROD-0052,2024-09-27,wrong_item,328.04,pending
RET-004932,ORD-021009,CUST-00171,PROD-0111,2024-09-18,changed_mind,44.81,approved
RET-004933,ORD-021011,CUST-02827,PROD-0101,2024-09-12,defective,19.5,approved
RET-004934,ORD-021012,CUST-01275,PROD-0052,2024-09-11,wrong_item,76.06,approved
RET-004935,ORD-021013,CUST-02386,PROD-0142,2024-09-11,wrong_item,58.62,approved
RET-004936,ORD-021016,CUST-02258,PROD-0030,2024-09-12,defective,103.86,approved
RET-004937,ORD-021017,CUST-00747,PROD-0007,2024-09-26,other,37.02,approved
RET-004938,ORD-021019,CUST-01136,PROD-0133,2024-09-11,defective,36.68,approved
RET-004939,ORD-021020,CUST-01716,PROD-0150,2024-09-23,not_as_described,16.71,approved
RET-004940,ORD-021028,CUST-02073,PROD-0087,2024-09-10,defective,27.87,pending
RET-004941,ORD-021036,CUST-00483,PROD-0074,2024-09-19,defective,48.2,approved
RET-004942,ORD-021042,CUST-02707,PROD-0008,2024-09-10,defective,34.42,rejected
RET-004943,ORD-021045,CUST-00405,PROD-0090,2024-09-10,defective,21.62,approved
RET-004944,ORD-021050,CUST-02583,PROD-0061,2024-09-11,wrong_item,28.85,approved
RET-004945,ORD-021051,CUST-02787,PROD-0108,2024-09-22,changed_mind,5.71,approved
RET-004946,ORD-021054,CUST-02327,PROD-0083,2024-09-12,changed_mind,268.76,approved
RET-004947,ORD-021064,CUST-01392,PROD-0139,2024-09-23,defective,32.98,approved
RET-004948,ORD-021080,CUST-00706,PROD-0100,2024-09-16,changed_mind,53.28,approved
RET-004949,ORD-021084,CUST-00499,PROD-0099,2024-09-17,other,45.39,approved
RET-004950,ORD-021087,CUST-02883,PROD-0111,2024-09-16,changed_mind,40.36,approved
RET-004951,ORD-021088,CUST-00868,PROD-0107,2024-09-23,defective,212.11,approved
RET-004952,ORD-021099,CUST-00787,PROD-0105,2024-09-13,defective,21.32,approved
RET-004953,ORD-021102,CUST-02526,PROD-0150,2024-09-25,wrong_item,46.33,approved
RET-004954,ORD-021110,CUST-00989,PROD-0141,2024-10-15,defective,134.65,approved
RET-004955,ORD-021121,CUST-01470,PROD-0009,2024-09-18,defective,49.8,approved
RET-004956,ORD-021123,CUST-01712,PROD-0044,2024-09-16,defective,22.64,approved
RET-004957,ORD-021128,CUST-01418,PROD-0064,2024-09-17,not_as_described,62.81,pending
RET-004958,ORD-021133,CUST-02665,PROD-0067,2024-09-16,changed_mind,77.47,approved
RET-004959,ORD-021135,CUST-02234,PROD-0046,2024-09-18,defective,75.39,approved
RET-004960,ORD-021136,CUST-00215,PROD-0105,2024-09-23,defective,20.72,approved
RET-004961,ORD-021137,CUST-01924,PROD-0103,2024-09-16,defective,35.89,approved
RET-004962,ORD-021144,CUST-02421,PROD-0012,2024-09-18,defective,31.38,approved
RET-004963,ORD-021145,CUST-00614,PROD-0079,2024-09-22,defective,38.55,approved
RET-004964,ORD-021147,CUST-01686,PROD-0082,2024-09-21,changed_mind,7.83,approved
RET-004965,ORD-021148,CUST-01772,PROD-0048,2024-09-20,wrong_item,46.88,approved
RET-004966,ORD-021154,CUST-01411,PROD-0068,2024-09-16,defective,20.26,rejected
RET-004967,ORD-021158,CUST-01286,PROD-0117,2024-09-22,defective,46.42,approved
RET-004968,ORD-021162,CUST-00817,PROD-0022,2024-09-21,changed_mind,92.96,approved
RET-004969,ORD-021165,CUST-00494,PROD-0027,2024-09-21,not_as_described,7.68,approved
RET-004970,ORD-021167,CUST-00602,PROD-0028,2024-09-21,changed_mind,479.76,approved
RET-004971,ORD-021168,CUST-01699,PROD-0017,2024-09-23,defective,33.3,approved
RET-004972,ORD-021171,CUST-01875,PROD-0078,2024-09-15,defective,36.33,approved
RET-004973,ORD-021174,CUST-02260,PROD-0148,2024-09-22,defective,129.48,approved
RET-004974,ORD-021175,CUST-02868,PROD-0138,2024-09-22,changed_mind,51.97,approved
RET-004975,ORD-021188,CUST-00671,PROD-0102,2024-09-23,defective,30.76,approved
RET-004976,ORD-021190,CUST-00746,PROD-0075,2024-09-12,changed_mind,74.48,approved
RET-004977,ORD-021193,CUST-00492,PROD-0052,2024-10-07,changed_mind,84.65,approved
RET-004978,ORD-021200,CUST-02635,PROD-0017,2024-09-23,changed_mind,70.06,approved
RET-004979,ORD-021205,CUST-02165,PROD-0063,2024-09-27,defective,7.9,approved
RET-004980,ORD-021208,CUST-02268,PROD-0126,2024-09-15,changed_mind,379.86,approved
RET-004981,ORD-021210,CUST-02480,PROD-0093,2024-09-21,changed_mind,15.6,approved
RET-004982,ORD-021228,CUST-00560,PROD-0008,2024-09-21,defective,49.33,approved
RET-004983,ORD-021230,CUST-02811,PROD-0086,2024-09-20,defective,29.01,rejected
RET-004984,ORD-021231,CUST-00366,PROD-0052,2024-09-26,wrong_item,36.95,approved
RET-004985,ORD-021232,CUST-01641,PROD-0120,2024-09-24,not_as_described,64.55,approved
RET-004986,ORD-021236,CUST-02358,PROD-0088,2024-09-24,wrong_item,37.84,approved
RET-004987,ORD-021237,CUST-02135,PROD-0102,2024-10-01,wrong_item,64.02,approved
RET-004988,ORD-021244,CUST-02349,PROD-0046,2024-10-01,defective,79.82,approved
RET-004989,ORD-021248,CUST-00787,PROD-0100,2024-09-20,wrong_item,15.48,approved
RET-004990,ORD-021249,CUST-02815,PROD-0012,2024-09-17,wrong_item,32.16,approved
RET-004991,ORD-021251,CUST-02949,PROD-0041,2024-09-27,changed_mind,80.6,approved
RET-004992,ORD-021253,CUST-01909,PROD-0039,2024-09-20,defective,20.72,approved
RET-004993,ORD-021264,CUST-01381,PROD-0069,2024-09-20,wrong_item,28.49,approved
RET-004994,ORD-021270,CUST-02158,PROD-0087,2024-09-30,defective,28.95,approved
RET-004995,ORD-021274,CUST-02973,PROD-0115,2024-09-20,changed_mind,126.16,approved
RET-004996,ORD-021277,CUST-01237,PROD-0093,2024-10-01,defective,34.89,approved
RET-004997,ORD-021281,CUST-01149,PROD-0118,2024-10-08,defective,136.37,approved
RET-004998,ORD-021283,CUST-00788,PROD-0032,2024-09-17,defective,231.51,approved
RET-004999,ORD-021284,CUST-01967,PROD-0111,2024-10-13,defective,43.57,rejected
RET-005000,ORD-021286,CUST-01091,PROD-0079,2024-09-28,defective,42.84,approved
RET-005001,ORD-021289,CUST-00292,PROD-0111,2024-09-19,defective,42.47,approved
RET-005002,ORD-021290,CUST-00618,PROD-0147,2024-09-20,changed_mind,74.23,approved
RET-005003,ORD-021293,CUST-01213,PROD-0021,2024-10-09,defective,70.94,approved
RET-005004,ORD-021298,CUST-00205,PROD-0017,2024-09-22,defective,97.11,approved
RET-005005,ORD-021307,CUST-01731,PROD-0043,2024-09-25,changed_mind,61.89,approved
RET-005006,ORD-021311,CUST-00787,PROD-0024,2024-10-03,not_as_described,49.78,approved
RET-005007,ORD-021313,CUST-01228,PROD-0032,2024-09-26,defective,67.61,approved
RET-005008,ORD-021317,CUST-02529,PROD-0064,2024-09-26,not_as_described,63.74,approved
RET-005009,ORD-021318,CUST-01974,PROD-0046,2024-10-04,defective,219.24,approved
RET-005010,ORD-021322,CUST-02169,PROD-0129,2024-09-29,changed_mind,40.48,rejected
RET-005011,ORD-021328,CUST-00456,PROD-0032,2024-10-03,defective,75.07,approved
RET-005012,ORD-021331,CUST-01963,PROD-0006,2024-09-28,defective,21.33,rejected
RET-005013,ORD-021333,CUST-02597,PROD-0046,2024-10-03,defective,78.06,approved
RET-005014,ORD-021335,CUST-02496,PROD-0111,2024-09-20,changed_mind,80.88,approved
RET-005015,ORD-021339,CUST-02396,PROD-0140,2024-09-18,wrong_item,12.18,approved
RET-005016,ORD-021353,CUST-00148,PROD-0041,2024-09-23,changed_mind,117.51,approved
RET-005017,ORD-021355,CUST-01604,PROD-0008,2024-10-31,changed_mind,101.04,approved
RET-005018,ORD-021356,CUST-02496,PROD-0150,2024-09-23,defective,107.42,rejected
RET-005019,ORD-021367,CUST-02302,PROD-0010,2024-09-19,wrong_item,71.88,approved
RET-005020,ORD-021371,CUST-02794,PROD-0133,2024-09-28,changed_mind,67.9,approved
RET-005021,ORD-021375,CUST-01928,PROD-0018,2024-10-05,defective,52.09,approved
RET-005022,ORD-021376,CUST-01373,PROD-0078,2024-09-22,defective,40.63,approved
RET-005023,ORD-021381,CUST-00400,PROD-0031,2024-09-29,wrong_item,64.8,approved
RET-005024,ORD-021395,CUST-01621,PROD-0107,2024-09-29,defective,228.73,approved
RET-005025,ORD-021398,CUST-01852,PROD-0109,2024-09-28,defective,57.78,approved
RET-005026,ORD-021399,CUST-00537,PROD-0035,2024-09-29,defective,23.99,approved
RET-005027,ORD-021404,CUST-00632,PROD-0106,2024-09-30,changed_mind,23.1,approved
RET-005028,ORD-021407,CUST-02089,PROD-0123,2024-10-13,defective,49.81,approved
RET-005029,ORD-021411,CUST-01555,PROD-0110,2024-09-21,changed_mind,393.41,rejected
RET-005030,ORD-021418,CUST-01168,PROD-0051,2024-10-02,not_as_described,42.11,approved
RET-005031,ORD-021420,CUST-02660,PROD-0036,2024-09-21,wrong_item,104.18,approved
RET-005032,ORD-021421,CUST-01535,PROD-0098,2024-09-30,changed_mind,23.5,pending
RET-005033,ORD-021425,CUST-00347,PROD-0059,2024-10-01,defective,17.84,approved
RET-005034,ORD-021426,CUST-00865,PROD-0106,2024-10-06,changed_mind,23.9,approved
RET-005035,ORD-021427,CUST-00101,PROD-0012,2024-09-22,defective,72.9,approved
RET-005036,ORD-021431,CUST-01277,PROD-0050,2024-09-27,defective,14.09,approved
RET-005037,ORD-021433,CUST-01032,PROD-0107,2024-09-24,defective,215.4,approved
RET-005038,ORD-021438,CUST-02191,PROD-0138,2024-10-11,defective,34.99,approved
RET-005039,ORD-021442,CUST-00801,PROD-0069,2024-09-30,not_as_described,15.39,approved
RET-005040,ORD-021450,CUST-01527,PROD-0052,2024-09-29,defective,55.57,approved
RET-005041,ORD-021453,CUST-02427,PROD-0150,2024-09-26,defective,107.52,approved
RET-005042,ORD-021457,CUST-02597,PROD-0126,2024-09-26,other,260.14,approved
RET-005043,ORD-021461,CUST-02309,PROD-0097,2024-10-20,changed_mind,97.16,approved
RET-005044,ORD-021462,CUST-01127,PROD-0118,2024-10-09,changed_mind,220.06,rejected
RET-005045,ORD-021471,CUST-02637,PROD-0115,2024-09-28,defective,61.99,approved
RET-005046,ORD-021474,CUST-00276,PROD-0079,2024-09-28,not_as_described,37.25,approved
RET-005047,ORD-021475,CUST-02863,PROD-0061,2024-10-08,defective,57.88,approved
RET-005048,ORD-021486,CUST-02787,PROD-0033,2024-10-22,defective,16.5,pending
RET-005049,ORD-021492,CUST-02492,PROD-0045,2024-10-06,other,62.68,approved
RET-005050,ORD-021493,CUST-02178,PROD-0013,2024-09-28,not_as_described,78.51,approved
RET-005051,ORD-021495,CUST-01248,PROD-0059,2024-09-22,defective,34.84,approved
RET-005052,ORD-021507,CUST-02099,PROD-0141,2024-09-26,not_as_described,120.81,approved
RET-005053,ORD-021508,CUST-01327,PROD-0030,2024-09-26,defective,297.39,approved
RET-005054,ORD-021518,CUST-00394,PROD-0116,2024-09-24,not_as_described,23.94,approved
RET-005055,ORD-021526,CUST-00552,PROD-0005,2024-10-02,wrong_item,9.74,approved
RET-005056,ORD-021528,CUST-00055,PROD-0089,2024-10-10,changed_mind,12.53,approved
RET-005057,ORD-021530,CUST-00673,PROD-0109,2024-10-04,defective,20.89,approved
RET-005058,ORD-021531,CUST-02136,PROD-0075,2024-09-24,changed_mind,25.5,approved
RET-005059,ORD-021533,CUST-02201,PROD-0121,2024-09-30,not_as_described,43.0,approved
RET-005060,ORD-021536,CUST-02724,PROD-0040,2024-10-04,defective,27.46,approved
RET-005061,ORD-021537,CUST-02409,PROD-0108,2024-09-26,not_as_described,16.91,approved
RET-005062,ORD-021539,CUST-02768,PROD-0026,2024-10-03,defective,64.04,rejected
RET-005063,ORD-021540,CUST-00354,PROD-0071,2024-09-28,changed_mind,43.25,approved
RET-005064,ORD-021544,CUST-01167,PROD-0030,2024-10-09,defective,407.72,approved
RET-005065,ORD-021545,CUST-01218,PROD-0118,2024-10-01,defective,111.18,approved
RET-005066,ORD-021548,CUST-02359,PROD-0145,2024-09-28,changed_mind,21.59,approved
RET-005067,ORD-021549,CUST-01972,PROD-0010,2024-10-13,not_as_described,229.56,approved
RET-005068,ORD-021550,CUST-02957,PROD-0028,2024-10-03,changed_mind,253.87,approved
RET-005069,ORD-021553,CUST-00056,PROD-0077,2024-10-12,defective,57.46,approved
RET-005070,ORD-021558,CUST-01208,PROD-0133,2024-10-20,defective,37.88,approved
RET-005071,ORD-021559,CUST-02453,PROD-0012,2024-09-26,defective,32.36,approved
RET-005072,ORD-021560,CUST-01352,PROD-0133,2024-10-07,defective,34.7,approved
RET-005073,ORD-021561,CUST-01731,PROD-0123,2024-10-01,defective,47.14,approved
RET-005074,ORD-021563,CUST-02063,PROD-0105,2024-09-26,defective,22.18,approved
RET-005075,ORD-021568,CUST-02785,PROD-0116,2024-09-24,changed_mind,24.64,approved
RET-005076,ORD-021571,CUST-01108,PROD-0124,2024-10-01,not_as_described,171.54,approved
RET-005077,ORD-021575,CUST-02757,PROD-0065,2024-10-14,not_as_described,20.85,approved
RET-005078,ORD-021578,CUST-02741,PROD-0118,2024-10-23,defective,106.35,approved
RET-005079,ORD-021580,CUST-02882,PROD-0003,2024-10-10,changed_mind,111.19,rejected
RET-005080,ORD-021581,CUST-02098,PROD-0139,2024-10-01,changed_mind,68.0,approved
RET-005081,ORD-021582,CUST-01887,PROD-0078,2024-09-30,wrong_item,44.69,approved
RET-005082,ORD-021583,CUST-00371,PROD-0109,2024-10-03,defective,20.28,approved
RET-005083,ORD-021585,CUST-02567,PROD-0047,2024-09-26,changed_mind,4.57,rejected
RET-005084,ORD-021586,CUST-00998,PROD-0123,2024-10-11,defective,46.86,approved
RET-005085,ORD-021596,CUST-01948,PROD-0016,2024-09-28,changed_mind,55.34,approved
RET-005086,ORD-021597,CUST-02244,PROD-0046,2024-10-01,defective,50.4,approved
RET-005087,ORD-021608,CUST-01899,PROD-0117,2024-10-02,defective,21.22,approved
RET-005088,ORD-021611,CUST-00187,PROD-0016,2024-09-28,changed_mind,20.06,approved
RET-005089,ORD-021612,CUST-02792,PROD-0066,2024-10-05,defective,38.11,rejected
RET-005090,ORD-021614,CUST-01855,PROD-0078,2024-09-27,changed_mind,42.6,approved
RET-005091,ORD-021615,CUST-01561,PROD-0011,2024-10-06,defective,14.42,approved
RET-005092,ORD-021621,CUST-02931,PROD-0068,2024-10-11,defective,22.42,approved
RET-005093,ORD-021622,CUST-00275,PROD-0035,2024-10-27,other,23.85,approved
RET-005094,ORD-021645,CUST-01670,PROD-0097,2024-10-13,defective,148.08,approved
RET-005095,ORD-021648,CUST-00182,PROD-0110,2024-09-29,changed_mind,341.63,approved
RET-005096,ORD-021649,CUST-01208,PROD-0077,2024-10-03,not_as_described,20.88,rejected
RET-005097,ORD-021653,CUST-01443,PROD-0016,2024-09-29,wrong_item,20.77,approved
RET-005098,ORD-021661,CUST-00667,PROD-0037,2024-10-07,wrong_item,46.93,approved
RET-005099,ORD-021669,CUST-01379,PROD-0124,2024-10-04,defective,82.7,rejected
RET-005100,ORD-021671,CUST-01623,PROD-0057,2024-10-03,wrong_item,54.9,approved
RET-005101,ORD-021680,CUST-02931,PROD-0101,2024-10-03,defective,9.95,approved
RET-005102,ORD-021687,CUST-00520,PROD-0107,2024-10-05,defective,676.53,approved
RET-005103,ORD-021688,CUST-01600,PROD-0110,2024-10-06,changed_mind,419.25,approved
RET-005104,ORD-021690,CUST-01822,PROD-0011,2024-10-15,other,11.1,approved
RET-005105,ORD-021692,CUST-00311,PROD-0006,2024-10-09,defective,67.41,approved
RET-005106,ORD-021698,CUST-02758,PROD-0139,2024-10-07,defective,33.02,approved
RET-005107,ORD-021701,CUST-01998,PROD-0100,2024-10-07,changed_mind,69.56,approved
RET-005108,ORD-021707,CUST-00807,PROD-0057,2024-10-10,not_as_described,56.1,approved
RET-005109,ORD-021720,CUST-02099,PROD-0085,2024-10-08,defective,35.76,rejected
RET-005110,ORD-021721,CUST-00389,PROD-0030,2024-10-19,defective,62.06,approved
RET-005111,ORD-021722,CUST-02210,PROD-0088,2024-10-04,defective,35.69,approved
RET-005112,ORD-021724,CUST-00329,PROD-0077,2024-09-29,defective,105.4,approved
RET-005113,ORD-021726,CUST-02385,PROD-0126,2024-10-02,changed_mind,383.01,approved
RET-005114,ORD-021734,CUST-02192,PROD-0066,2024-10-04,changed_mind,38.04,approved
RET-005115,ORD-021736,CUST-01968,PROD-0032,2024-10-06,defective,76.05,approved
RET-005116,ORD-021742,CUST-01254,PROD-0023,2024-10-04,other,252.8,approved
RET-005117,ORD-021748,CUST-01470,PROD-0046,2024-10-06,defective,302.4,pending
RET-005118,ORD-021751,CUST-02763,PROD-0052,2024-10-13,changed_mind,77.04,approved
RET-005119,ORD-021757,CUST-02088,PROD-0091,2024-10-10,changed_mind,19.23,rejected
RET-005120,ORD-021769,CUST-00590,PROD-0112,2024-10-06,changed_mind,10.09,approved
RET-005121,ORD-021774,CUST-00393,PROD-0032,2024-10-15,defective,67.14,approved
RET-005122,ORD-021775,CUST-02122,PROD-0088,2024-10-10,changed_mind,33.75,approved
RET-005123,ORD-021779,CUST-00004,PROD-0004,2024-10-06,changed_mind,98.28,approved
RET-005124,ORD-021781,CUST-02498,PROD-0126,2024-10-11,defective,131.03,rejected
RET-005125,ORD-021787,CUST-01376,PROD-0139,2024-10-12,defective,138.28,approved
RET-005126,ORD-021788,CUST-00604,PROD-0059,2024-10-03,defective,12.73,approved
RET-005127,ORD-021812,CUST-00679,PROD-0068,2024-10-02,defective,20.84,approved
RET-005128,ORD-021827,CUST-01564,PROD-0076,2024-10-02,changed_mind,28.4,approved
RET-005129,ORD-021829,CUST-00952,PROD-0095,2024-10-05,other,77.14,approved
RET-005130,ORD-021830,CUST-02735,PROD-0040,2024-10-20,defective,91.59,rejected
RET-005131,ORD-021836,CUST-00864,PROD-0131,2024-10-31,changed_mind,11.32,approved
RET-005132,ORD-021838,CUST-01748,PROD-0046,2024-10-21,defective,227.61,approved
RET-005133,ORD-021840,CUST-00532,PROD-0055,2024-10-17,changed_mind,59.25,approved
RET-005134,ORD-021841,CUST-02677,PROD-0036,2024-10-09,not_as_described,114.67,approved
RET-005135,ORD-021843,CUST-00804,PROD-0052,2024-10-25,changed_mind,84.79,approved
RET-005136,ORD-021848,CUST-00712,PROD-0118,2024-10-07,defective,107.36,approved
RET-005137,ORD-021851,CUST-02109,PROD-0062,2024-10-12,wrong_item,12.29,approved
RET-005138,ORD-021858,CUST-02781,PROD-0102,2024-10-05,other,64.16,approved
RET-005139,ORD-021860,CUST-00582,PROD-0026,2024-10-08,not_as_described,259.4,approved
RET-005140,ORD-021861,CUST-01284,PROD-0133,2024-10-16,defective,36.54,approved
RET-005141,ORD-021875,CUST-02706,PROD-0039,2024-10-07,defective,5.08,approved
RET-005142,ORD-021879,CUST-00361,PROD-0137,2024-10-06,defective,54.85,approved
RET-005143,ORD-021888,CUST-02398,PROD-0001,2024-10-08,wrong_item,49.59,approved
RET-005144,ORD-021889,CUST-02788,PROD-0036,2024-10-14,changed_mind,109.88,pending
RET-005145,ORD-021894,CUST-01436,PROD-0083,2024-10-13,defective,62.47,approved
RET-005146,ORD-021898,CUST-02363,PROD-0008,2024-10-12,wrong_item,43.98,pending
RET-005147,ORD-021900,CUST-01759,PROD-0026,2024-10-18,not_as_described,130.34,approved
RET-005148,ORD-021902,CUST-02460,PROD-0070,2024-10-09,defective,10.9,approved
RET-005149,ORD-021904,CUST-02870,PROD-0026,2024-10-17,defective,118.38,approved
RET-005150,ORD-021915,CUST-02339,PROD-0078,2024-10-08,defective,45.62,approved
RET-005151,ORD-021917,CUST-02695,PROD-0052,2024-10-12,defective,84.79,approved
RET-005152,ORD-021919,CUST-00921,PROD-0140,2024-10-08,defective,31.23,approved
RET-005153,ORD-021922,CUST-00989,PROD-0047,2024-10-13,other,5.19,approved
RET-005154,ORD-021929,CUST-00085,PROD-0015,2024-10-18,not_as_described,155.42,approved
RET-005155,ORD-021935,CUST-02027,PROD-0141,2024-10-26,other,236.14,approved
RET-005156,ORD-021942,CUST-02594,PROD-0124,2024-10-06,other,163.16,approved
RET-005157,ORD-021951,CUST-01912,PROD-0052,2024-10-07,defective,87.99,approved
RET-005158,ORD-021953,CUST-01907,PROD-0042,2024-10-14,changed_mind,39.17,approved
RET-005159,ORD-021954,CUST-02077,PROD-0003,2024-10-15,changed_mind,118.89,approved
RET-005160,ORD-021963,CUST-00786,PROD-0132,2024-10-25,defective,84.03,rejected
RET-005161,ORD-021964,CUST-02589,PROD-0113,2024-10-21,changed_mind,167.49,approved
RET-005162,ORD-021969,CUST-00660,PROD-0064,2024-10-11,not_as_described,63.89,approved
RET-005163,ORD-021972,CUST-02268,PROD-0150,2024-10-11,wrong_item,52.35,approved
RET-005164,ORD-021973,CUST-00256,PROD-0017,2024-10-07,defective,33.81,approved
RET-005165,ORD-021974,CUST-00809,PROD-0053,2024-10-14,defective,65.66,approved
RET-005166,ORD-021979,CUST-02956,PROD-0077,2024-10-16,changed_mind,86.01,approved
RET-005167,ORD-021980,CUST-00277,PROD-0017,2024-10-16,defective,34.99,approved
RET-005168,ORD-021981,CUST-01462,PROD-0074,2024-10-16,defective,45.33,approved
RET-005169,ORD-021988,CUST-02182,PROD-0029,2024-10-08,defective,17.87,approved
RET-005170,ORD-021992,CUST-02639,PROD-0150,2024-10-16,changed_mind,101.4,approved
RET-005171,ORD-021994,CUST-01339,PROD-0087,2024-10-11,defective,26.25,approved
RET-005172,ORD-022009,CUST-01250,PROD-0028,2024-10-15,defective,228.87,rejected
RET-005173,ORD-022012,CUST-01282,PROD-0030,2024-10-16,defective,94.62,approved
RET-005174,ORD-022013,CUST-00308,PROD-0128,2024-10-23,wrong_item,35.4,approved
RET-005175,ORD-022014,CUST-02240,PROD-0063,2024-10-24,changed_mind,23.37,approved
RET-005176,ORD-022015,CUST-02300,PROD-0023,2024-10-21,other,125.05,approved
RET-005177,ORD-022019,CUST-01186,PROD-0110,2024-10-11,changed_mind,422.49,approved
RET-005178,ORD-022023,CUST-01899,PROD-0056,2024-10-16,other,57.84,approved
RET-005179,ORD-022026,CUST-02053,PROD-0118,2024-10-18,defective,103.51,approved
RET-005180,ORD-022027,CUST-00318,PROD-0139,2024-10-26,defective,65.2,approved
RET-005181,ORD-022034,CUST-01131,PROD-0101,2024-10-11,not_as_described,19.93,approved
RET-005182,ORD-022038,CUST-01969,PROD-0124,2024-10-10,not_as_described,84.52,approved
RET-005183,ORD-022040,CUST-02271,PROD-0031,2024-10-28,other,32.06,approved
RET-005184,ORD-022043,CUST-00394,PROD-0112,2024-10-12,defective,32.13,approved
RET-005185,ORD-022044,CUST-01103,PROD-0136,2024-10-15,changed_mind,65.3,approved
RET-005186,ORD-022046,CUST-00604,PROD-0033,2024-10-14,defective,18.43,rejected
RET-005187,ORD-022049,CUST-01363,PROD-0033,2024-10-14,wrong_item,18.5,approved
RET-005188,ORD-022050,CUST-02620,PROD-0052,2024-10-15,changed_mind,84.98,pending
RET-005189,ORD-022053,CUST-02374,PROD-0053,2024-10-11,changed_mind,67.14,approved
RET-005190,ORD-022055,CUST-02921,PROD-0080,2024-10-24,changed_mind,47.07,approved
RET-005191,ORD-022056,CUST-01996,PROD-0018,2024-10-21,defective,45.5,pending
RET-005192,ORD-022059,CUST-02798,PROD-0138,2024-10-11,not_as_described,51.9,approved
RET-005193,ORD-022063,CUST-00239,PROD-0007,2024-10-13,changed_mind,12.02,approved
RET-005194,ORD-022064,CUST-02636,PROD-0084,2024-10-21,defective,163.84,approved
RET-005195,ORD-022075,CUST-00437,PROD-0125,2024-10-20,defective,100.26,approved
RET-005196,ORD-022079,CUST-00110,PROD-0118,2024-10-20,defective,204.5,approved
RET-005197,ORD-022083,CUST-02500,PROD-0118,2024-10-10,defective,234.58,approved
RET-005198,ORD-022086,CUST-00864,PROD-0145,2024-10-27,changed_mind,19.08,approved
RET-005199,ORD-022094,CUST-02374,PROD-0107,2024-10-11,defective,219.18,approved
RET-005200,ORD-022103,CUST-01867,PROD-0111,2024-10-30,not_as_described,30.05,approved
RET-005201,ORD-022109,CUST-00732,PROD-0145,2024-10-23,not_as_described,21.71,approved
RET-005202,ORD-022115,CUST-02352,PROD-0087,2024-10-20,defective,26.31,approved
RET-005203,ORD-022117,CUST-00753,PROD-0052,2024-10-19,defective,81.84,approved
RET-005204,ORD-022119,CUST-00119,PROD-0139,2024-10-16,defective,110.4,approved
RET-005205,ORD-022122,CUST-01191,PROD-0010,2024-10-16,changed_mind,141.14,approved
RET-005206,ORD-022123,CUST-01828,PROD-0030,2024-10-15,changed_mind,190.98,approved
RET-005207,ORD-022127,CUST-01958,PROD-0125,2024-10-22,defective,36.68,approved
RET-005208,ORD-022132,CUST-02964,PROD-0028,2024-10-16,changed_mind,252.6,approved
RET-005209,ORD-022149,CUST-01472,PROD-0011,2024-10-17,changed_mind,11.69,approved
RET-005210,ORD-022156,CUST-02914,PROD-0045,2024-10-16,not_as_described,33.41,approved
RET-005211,ORD-022157,CUST-02449,PROD-0073,2024-10-17,not_as_described,10.53,approved
RET-005212,ORD-022158,CUST-01689,PROD-0051,2024-10-15,changed_mind,39.81,approved
RET-005213,ORD-022164,CUST-01603,PROD-0051,2024-11-04,changed_mind,123.03,approved
RET-005214,ORD-022168,CUST-01765,PROD-0006,2024-10-19,defective,42.3,approved
RET-005215,ORD-022171,CUST-01558,PROD-0033,2024-10-24,defective,56.94,approved
RET-005216,ORD-022174,CUST-00578,PROD-0081,2024-10-19,not_as_described,48.24,approved
RET-005217,ORD-022176,CUST-01487,PROD-0101,2024-10-24,changed_mind,37.1,approved
RET-005218,ORD-022181,CUST-01122,PROD-0114,2024-10-15,changed_mind,14.57,approved
RET-005219,ORD-022186,CUST-01580,PROD-0054,2024-10-16,changed_mind,117.12,approved
RET-005220,ORD-022188,CUST-02342,PROD-0023,2024-10-14,changed_mind,379.38,approved
RET-005221,ORD-022190,CUST-02554,PROD-0150,2024-11-04,defective,51.23,approved
RET-005222,ORD-022192,CUST-02637,PROD-0059,2024-10-16,defective,19.91,approved
RET-005223,ORD-022197,CUST-01597,PROD-0125,2024-10-22,defective,34.61,rejected
RET-005224,ORD-022201,CUST-02979,PROD-0123,2024-10-28,defective,145.11,approved
RET-005225,ORD-022204,CUST-01828,PROD-0011,2024-10-16,not_as_described,10.14,approved
RET-005226,ORD-022209,CUST-00827,PROD-0042,2024-11-07,changed_mind,39.45,pending
RET-005227,ORD-022214,CUST-01877,PROD-0119,2024-10-26,other,36.16,approved
RET-005228,ORD-022216,CUST-02453,PROD-0145,2024-10-20,other,19.93,approved
RET-005229,ORD-022219,CUST-02504,PROD-0112,2024-10-17,not_as_described,10.33,approved
RET-005230,ORD-022222,CUST-00211,PROD-0056,2024-10-16,defective,114.94,approved
RET-005231,ORD-022224,CUST-01174,PROD-0084,2024-10-24,wrong_item,72.08,approved
RET-005232,ORD-022228,CUST-02303,PROD-0095,2024-10-20,defective,83.14,approved
RET-005233,ORD-022230,CUST-02015,PROD-0048,2024-10-15,defective,51.29,approved
RET-005234,ORD-022232,CUST-02617,PROD-0030,2024-11-02,wrong_item,101.33,approved
RET-005235,ORD-022233,CUST-00783,PROD-0017,2024-10-17,defective,69.12,approved
RET-005236,ORD-022238,CUST-01513,PROD-0087,2024-10-27,defective,27.31,approved
RET-005237,ORD-022242,CUST-00182,PROD-0054,2024-10-22,changed_mind,88.17,approved
RET-005238,ORD-022253,CUST-02832,PROD-0111,2024-10-23,changed_mind,41.62,approved
RET-005239,ORD-022254,CUST-00222,PROD-0052,2024-11-29,defective,86.93,approved
RET-005240,ORD-022257,CUST-02796,PROD-0136,2024-11-04,defective,29.07,approved
RET-005241,ORD-022259,CUST-01525,PROD-0070,2024-10-27,defective,25.94,pending
RET-005242,ORD-022263,CUST-01443,PROD-0072,2024-10-25,changed_mind,84.32,approved
RET-005243,ORD-022277,CUST-01536,PROD-0015,2024-10-24,not_as_described,431.82,rejected
RET-005244,ORD-022287,CUST-01101,PROD-0066,2024-10-30,changed_mind,42.72,rejected
RET-005245,ORD-022292,CUST-02681,PROD-0106,2024-10-18,defective,22.94,approved
RET-005246,ORD-022297,CUST-01847,PROD-0088,2024-10-22,other,72.68,approved
RET-005247,ORD-022306,CUST-01419,PROD-0041,2024-11-01,defective,45.26,approved
RET-005248,ORD-022307,CUST-00180,PROD-0033,2024-10-18,defective,34.94,approved
RET-005249,ORD-022308,CUST-02861,PROD-0078,2024-10-24,other,41.74,approved
RET-005250,ORD-022313,CUST-02478,PROD-0028,2024-10-20,defective,265.11,rejected
RET-005251,ORD-022317,CUST-01993,PROD-0033,2024-10-18,defective,18.46,approved
RET-005252,ORD-022324,CUST-01873,PROD-0030,2024-10-30,defective,100.25,approved
RET-005253,ORD-022326,CUST-00497,PROD-0010,2024-10-26,wrong_item,75.35,approved
RET-005254,ORD-022330,CUST-01990,PROD-0025,2024-10-26,changed_mind,289.46,approved
RET-005255,ORD-022331,CUST-02679,PROD-0124,2024-10-24,defective,155.68,approved
RET-005256,ORD-022335,CUST-02687,PROD-0059,2024-10-22,defective,17.76,rejected
RET-005257,ORD-022341,CUST-00067,PROD-0068,2024-10-23,defective,23.22,approved
RET-005258,ORD-022342,CUST-01121,PROD-0131,2024-10-31,changed_mind,10.91,approved
RET-005259,ORD-022356,CUST-02140,PROD-0017,2024-10-25,defective,17.9,approved
RET-005260,ORD-022358,CUST-00488,PROD-0106,2024-10-21,defective,24.98,approved
RET-005261,ORD-022364,CUST-00604,PROD-0039,2024-10-22,defective,5.28,approved
RET-005262,ORD-022365,CUST-02416,PROD-0131,2024-10-18,defective,9.6,approved
RET-005263,ORD-022366,CUST-00185,PROD-0118,2024-10-29,defective,225.3,approved
RET-005264,ORD-022375,CUST-01775,PROD-0064,2024-10-30,changed_mind,63.73,approved
RET-005265,ORD-022378,CUST-00456,PROD-0097,2024-11-04,other,49.14,approved
RET-005266,ORD-022384,CUST-02606,PROD-0098,2024-10-21,changed_mind,18.09,approved
RET-005267,ORD-022394,CUST-00814,PROD-0049,2024-10-20,changed_mind,23.7,pending
RET-005268,ORD-022396,CUST-01961,PROD-0036,2024-10-19,defective,39.03,approved
RET-005269,ORD-022400,CUST-00617,PROD-0093,2024-10-21,defective,99.06,approved
RET-005270,ORD-022406,CUST-02522,PROD-0115,2024-10-25,changed_mind,25.33,pending
RET-005271,ORD-022407,CUST-00841,PROD-0006,2024-10-28,defective,64.14,approved
RET-005272,ORD-022409,CUST-01488,PROD-0048,2024-10-20,defective,51.32,approved
RET-005273,ORD-022416,CUST-00709,PROD-0046,2024-10-24,defective,82.13,approved
RET-005274,ORD-022417,CUST-01947,PROD-0003,2024-11-15,wrong_item,118.76,approved
RET-005275,ORD-022419,CUST-00804,PROD-0138,2024-11-12,defective,99.28,approved
RET-005276,ORD-022420,CUST-02668,PROD-0087,2024-11-02,changed_mind,51.56,approved
RET-005277,ORD-022421,CUST-02103,PROD-0137,2024-11-04,not_as_described,54.32,rejected
RET-005278,ORD-022427,CUST-01386,PROD-0146,2024-11-09,changed_mind,122.24,approved
RET-005279,ORD-022430,CUST-01998,PROD-0032,2024-10-26,defective,143.4,approved
RET-005280,ORD-022432,CUST-00210,PROD-0132,2024-10-26,not_as_described,28.24,approved
RET-005281,ORD-022439,CUST-00638,PROD-0044,2024-11-11,other,24.14,approved
RET-005282,ORD-022445,CUST-01583,PROD-0007,2024-10-22,changed_mind,11.72,approved
RET-005283,ORD-022446,CUST-01055,PROD-0059,2024-10-31,changed_mind,35.4,approved
RET-005284,ORD-022452,CUST-02309,PROD-0065,2024-10-30,defective,37.76,approved
RET-005285,ORD-022453,CUST-02137,PROD-0146,2024-10-27,other,113.07,approved
RET-005286,ORD-022455,CUST-00691,PROD-0046,2024-10-29,defective,77.73,approved
RET-005287,ORD-022458,CUST-01184,PROD-0054,2024-10-25,changed_mind,9.28,approved
RET-005288,ORD-022467,CUST-02913,PROD-0043,2024-10-23,changed_mind,66.18,approved
RET-005289,ORD-022469,CUST-02360,PROD-0012,2024-11-02,defective,62.86,approved
RET-005290,ORD-022475,CUST-01400,PROD-0050,2024-10-31,defective,62.24,approved
RET-005291,ORD-022476,CUST-02555,PROD-0053,2024-11-10,not_as_described,73.83,approved
RET-005292,ORD-022478,CUST-02219,PROD-0110,2024-11-14,changed_mind,1787.4,approved
RET-005293,ORD-022482,CUST-02540,PROD-0107,2024-10-27,changed_mind,221.25,approved
RET-005294,ORD-022483,CUST-02202,PROD-0048,2024-10-23,changed_mind,46.91,approved
RET-005295,ORD-022495,CUST-01568,PROD-0121,2024-11-06,changed_mind,81.12,approved
RET-005296,ORD-022497,CUST-01948,PROD-0075,2024-10-29,changed_mind,73.06,approved
RET-005297,ORD-022498,CUST-01281,PROD-0010,2024-11-05,changed_mind,71.75,approved
RET-005298,ORD-022499,CUST-00745,PROD-0054,2024-10-26,changed_mind,27.77,approved
RET-005299,ORD-022505,CUST-01495,PROD-0057,2024-11-02,changed_mind,27.93,approved
RET-005300,ORD-022509,CUST-00508,PROD-0128,2024-10-28,changed_mind,67.7,approved
RET-005301,ORD-022513,CUST-02845,PROD-0076,2024-11-03,defective,28.31,approved
RET-005302,ORD-022517,CUST-00888,PROD-0053,2024-10-28,defective,133.96,approved
RET-005303,ORD-022521,CUST-02778,PROD-0122,2024-11-01,defective,20.3,approved
RET-005304,ORD-022526,CUST-01773,PROD-0004,2024-11-01,defective,27.02,approved
RET-005305,ORD-022536,CUST-01847,PROD-0019,2024-10-30,defective,56.86,approved
RET-005306,ORD-022538,CUST-01493,PROD-0095,2024-10-30,not_as_described,78.08,approved
RET-005307,ORD-022540,CUST-00718,PROD-0086,2024-10-31,defective,6.99,approved
RET-005308,ORD-022546,CUST-01706,PROD-0036,2024-10-29,other,220.56,approved
RET-005309,ORD-022554,CUST-02415,PROD-0026,2024-11-08,defective,66.82,approved
RET-005310,ORD-022567,CUST-02951,PROD-0099,2024-11-06,changed_mind,15.02,approved
RET-005311,ORD-022568,CUST-00047,PROD-0038,2024-10-25,changed_mind,132.9,approved
RET-005312,ORD-022569,CUST-01192,PROD-0004,2024-10-29,changed_mind,34.97,approved
RET-005313,ORD-022570,CUST-00292,PROD-0009,2024-11-01,not_as_described,29.84,approved
RET-005314,ORD-022575,CUST-02896,PROD-0043,2024-10-30,wrong_item,53.87,approved
RET-005315,ORD-022580,CUST-02404,PROD-0074,2024-11-02,wrong_item,146.1,approved
RET-005316,ORD-022582,CUST-00349,PROD-0150,2024-11-01,defective,50.47,approved
RET-005317,ORD-022589,CUST-00602,PROD-0052,2024-11-06,defective,87.42,approved
RET-005318,ORD-022590,CUST-00288,PROD-0081,2024-11-20,defective,31.53,rejected
RET-005319,ORD-022592,CUST-00032,PROD-0150,2024-11-02,defective,195.76,approved
RET-005320,ORD-022594,CUST-00057,PROD-0103,2024-11-03,not_as_described,36.75,approved
RET-005321,ORD-022595,CUST-02413,PROD-0069,2024-11-02,wrong_item,38.74,approved
RET-005322,ORD-022600,CUST-01184,PROD-0003,2024-11-16,changed_mind,366.39,approved
RET-005323,ORD-022603,CUST-01378,PROD-0150,2024-10-29,changed_mind,51.15,approved
RET-005324,ORD-022606,CUST-00575,PROD-0002,2024-11-04,defective,28.22,approved
RET-005325,ORD-022607,CUST-00717,PROD-0124,2024-11-02,changed_mind,83.36,approved
RET-005326,ORD-022608,CUST-01497,PROD-0032,2024-11-10,defective,70.01,approved
RET-005327,ORD-022610,CUST-01177,PROD-0053,2024-11-07,defective,65.54,approved
RET-005328,ORD-022612,CUST-02969,PROD-0043,2024-10-30,defective,62.41,approved
RET-005329,ORD-022614,CUST-00137,PROD-0005,2024-11-02,changed_mind,20.46,approved
RET-005330,ORD-022616,CUST-00162,PROD-0043,2024-11-09,changed_mind,64.56,approved
RET-005331,ORD-022619,CUST-01398,PROD-0066,2024-12-04,not_as_described,39.3,approved
RET-005332,ORD-022622,CUST-00552,PROD-0050,2024-11-07,not_as_described,14.99,approved
RET-005333,ORD-022627,CUST-00464,PROD-0099,2024-11-02,defective,22.62,approved
RET-005334,ORD-022629,CUST-02025,PROD-0121,2024-11-11,wrong_item,45.43,approved
RET-005335,ORD-022630,CUST-00024,PROD-0001,2024-11-02,wrong_item,46.58,approved
RET-005336,ORD-022631,CUST-02835,PROD-0101,2024-10-31,changed_mind,20.74,approved
RET-005337,ORD-022632,CUST-00783,PROD-0150,2024-11-07,defective,46.26,rejected
RET-005338,ORD-022639,CUST-01688,PROD-0052,2024-11-10,defective,45.51,approved
RET-005339,ORD-022648,CUST-01668,PROD-0050,2024-11-04,changed_mind,11.21,approved
RET-005340,ORD-022650,CUST-02098,PROD-0051,2024-11-10,not_as_described,39.29,approved
RET-005341,ORD-022654,CUST-02761,PROD-0130,2024-10-27,not_as_described,36.69,approved
RET-005342,ORD-022658,CUST-02070,PROD-0062,2024-11-09,not_as_described,40.29,approved
RET-005343,ORD-022664,CUST-01797,PROD-0012,2024-11-13,defective,65.1,rejected
RET-005344,ORD-022667,CUST-02660,PROD-0107,2024-11-01,defective,222.26,approved
RET-005345,ORD-022678,CUST-02354,PROD-0052,2024-11-16,defective,79.86,rejected
RET-005346,ORD-022682,CUST-01332,PROD-0130,2024-10-28,not_as_described,34.65,approved
RET-005347,ORD-022683,CUST-02572,PROD-0039,2024-11-06,defective,10.84,approved
RET-005348,ORD-022688,CUST-02400,PROD-0023,2024-11-15,changed_mind,123.18,approved
RET-005349,ORD-022690,CUST-00367,PROD-0039,2024-11-19,defective,5.36,approved
RET-005350,ORD-022695,CUST-01903,PROD-0008,2024-11-12,changed_mind,81.74,approved
RET-005351,ORD-022696,CUST-01048,PROD-0026,2024-11-29,wrong_item,58.98,approved
RET-005352,ORD-022697,CUST-00114,PROD-0121,2024-10-28,wrong_item,42.21,rejected
RET-005353,ORD-022703,CUST-01191,PROD-0067,2024-11-04,changed_mind,92.59,approved
RET-005354,ORD-022707,CUST-01879,PROD-0033,2024-11-04,defective,13.67,approved
RET-005355,ORD-022714,CUST-01689,PROD-0137,2024-11-06,defective,21.84,approved
RET-005356,ORD-022717,CUST-00320,PROD-0055,2024-11-05,other,120.3,rejected
RET-005357,ORD-022733,CUST-00489,PROD-0116,2024-11-04,defective,49.46,approved
RET-005358,ORD-022739,CUST-01845,PROD-0112,2024-11-10,defective,20.9,approved
RET-005359,ORD-022742,CUST-00090,PROD-0126,2024-11-02,defective,125.42,approved
RET-005360,ORD-022748,CUST-02648,PROD-0010,2024-11-04,changed_mind,78.19,approved
RET-005361,ORD-022750,CUST-02620,PROD-0146,2024-11-02,changed_mind,109.41,approved
RET-005362,ORD-022755,CUST-02120,PROD-0036,2024-11-01,not_as_described,231.7,approved
RET-005363,ORD-022756,CUST-01498,PROD-0125,2024-11-13,defective,34.61,approved
RET-005364,ORD-022762,CUST-00763,PROD-0083,2024-11-04,changed_mind,53.13,approved
RET-005365,ORD-022765,CUST-01583,PROD-0015,2024-11-05,defective,144.17,approved
RET-005366,ORD-022767,CUST-00004,PROD-0139,2024-11-22,defective,36.45,approved
RET-005367,ORD-022769,CUST-00648,PROD-0107,2024-11-03,not_as_described,215.31,approved
RET-005368,ORD-022782,CUST-01080,PROD-0139,2024-11-27,changed_mind,65.6,approved
RET-005369,ORD-022786,CUST-01360,PROD-0049,2024-11-01,changed_mind,22.66,approved
RET-005370,ORD-022796,CUST-02450,PROD-0057,2024-11-15,changed_mind,30.07,approved
RET-005371,ORD-022801,CUST-01027,PROD-0124,2024-11-26,changed_mind,173.8,approved
RET-005372,ORD-022812,CUST-01339,PROD-0138,2024-11-13,wrong_item,54.22,pending
RET-005373,ORD-022831,CUST-00323,PROD-0068,2024-11-29,defective,10.77,approved
RET-005374,ORD-022832,CUST-02841,PROD-0112,2024-11-05,changed_mind,9.76,rejected
RET-005375,ORD-022837,CUST-02924,PROD-0099,2024-11-04,not_as_described,16.97,approved
RET-005376,ORD-022839,CUST-02002,PROD-0025,2024-11-16,changed_mind,149.34,approved
RET-005377,ORD-022841,CUST-01003,PROD-0142,2024-11-12,not_as_described,29.31,approved
RET-005378,ORD-022852,CUST-01758,PROD-0139,2024-11-06,defective,34.15,approved
RET-005379,ORD-022855,CUST-02573,PROD-0117,2024-11-10,defective,19.92,rejected
RET-005380,ORD-022857,CUST-00656,PROD-0017,2024-11-11,defective,36.84,rejected
RET-005381,ORD-022860,CUST-00772,PROD-0017,2024-11-04,defective,32.93,approved
RET-005382,ORD-022864,CUST-02132,PROD-0019,2024-11-08,wrong_item,59.08,approved
RET-005383,ORD-022867,CUST-01154,PROD-0074,2024-11-09,defective,97.86,approved
RET-005384,ORD-022876,CUST-02058,PROD-0090,2024-11-26,defective,93.96,approved
RET-005385,ORD-022877,CUST-01652,PROD-0129,2024-11-09,not_as_described,72.84,approved
RET-005386,ORD-022885,CUST-00943,PROD-0118,2024-11-07,defective,102.61,approved
RET-005387,ORD-022887,CUST-02604,PROD-0098,2024-11-12,changed_mind,70.74,approved
RET-005388,ORD-022893,CUST-00559,PROD-0092,2024-11-05,wrong_item,50.8,approved
RET-005389,ORD-022894,CUST-01024,PROD-0137,2024-11-04,wrong_item,160.41,pending
RET-005390,ORD-022914,CUST-01732,PROD-0084,2024-11-06,wrong_item,153.8,approved
RET-005391,ORD-022922,CUST-01002,PROD-0022,2024-11-25,defective,45.55,approved
RET-005392,ORD-022924,CUST-01401,PROD-0076,2024-11-17,defective,24.61,rejected
RET-005393,ORD-022926,CUST-00399,PROD-0021,2024-11-24,defective,63.45,approved
RET-005394,ORD-022934,CUST-02935,PROD-0073,2024-11-07,other,11.2,approved
RET-005395,ORD-022936,CUST-00773,PROD-0021,2024-11-05,defective,198.84,approved
RET-005396,ORD-022938,CUST-02620,PROD-0042,2024-11-13,changed_mind,71.18,approved
RET-005397,ORD-022941,CUST-00654,PROD-0150,2024-11-26,defective,101.84,approved
RET-005398,ORD-022943,CUST-01748,PROD-0028,2024-11-08,defective,250.17,approved
RET-005399,ORD-022947,CUST-02185,PROD-0108,2024-11-06,changed_mind,15.34,approved
RET-005400,ORD-022948,CUST-01241,PROD-0120,2024-11-19,other,66.63,approved
RET-005401,ORD-022949,CUST-02882,PROD-0130,2024-11-16,not_as_described,32.88,rejected
RET-005402,ORD-022951,CUST-00387,PROD-0053,2024-11-16,defective,30.16,rejected
RET-005403,ORD-022955,CUST-01226,PROD-0031,2024-11-17,changed_mind,32.15,rejected
RET-005404,ORD-022958,CUST-01389,PROD-0077,2024-11-14,defective,46.55,approved
RET-005405,ORD-022960,CUST-00656,PROD-0025,2024-11-14,not_as_described,461.37,approved
RET-005406,ORD-022961,CUST-01280,PROD-0149,2024-11-15,changed_mind,29.45,approved
RET-005407,ORD-022966,CUST-02008,PROD-0026,2024-11-09,changed_mind,61.75,approved
RET-005408,ORD-022981,CUST-00265,PROD-0048,2024-11-10,wrong_item,52.45,approved
RET-005409,ORD-022983,CUST-02251,PROD-0023,2024-11-07,not_as_described,118.76,approved
RET-005410,ORD-022986,CUST-00252,PROD-0074,2024-11-17,other,143.07,approved
RET-005411,ORD-022987,CUST-01571,PROD-0129,2024-11-18,wrong_item,116.37,approved
RET-005412,ORD-022990,CUST-01793,PROD-0001,2024-11-17,not_as_described,44.87,approved
RET-005413,ORD-022991,CUST-00273,PROD-0010,2024-11-13,not_as_described,79.02,approved
RET-005414,ORD-022993,CUST-02940,PROD-0038,2024-11-20,other,63.39,approved
RET-005415,ORD-022994,CUST-02178,PROD-0023,2024-11-17,changed_mind,119.33,rejected
RET-005416,ORD-022997,CUST-00608,PROD-0066,2024-11-26,defective,40.7,approved
RET-005417,ORD-023002,CUST-00783,PROD-0070,2024-11-08,defective,25.2,approved
RET-005418,ORD-023003,CUST-02013,PROD-0107,2024-11-20,defective,81.11,approved
RET-005419,ORD-023004,CUST-00616,PROD-0044,2024-11-26,defective,46.36,approved
RET-005420,ORD-023022,CUST-00374,PROD-0061,2024-11-10,defective,58.72,approved
RET-005421,ORD-023030,CUST-01707,PROD-0083,2024-11-17,defective,68.65,approved
RET-005422,ORD-023036,CUST-00682,PROD-0074,2024-11-14,wrong_item,46.3,approved
RET-005423,ORD-023046,CUST-01975,PROD-0093,2024-11-10,not_as_described,35.91,pending
RET-005424,ORD-023048,CUST-00386,PROD-0048,2024-11-17,defective,52.63,rejected
RET-005425,ORD-023051,CUST-00512,PROD-0037,2024-11-13,changed_mind,38.71,rejected
RET-005426,ORD-023053,CUST-00114,PROD-0117,2024-11-15,defective,22.78,approved
RET-005427,ORD-023065,CUST-01181,PROD-0133,2024-11-26,other,38.59,approved
RET-005428,ORD-023070,CUST-02161,PROD-0147,2024-11-13,changed_mind,165.58,approved
RET-005429,ORD-023075,CUST-01907,PROD-0075,2024-11-16,not_as_described,68.27,approved
RET-005430,ORD-023080,CUST-01958,PROD-0109,2024-11-12,changed_mind,20.01,approved
RET-005431,ORD-023083,CUST-00825,PROD-0069,2024-11-27,changed_mind,28.85,approved
RET-005432,ORD-023089,CUST-02287,PROD-0068,2024-11-11,defective,10.5,approved
RET-005433,ORD-023094,CUST-00502,PROD-0044,2024-11-17,defective,23.81,approved
RET-005434,ORD-023095,CUST-01400,PROD-0036,2024-11-16,defective,115.13,approved
RET-005435,ORD-023099,CUST-01158,PROD-0060,2024-12-04,not_as_described,62.57,approved
RET-005436,ORD-023100,CUST-01456,PROD-0107,2024-11-20,defective,223.95,approved
RET-005437,ORD-023101,CUST-00855,PROD-0146,2024-11-17,other,106.77,approved
RET-005438,ORD-023102,CUST-00316,PROD-0100,2024-12-05,wrong_item,17.19,rejected
RET-005439,ORD-023103,CUST-00256,PROD-0093,2024-11-15,changed_mind,36.73,approved
RET-005440,ORD-023104,CUST-02394,PROD-0072,2024-11-12,not_as_described,85.34,approved
RET-005441,ORD-023105,CUST-00395,PROD-0061,2024-11-16,not_as_described,127.64,approved
RET-005442,ORD-023107,CUST-02287,PROD-0040,2024-11-14,other,27.28,approved
RET-005443,ORD-023112,CUST-01055,PROD-0013,2024-11-20,changed_mind,31.65,approved
RET-005444,ORD-023114,CUST-00342,PROD-0024,2024-11-19,wrong_item,48.95,approved
RET-005445,ORD-023116,CUST-01653,PROD-0109,2024-11-10,defective,18.7,approved
RET-005446,ORD-023119,CUST-02487,PROD-0109,2024-11-14,defective,20.26,approved
RET-005447,ORD-023121,CUST-01249,PROD-0055,2024-12-16,wrong_item,61.19,approved
RET-005448,ORD-023122,CUST-01249,PROD-0050,2024-11-11,defective,13.72,approved
RET-005449,ORD-023123,CUST-02978,PROD-0126,2024-11-15,wrong_item,174.54,approved
RET-005450,ORD-023124,CUST-01889,PROD-0092,2024-11-23,wrong_item,50.05,approved
RET-005451,ORD-023125,CUST-01641,PROD-0010,2024-11-23,changed_mind,229.02,approved
RET-005452,ORD-023128,CUST-00760,PROD-0086,2024-11-14,changed_mind,9.15,approved
RET-005453,ORD-023131,CUST-01532,PROD-0037,2024-11-26,changed_mind,44.11,approved
RET-005454,ORD-023133,CUST-02985,PROD-0107,2024-11-19,defective,177.69,approved
RET-005455,ORD-023135,CUST-00488,PROD-0099,2024-12-03,changed_mind,51.0,approved
RET-005456,ORD-023136,CUST-02257,PROD-0142,2024-11-26,not_as_described,27.31,approved
RET-005457,ORD-023137,CUST-01800,PROD-0141,2024-11-11,changed_mind,125.65,approved
RET-005458,ORD-023138,CUST-00526,PROD-0027,2024-11-26,changed_mind,6.94,approved
RET-005459,ORD-023140,CUST-02803,PROD-0017,2024-11-15,defective,36.63,approved
RET-005460,ORD-023141,CUST-00318,PROD-0071,2024-11-22,defective,44.37,approved
RET-005461,ORD-023146,CUST-02209,PROD-0115,2024-11-22,changed_mind,123.4,approved
RET-005462,ORD-023147,CUST-01432,PROD-0148,2024-11-15,defective,43.18,approved
RET-005463,ORD-023153,CUST-01110,PROD-0084,2024-11-23,changed_mind,79.06,approved
RET-005464,ORD-023156,CUST-01280,PROD-0042,2024-11-23,wrong_item,33.93,pending
RET-005465,ORD-023161,CUST-00757,PROD-0070,2024-11-18,changed_mind,26.98,approved
RET-005466,ORD-023163,CUST-02896,PROD-0112,2024-11-11,defective,7.19,approved
RET-005467,ORD-023165,CUST-01178,PROD-0093,2024-12-02,changed_mind,34.64,approved
RET-005468,ORD-023170,CUST-02845,PROD-0145,2024-11-22,other,40.82,approved
RET-005469,ORD-023171,CUST-01704,PROD-0103,2024-11-29,defective,33.24,approved
RET-005470,ORD-023174,CUST-00683,PROD-0069,2024-11-17,other,29.85,approved
RET-005471,ORD-023177,CUST-01404,PROD-0099,2024-11-17,changed_mind,14.86,approved
RET-005472,ORD-023178,CUST-01307,PROD-0085,2024-11-14,not_as_described,75.74,approved
RET-005473,ORD-023179,CUST-01158,PROD-0110,2024-11-13,changed_mind,444.53,approved
RET-005474,ORD-023184,CUST-01346,PROD-0139,2024-11-30,defective,13.31,approved
RET-005475,ORD-023185,CUST-00471,PROD-0087,2024-11-18,changed_mind,30.14,approved
RET-005476,ORD-023190,CUST-01888,PROD-0032,2024-11-23,defective,68.45,approved
RET-005477,ORD-023199,CUST-02820,PROD-0068,2024-11-17,defective,10.47,approved
RET-005478,ORD-023201,CUST-01165,PROD-0063,2024-11-17,wrong_item,7.86,approved
RET-005479,ORD-023207,CUST-01598,PROD-0019,2024-11-16,defective,54.8,approved
RET-005480,ORD-023210,CUST-00292,PROD-0130,2024-11-25,wrong_item,68.32,rejected
RET-005481,ORD-023212,CUST-01693,PROD-0109,2024-11-22,defective,18.35,approved
RET-005482,ORD-023213,CUST-00589,PROD-0068,2024-12-14,defective,11.29,approved
RET-005483,ORD-023216,CUST-01746,PROD-0124,2024-11-16,wrong_item,227.46,approved
RET-005484,ORD-023222,CUST-02850,PROD-0023,2024-11-18,defective,245.56,approved
RET-005485,ORD-023230,CUST-02826,PROD-0006,2024-12-07,defective,21.56,approved
RET-005486,ORD-023235,CUST-01636,PROD-0080,2024-11-23,defective,20.24,approved
RET-005487,ORD-023240,CUST-00947,PROD-0119,2024-11-18,other,96.82,approved
RET-005488,ORD-023241,CUST-02139,PROD-0105,2024-11-29,changed_mind,20.81,approved
RET-005489,ORD-023246,CUST-02000,PROD-0100,2024-11-20,defective,48.84,approved
RET-005490,ORD-023249,CUST-02367,PROD-0090,2024-11-26,defective,37.82,approved
RET-005491,ORD-023255,CUST-01897,PROD-0118,2024-11-19,defective,102.51,approved
RET-005492,ORD-023260,CUST-01102,PROD-0128,2024-11-17,not_as_described,112.8,approved
RET-005493,ORD-023261,CUST-01006,PROD-0021,2024-11-19,defective,69.1,approved
RET-005494,ORD-023264,CUST-02039,PROD-0122,2024-11-19,wrong_item,22.72,approved
RET-005495,ORD-023266,CUST-02822,PROD-0070,2024-11-17,not_as_described,24.83,approved
RET-005496,ORD-023267,CUST-02060,PROD-0115,2024-11-18,changed_mind,60.43,approved
RET-005497,ORD-023273,CUST-02646,PROD-0125,2024-11-15,defective,67.62,approved
RET-005498,ORD-023277,CUST-02998,PROD-0090,2024-11-18,defective,22.61,approved
RET-005499,ORD-023278,CUST-01828,PROD-0144,2024-11-23,wrong_item,22.77,approved
RET-005500,ORD-023280,CUST-00652,PROD-0004,2024-11-25,changed_mind,32.12,approved
RET-005501,ORD-023281,CUST-02694,PROD-0150,2024-11-24,defective,53.72,approved
RET-005502,ORD-023282,CUST-02393,PROD-0035,2024-11-23,changed_mind,23.78,pending
RET-005503,ORD-023292,CUST-01535,PROD-0116,2024-11-16,changed_mind,71.34,approved
RET-005504,ORD-023294,CUST-01761,PROD-0039,2024-11-25,changed_mind,3.62,rejected
RET-005505,ORD-023297,CUST-01443,PROD-0093,2024-11-19,changed_mind,33.98,approved
RET-005506,ORD-023300,CUST-01207,PROD-0018,2024-11-20,changed_mind,46.93,approved
RET-005507,ORD-023309,CUST-01181,PROD-0023,2024-11-20,changed_mind,116.84,approved
RET-005508,ORD-023310,CUST-00797,PROD-0063,2024-12-03,changed_mind,7.41,approved
RET-005509,ORD-023312,CUST-01699,PROD-0038,2024-11-20,wrong_item,201.72,approved
RET-005510,ORD-023317,CUST-02420,PROD-0064,2024-12-02,wrong_item,56.57,approved
RET-005511,ORD-023319,CUST-02070,PROD-0025,2024-11-26,changed_mind,136.59,pending
RET-005512,ORD-023324,CUST-01578,PROD-0011,2024-11-21,other,22.16,approved
RET-005513,ORD-023326,CUST-01779,PROD-0123,2024-11-18,not_as_described,106.66,approved
RET-005514,ORD-023328,CUST-01764,PROD-0071,2024-11-29,not_as_described,42.37,approved
RET-005515,ORD-023331,CUST-01905,PROD-0091,2024-11-18,other,10.26,approved
RET-005516,ORD-023337,CUST-01068,PROD-0149,2024-11-19,defective,27.11,approved
RET-005517,ORD-023338,CUST-01673,PROD-0052,2024-11-20,not_as_described,169.62,approved
RET-005518,ORD-023339,CUST-00595,PROD-0027,2024-11-26,changed_mind,15.24,approved
RET-005519,ORD-023349,CUST-02304,PROD-0139,2024-12-09,wrong_item,37.35,rejected
RET-005520,ORD-023360,CUST-02774,PROD-0046,2024-11-18,defective,76.05,approved
RET-005521,ORD-023361,CUST-02063,PROD-0090,2024-11-20,changed_mind,24.61,approved
RET-005522,ORD-023362,CUST-01069,PROD-0074,2024-11-22,changed_mind,47.75,approved
RET-005523,ORD-023363,CUST-01817,PROD-0034,2024-12-06,changed_mind,52.83,approved
RET-005524,ORD-023365,CUST-00550,PROD-0107,2024-12-26,changed_mind,419.8,approved
RET-005525,ORD-023370,CUST-01675,PROD-0032,2024-11-18,defective,150.6,pending
RET-005526,ORD-023373,CUST-01659,PROD-0087,2024-11-23,defective,30.17,approved
RET-005527,ORD-023376,CUST-00181,PROD-0142,2024-11-26,other,51.24,approved
RET-005528,ORD-023381,CUST-02040,PROD-0004,2024-11-28,changed_mind,34.94,approved
RET-005529,ORD-023388,CUST-02449,PROD-0046,2024-11-24,defective,165.06,approved
RET-005530,ORD-023394,CUST-02734,PROD-0015,2024-11-29,changed_mind,148.57,approved
RET-005531,ORD-023401,CUST-00630,PROD-0018,2024-11-24,wrong_item,154.08,approved
RET-005532,ORD-023406,CUST-00350,PROD-0026,2024-12-03,wrong_item,120.62,approved
RET-005533,ORD-023410,CUST-02490,PROD-0115,2024-12-10,defective,59.03,approved
RET-005534,ORD-023411,CUST-01202,PROD-0023,2024-11-21,defective,258.02,approved
RET-005535,ORD-023412,CUST-01756,PROD-0065,2024-11-24,changed_mind,40.82,approved
RET-005536,ORD-023416,CUST-01991,PROD-0027,2024-11-29,changed_mind,30.68,approved
RET-005537,ORD-023423,CUST-00177,PROD-0122,2024-11-26,wrong_item,21.71,approved
RET-005538,ORD-023425,CUST-01601,PROD-0052,2024-11-21,defective,81.01,approved
RET-005539,ORD-023428,CUST-01638,PROD-0128,2024-11-23,defective,115.23,approved
RET-005540,ORD-023434,CUST-01502,PROD-0046,2024-11-21,changed_mind,76.41,approved
RET-005541,ORD-023435,CUST-01741,PROD-0055,2024-11-25,defective,59.26,approved
RET-005542,ORD-023439,CUST-01089,PROD-0074,2024-12-02,defective,47.47,approved
RET-005543,ORD-023441,CUST-01816,PROD-0035,2024-11-20,changed_mind,48.28,approved
RET-005544,ORD-023442,CUST-00016,PROD-0121,2024-11-24,defective,122.55,approved
RET-005545,ORD-023443,CUST-02844,PROD-0012,2024-12-01,wrong_item,32.95,approved
RET-005546,ORD-023449,CUST-01530,PROD-0064,2024-11-22,other,185.49,approved
RET-005547,ORD-023453,CUST-02627,PROD-0148,2024-11-26,not_as_described,43.79,approved
RET-005548,ORD-023454,CUST-01711,PROD-0141,2024-11-22,not_as_described,134.61,approved
RET-005549,ORD-023457,CUST-02060,PROD-0104,2024-12-01,changed_mind,56.16,approved
RET-005550,ORD-023459,CUST-00891,PROD-0076,2024-11-24,defective,27.17,approved
RET-005551,ORD-023461,CUST-02640,PROD-0091,2024-11-21,defective,19.4,approved
RET-005552,ORD-023464,CUST-01245,PROD-0019,2024-12-07,changed_mind,81.74,approved
RET-005553,ORD-023471,CUST-01914,PROD-0003,2024-11-27,changed_mind,115.64,approved
RET-005554,ORD-023475,CUST-01239,PROD-0097,2024-12-02,defective,47.22,rejected
RET-005555,ORD-023477,CUST-00421,PROD-0116,2024-11-24,defective,23.96,approved
RET-005556,ORD-023486,CUST-02891,PROD-0120,2024-11-22,not_as_described,62.77,rejected
RET-005557,ORD-023493,CUST-00994,PROD-0049,2024-12-02,changed_mind,45.98,approved
RET-005558,ORD-023494,CUST-00536,PROD-0108,2024-11-28,changed_mind,16.69,approved
RET-005559,ORD-023496,CUST-01054,PROD-0013,2024-12-10,defective,73.8,approved
RET-005560,ORD-023498,CUST-01784,PROD-0112,2024-12-06,defective,7.5,approved
RET-005561,ORD-023499,CUST-01333,PROD-0107,2024-11-26,other,245.8,approved
RET-005562,ORD-023501,CUST-00347,PROD-0087,2024-12-09,defective,111.68,approved
RET-005563,ORD-023508,CUST-01673,PROD-0063,2024-11-26,other,15.58,approved
RET-005564,ORD-023509,CUST-00228,PROD-0023,2024-12-15,defective,132.3,approved
RET-005565,ORD-023511,CUST-00167,PROD-0125,2024-12-05,defective,33.01,approved
RET-005566,ORD-023512,CUST-01059,PROD-0002,2024-12-09,other,25.31,approved
RET-005567,ORD-023514,CUST-01214,PROD-0028,2024-11-27,defective,237.95,approved
RET-005568,ORD-023515,CUST-02244,PROD-0137,2024-11-26,defective,58.57,approved
RET-005569,ORD-023518,CUST-01020,PROD-0030,2024-12-22,defective,107.43,approved
RET-005570,ORD-023520,CUST-00154,PROD-0013,2024-12-06,wrong_item,39.53,approved
RET-005571,ORD-023526,CUST-02149,PROD-0052,2024-12-07,defective,163.98,approved
RET-005572,ORD-023532,CUST-00855,PROD-0056,2024-12-05,defective,60.44,pending
RET-005573,ORD-023540,CUST-02921,PROD-0137,2024-12-10,defective,59.99,approved
RET-005574,ORD-023545,CUST-02612,PROD-0020,2024-12-05,wrong_item,37.23,approved
RET-005575,ORD-023547,CUST-00929,PROD-0122,2024-12-05,changed_mind,43.28,approved
RET-005576,ORD-023557,CUST-02259,PROD-0022,2024-12-01,changed_mind,42.68,approved
RET-005577,ORD-023559,CUST-00167,PROD-0015,2024-12-18,defective,318.98,approved
RET-005578,ORD-023572,CUST-02596,PROD-0016,2024-12-03,wrong_item,22.69,approved
RET-005579,ORD-023573,CUST-00097,PROD-0049,2024-12-07,not_as_described,23.63,approved
RET-005580,ORD-023574,CUST-00069,PROD-0075,2024-12-13,defective,69.62,approved
RET-005581,ORD-023576,CUST-01620,PROD-0088,2024-12-01,defective,41.41,approved
RET-005582,ORD-023582,CUST-02448,PROD-0006,2024-11-24,defective,22.66,approved
RET-005583,ORD-023587,CUST-00847,PROD-0062,2024-12-07,not_as_described,24.58,approved
RET-005584,ORD-023588,CUST-00636,PROD-0142,2024-11-29,wrong_item,26.83,approved
RET-005585,ORD-023591,CUST-02165,PROD-0005,2024-12-01,changed_mind,46.24,approved
RET-005586,ORD-023592,CUST-01842,PROD-0090,2024-11-25,defective,22.18,approved
RET-005587,ORD-023596,CUST-02589,PROD-0136,2024-11-29,defective,33.61,approved
RET-005588,ORD-023607,CUST-02555,PROD-0077,2024-11-30,wrong_item,26.86,approved
RET-005589,ORD-023612,CUST-00135,PROD-0064,2024-11-28,not_as_described,55.27,approved
RET-005590,ORD-023615,CUST-01082,PROD-0057,2024-12-10,defective,28.63,approved
RET-005591,ORD-023623,CUST-02355,PROD-0089,2024-11-25,wrong_item,11.96,rejected
RET-005592,ORD-023627,CUST-01024,PROD-0139,2024-12-05,defective,35.04,approved
RET-005593,ORD-023633,CUST-01153,PROD-0013,2024-11-25,wrong_item,75.03,approved
RET-005594,ORD-023636,CUST-01071,PROD-0077,2024-12-06,changed_mind,29.55,approved
RET-005595,ORD-023638,CUST-01931,PROD-0132,2024-12-02,defective,58.84,rejected
RET-005596,ORD-023641,CUST-01541,PROD-0122,2024-11-25,other,23.04,pending
RET-005597,ORD-023642,CUST-02139,PROD-0119,2024-11-28,wrong_item,44.57,approved
RET-005598,ORD-023643,CUST-01267,PROD-0013,2024-12-04,changed_mind,71.44,approved
RET-005599,ORD-023648,CUST-02936,PROD-0013,2024-11-28,changed_mind,71.32,approved
RET-005600,ORD-023655,CUST-00329,PROD-0084,2024-12-15,other,78.97,approved
RET-005601,ORD-023657,CUST-00722,PROD-0044,2024-11-30,defective,74.01,approved
RET-005602,ORD-023664,CUST-02145,PROD-0118,2024-12-12,defective,117.87,approved
RET-005603,ORD-023670,CUST-02784,PROD-0031,2024-12-12,defective,32.33,approved
RET-005604,ORD-023671,CUST-00595,PROD-0146,2024-11-29,wrong_item,125.75,approved
RET-005605,ORD-023672,CUST-01619,PROD-0013,2024-12-04,changed_mind,72.44,approved
RET-005606,ORD-023673,CUST-00912,PROD-0042,2024-12-06,defective,34.9,approved
RET-005607,ORD-023678,CUST-01520,PROD-0015,2024-12-08,changed_mind,158.07,approved
RET-005608,ORD-023684,CUST-00702,PROD-0122,2024-12-09,other,21.57,approved
RET-005609,ORD-023687,CUST-01516,PROD-0099,2024-11-29,changed_mind,15.68,approved
RET-005610,ORD-023690,CUST-01735,PROD-0042,2024-11-30,defective,38.62,approved
RET-005611,ORD-023691,CUST-00443,PROD-0047,2024-12-01,changed_mind,10.64,approved
RET-005612,ORD-023692,CUST-00878,PROD-0103,2024-12-04,defective,139.36,approved
RET-005613,ORD-023693,CUST-00108,PROD-0046,2024-12-10,not_as_described,72.75,approved
RET-005614,ORD-023699,CUST-00965,PROD-0066,2024-12-08,defective,75.9,rejected
RET-005615,ORD-023700,CUST-01535,PROD-0036,2024-12-04,other,114.63,approved
RET-005616,ORD-023704,CUST-00235,PROD-0051,2024-11-30,defective,23.21,pending
RET-005617,ORD-023710,CUST-01455,PROD-0072,2024-12-01,other,83.08,approved
RET-005618,ORD-023713,CUST-00876,PROD-0033,2024-11-27,defective,16.33,approved
RET-005619,ORD-023714,CUST-00656,PROD-0061,2024-12-07,defective,56.92,approved
RET-005620,ORD-023717,CUST-00086,PROD-0107,2024-12-07,defective,240.92,approved
RET-005621,ORD-023719,CUST-01255,PROD-0091,2024-12-01,changed_mind,36.6,approved
RET-005622,ORD-023733,CUST-00478,PROD-0028,2024-11-29,defective,263.78,approved
RET-005623,ORD-023740,CUST-00782,PROD-0102,2024-11-28,changed_mind,32.31,pending
RET-005624,ORD-023742,CUST-02338,PROD-0033,2024-12-01,defective,36.22,pending
RET-005625,ORD-023746,CUST-00681,PROD-0089,2024-12-09,not_as_described,11.9,approved
RET-005626,ORD-023747,CUST-00259,PROD-0133,2024-12-05,not_as_described,34.61,approved
RET-005627,ORD-023748,CUST-01778,PROD-0142,2024-12-05,wrong_item,26.51,approved
RET-005628,ORD-023749,CUST-00968,PROD-0105,2024-11-28,not_as_described,22.82,rejected
RET-005629,ORD-023751,CUST-02882,PROD-0076,2024-12-03,defective,12.29,approved
RET-005630,ORD-023756,CUST-00011,PROD-0123,2024-11-30,defective,46.04,approved
RET-005631,ORD-023757,CUST-01388,PROD-0083,2024-12-23,defective,68.39,approved
RET-005632,ORD-023760,CUST-01235,PROD-0066,2024-12-22,defective,27.76,approved
RET-005633,ORD-023762,CUST-01304,PROD-0074,2024-12-04,defective,40.03,approved
RET-005634,ORD-023763,CUST-02015,PROD-0077,2024-12-04,changed_mind,29.46,approved
RET-005635,ORD-023765,CUST-02438,PROD-0126,2024-12-12,changed_mind,131.82,approved
RET-005636,ORD-023766,CUST-02047,PROD-0123,2024-12-08,defective,47.05,approved
RET-005637,ORD-023768,CUST-00590,PROD-0043,2024-12-03,changed_mind,71.37,approved
RET-005638,ORD-023770,CUST-02993,PROD-0106,2024-11-30,changed_mind,23.49,rejected
RET-005639,ORD-023772,CUST-00771,PROD-0132,2024-12-05,defective,61.08,approved
RET-005640,ORD-023773,CUST-01283,PROD-0084,2024-12-08,not_as_described,73.59,approved
RET-005641,ORD-023774,CUST-02058,PROD-0083,2024-11-30,changed_mind,68.09,approved
RET-005642,ORD-023775,CUST-00221,PROD-0114,2024-12-03,changed_mind,19.6,approved
RET-005643,ORD-023776,CUST-02041,PROD-0024,2024-12-07,wrong_item,136.92,approved
RET-005644,ORD-023783,CUST-01609,PROD-0132,2024-12-09,wrong_item,26.57,approved
RET-005645,ORD-023784,CUST-01878,PROD-0006,2024-12-09,defective,20.68,approved
RET-005646,ORD-023786,CUST-01310,PROD-0052,2024-12-03,defective,245.25,approved
RET-005647,ORD-023787,CUST-02269,PROD-0044,2024-12-19,wrong_item,23.34,approved
RET-005648,ORD-023789,CUST-01054,PROD-0030,2024-12-20,wrong_item,100.66,approved
RET-005649,ORD-023792,CUST-00673,PROD-0026,2024-12-08,changed_mind,62.12,approved
RET-005650,ORD-023800,CUST-01020,PROD-0132,2024-12-07,defective,28.46,approved
RET-005651,ORD-023802,CUST-01264,PROD-0012,2024-12-10,defective,36.54,approved
RET-005652,ORD-023803,CUST-02697,PROD-0019,2024-12-03,changed_mind,168.06,approved
RET-005653,ORD-023809,CUST-01097,PROD-0014,2024-12-17,defective,5.32,approved
RET-005654,ORD-023816,CUST-02724,PROD-0139,2024-12-11,defective,36.49,approved
RET-005655,ORD-023817,CUST-00733,PROD-0026,2024-12-08,changed_mind,62.94,approved
RET-005656,ORD-023821,CUST-02394,PROD-0014,2024-12-04,defective,5.71,approved
RET-005657,ORD-023823,CUST-00825,PROD-0007,2024-12-04,not_as_described,4.47,approved
RET-005658,ORD-023826,CUST-01297,PROD-0097,2024-12-18,changed_mind,149.55,pending
RET-005659,ORD-023827,CUST-00911,PROD-0147,2024-12-15,defective,77.48,approved
RET-005660,ORD-023832,CUST-01853,PROD-0070,2024-12-13,defective,28.28,pending
RET-005661,ORD-023837,CUST-02535,PROD-0123,2024-12-09,defective,35.54,approved
RET-005662,ORD-023838,CUST-02679,PROD-0119,2024-12-10,changed_mind,47.39,approved
RET-005663,ORD-023851,CUST-02953,PROD-0030,2024-12-12,defective,98.04,approved
RET-005664,ORD-023856,CUST-02574,PROD-0057,2024-12-16,defective,54.12,approved
RET-005665,ORD-023858,CUST-01261,PROD-0062,2024-12-05,other,13.97,approved
RET-005666,ORD-023860,CUST-02013,PROD-0129,2024-12-07,changed_mind,73.48,pending
RET-005667,ORD-023861,CUST-02945,PROD-0072,2024-12-04,changed_mind,76.41,approved
RET-005668,ORD-023862,CUST-00479,PROD-0150,2024-12-08,defective,51.94,approved
RET-005669,ORD-023864,CUST-01695,PROD-0008,2024-12-02,changed_mind,23.78,approved
RET-005670,ORD-023865,CUST-02367,PROD-0010,2024-12-16,changed_mind,60.64,approved
RET-005671,ORD-023871,CUST-01867,PROD-0118,2024-12-02,defective,46.65,rejected
RET-005672,ORD-023872,CUST-00684,PROD-0118,2024-12-07,defective,351.96,approved
RET-005673,ORD-023878,CUST-02725,PROD-0026,2024-12-05,not_as_described,127.92,rejected
RET-005674,ORD-023881,CUST-01696,PROD-0030,2024-12-03,changed_mind,103.33,approved
RET-005675,ORD-023886,CUST-01707,PROD-0043,2024-12-20,defective,66.13,approved
RET-005676,ORD-023891,CUST-00065,PROD-0078,2024-12-05,defective,42.59,pending
RET-005677,ORD-023896,CUST-01458,PROD-0080,2024-12-07,wrong_item,96.04,approved
RET-005678,ORD-023899,CUST-00870,PROD-0040,2024-12-11,changed_mind,21.45,rejected
RET-005679,ORD-023900,CUST-02838,PROD-0088,2024-12-09,changed_mind,70.44,approved
RET-005680,ORD-023902,CUST-02405,PROD-0016,2024-12-04,wrong_item,21.44,approved
RET-005681,ORD-023903,CUST-00715,PROD-0150,2024-12-06,defective,52.26,pending
RET-005682,ORD-023904,CUST-01516,PROD-0074,2024-12-10,changed_mind,48.36,approved
RET-005683,ORD-023905,CUST-02290,PROD-0066,2024-12-21,other,37.47,approved
RET-005684,ORD-023908,CUST-00661,PROD-0100,2024-12-09,not_as_described,31.84,rejected
RET-005685,ORD-023914,CUST-02493,PROD-0137,2024-12-11,defective,59.95,approved
RET-005686,ORD-023915,CUST-01505,PROD-0037,2024-12-09,wrong_item,40.12,approved
RET-005687,ORD-023918,CUST-00572,PROD-0124,2024-12-08,changed_mind,259.38,approved
RET-005688,ORD-023922,CUST-00542,PROD-0046,2024-12-05,defective,284.93,approved
RET-005689,ORD-023925,CUST-02184,PROD-0106,2024-12-04,wrong_item,24.87,rejected
RET-005690,ORD-023926,CUST-01206,PROD-0039,2024-12-14,defective,5.38,approved
RET-005691,ORD-023927,CUST-00023,PROD-0080,2024-12-09,wrong_item,101.0,approved
RET-005692,ORD-023935,CUST-02326,PROD-0031,2024-12-06,not_as_described,33.26,approved
RET-005693,ORD-023936,CUST-01604,PROD-0028,2024-12-12,changed_mind,266.02,approved
RET-005694,ORD-023937,CUST-02681,PROD-0019,2024-12-07,other,53.39,approved
RET-005695,ORD-023938,CUST-01126,PROD-0069,2024-12-05,not_as_described,31.81,approved
RET-005696,ORD-023939,CUST-00901,PROD-0047,2024-12-04,defective,5.11,approved
RET-005697,ORD-023940,CUST-00227,PROD-0012,2024-12-07,changed_mind,33.61,approved
RET-005698,ORD-023944,CUST-02850,PROD-0090,2024-12-09,defective,44.82,approved
RET-005699,ORD-023948,CUST-01931,PROD-0027,2024-12-07,defective,6.87,approved
RET-005700,ORD-023954,CUST-01847,PROD-0104,2024-12-09,other,13.9,approved
RET-005701,ORD-023960,CUST-00935,PROD-0029,2024-12-27,changed_mind,20.62,rejected
RET-005702,ORD-023968,CUST-02485,PROD-0100,2024-12-08,changed_mind,16.49,approved
RET-005703,ORD-023974,CUST-02101,PROD-0052,2024-12-05,defective,86.38,approved
RET-005704,ORD-023978,CUST-00501,PROD-0012,2024-12-17,changed_mind,31.26,approved
RET-005705,ORD-023998,CUST-00428,PROD-0040,2024-12-06,defective,53.66,rejected
RET-005706,ORD-024002,CUST-01024,PROD-0143,2024-12-11,other,27.98,approved
RET-005707,ORD-024004,CUST-02043,PROD-0073,2024-12-12,defective,11.37,approved
RET-005708,ORD-024011,CUST-00675,PROD-0100,2024-12-15,changed_mind,16.94,approved
RET-005709,ORD-024013,CUST-00929,PROD-0012,2024-12-06,defective,96.09,approved
RET-005710,ORD-024020,CUST-00758,PROD-0058,2024-12-12,changed_mind,18.58,approved
RET-005711,ORD-024021,CUST-00748,PROD-0128,2024-12-10,defective,71.9,approved
RET-005712,ORD-024025,CUST-01979,PROD-0085,2024-12-27,wrong_item,34.81,approved
RET-005713,ORD-024028,CUST-01558,PROD-0015,2024-12-05,changed_mind,163.12,approved
RET-005714,ORD-024033,CUST-02491,PROD-0069,2024-12-18,wrong_item,27.53,approved
RET-005715,ORD-024035,CUST-00628,PROD-0030,2024-12-06,defective,109.12,approved
RET-005716,ORD-024036,CUST-00444,PROD-0046,2024-12-16,defective,80.22,approved
RET-005717,ORD-024039,CUST-01516,PROD-0051,2024-12-26,defective,41.11,approved
RET-005718,ORD-024045,CUST-00415,PROD-0136,2024-12-14,defective,33.22,approved
RET-005719,ORD-024048,CUST-02007,PROD-0064,2024-12-16,changed_mind,55.13,approved
RET-005720,ORD-024052,CUST-01941,PROD-0019,2024-12-21,defective,57.6,approved
RET-005721,ORD-024056,CUST-02931,PROD-0066,2024-12-19,defective,38.49,approved
RET-005722,ORD-024064,CUST-02368,PROD-0149,2024-12-07,wrong_item,27.44,approved
RET-005723,ORD-024065,CUST-00254,PROD-0139,2024-12-19,changed_mind,73.66,approved
RET-005724,ORD-024066,CUST-02734,PROD-0007,2024-12-18,wrong_item,11.19,approved
RET-005725,ORD-024071,CUST-01655,PROD-0116,2024-12-15,defective,43.7,approved
RET-005726,ORD-024073,CUST-00913,PROD-0070,2024-12-09,changed_mind,25.84,approved
RET-005727,ORD-024074,CUST-01130,PROD-0042,2024-12-14,defective,37.4,approved
RET-005728,ORD-024078,CUST-00090,PROD-0035,2024-12-06,defective,24.82,approved
RET-005729,ORD-024081,CUST-00008,PROD-0090,2024-12-07,defective,46.25,approved
RET-005730,ORD-024084,CUST-02340,PROD-0085,2024-12-11,defective,69.72,approved
RET-005731,ORD-024085,CUST-01162,PROD-0061,2024-12-13,other,27.32,approved
RET-005732,ORD-024088,CUST-00980,PROD-0091,2024-12-15,changed_mind,8.41,approved
RET-005733,ORD-024089,CUST-01991,PROD-0036,2024-12-16,not_as_described,99.96,approved
RET-005734,ORD-024092,CUST-02389,PROD-0085,2024-12-12,defective,36.53,pending
RET-005735,ORD-024094,CUST-01443,PROD-0013,2024-12-09,defective,78.41,approved
RET-005736,ORD-024096,CUST-01666,PROD-0014,2024-12-07,wrong_item,5.13,approved
RET-005737,ORD-024104,CUST-00804,PROD-0020,2024-12-12,not_as_described,76.6,approved
RET-005738,ORD-024105,CUST-02422,PROD-0001,2024-12-19,changed_mind,48.59,approved
RET-005739,ORD-024112,CUST-02212,PROD-0126,2024-12-13,defective,381.6,approved
RET-005740,ORD-024117,CUST-01668,PROD-0126,2024-12-16,defective,346.49,approved
RET-005741,ORD-024119,CUST-02637,PROD-0076,2024-12-07,defective,25.57,approved
RET-005742,ORD-024124,CUST-01370,PROD-0006,2024-12-17,changed_mind,22.23,approved
RET-005743,ORD-024125,CUST-00798,PROD-0131,2024-12-21,changed_mind,33.45,approved
RET-005744,ORD-024129,CUST-02413,PROD-0012,2024-12-15,not_as_described,32.39,approved
RET-005745,ORD-024132,CUST-02873,PROD-0059,2024-12-22,defective,17.57,approved
RET-005746,ORD-024134,CUST-00974,PROD-0147,2024-12-16,not_as_described,91.72,rejected
RET-005747,ORD-024141,CUST-00825,PROD-0137,2024-12-21,wrong_item,52.54,rejected
RET-005748,ORD-024142,CUST-01624,PROD-0006,2024-12-22,changed_mind,80.64,approved
RET-005749,ORD-024144,CUST-00784,PROD-0015,2024-12-26,not_as_described,148.28,approved
RET-005750,ORD-024147,CUST-01614,PROD-0085,2024-12-21,defective,33.1,approved
RET-005751,ORD-024149,CUST-02205,PROD-0104,2024-12-26,defective,48.52,approved
RET-005752,ORD-024152,CUST-00095,PROD-0094,2024-12-28,changed_mind,8.76,approved
RET-005753,ORD-024156,CUST-01387,PROD-0011,2024-12-09,not_as_described,11.28,approved
RET-005754,ORD-024165,CUST-01435,PROD-0114,2024-12-13,changed_mind,15.2,approved
RET-005755,ORD-024167,CUST-01456,PROD-0128,2024-12-23,defective,73.48,approved
RET-005756,ORD-024177,CUST-01319,PROD-0025,2024-12-16,changed_mind,309.88,approved
RET-005757,ORD-024180,CUST-01518,PROD-0090,2024-12-21,defective,49.97,approved
RET-005758,ORD-024182,CUST-01426,PROD-0001,2024-12-14,defective,44.64,rejected
RET-005759,ORD-024187,CUST-02796,PROD-0126,2024-12-14,changed_mind,220.9,approved
RET-005760,ORD-024192,CUST-00223,PROD-0051,2024-12-15,wrong_item,161.92,approved
RET-005761,ORD-024194,CUST-00600,PROD-0115,2024-12-14,defective,68.29,approved
RET-005762,ORD-024202,CUST-01280,PROD-0107,2024-12-13,not_as_described,244.79,approved
RET-005763,ORD-024205,CUST-01405,PROD-0077,2024-12-17,wrong_item,78.24,approved
RET-005764,ORD-024208,CUST-02972,PROD-0083,2024-12-13,changed_mind,66.19,pending
RET-005765,ORD-024210,CUST-02112,PROD-0134,2024-12-31,not_as_described,40.6,approved
RET-005766,ORD-024212,CUST-01218,PROD-0100,2024-12-23,wrong_item,15.74,rejected
RET-005767,ORD-024214,CUST-02049,PROD-0089,2024-12-16,wrong_item,11.84,approved
RET-005768,ORD-024222,CUST-01842,PROD-0103,2024-12-14,defective,36.69,approved
RET-005769,ORD-024232,CUST-02062,PROD-0097,2024-12-19,changed_mind,42.6,approved
RET-005770,ORD-024240,CUST-01944,PROD-0013,2024-12-17,wrong_item,145.26,approved
RET-005771,ORD-024241,CUST-00217,PROD-0029,2024-12-18,changed_mind,55.02,approved
RET-005772,ORD-024248,CUST-02310,PROD-0139,2024-12-16,defective,74.1,approved
RET-005773,ORD-024249,CUST-01590,PROD-0148,2024-12-28,changed_mind,83.28,approved
RET-005774,ORD-024250,CUST-02246,PROD-0069,2024-12-21,not_as_described,62.36,approved
RET-005775,ORD-024251,CUST-02140,PROD-0031,2024-12-20,changed_mind,30.96,approved
RET-005776,ORD-024253,CUST-00275,PROD-0028,2024-12-23,defective,245.95,approved
RET-005777,ORD-024254,CUST-02239,PROD-0079,2024-12-22,changed_mind,41.96,approved
RET-005778,ORD-024260,CUST-00379,PROD-0054,2024-12-20,not_as_described,103.2,approved
RET-005779,ORD-024265,CUST-01281,PROD-0135,2024-12-27,changed_mind,81.08,approved
RET-005780,ORD-024276,CUST-00635,PROD-0147,2024-12-13,other,192.54,approved
RET-005781,ORD-024279,CUST-00382,PROD-0040,2024-12-17,other,26.91,approved
RET-005782,ORD-024280,CUST-02865,PROD-0066,2024-12-14,not_as_described,36.93,approved
RET-005783,ORD-024281,CUST-02990,PROD-0129,2024-12-14,changed_mind,38.55,approved
RET-005784,ORD-024282,CUST-02833,PROD-0150,2024-12-14,changed_mind,47.93,approved
RET-005785,ORD-024289,CUST-00934,PROD-0134,2024-12-20,changed_mind,13.22,approved
RET-005786,ORD-024292,CUST-00965,PROD-0115,2024-12-17,other,60.73,approved
RET-005787,ORD-024297,CUST-00578,PROD-0028,2024-12-19,changed_mind,483.8,approved
RET-005788,ORD-024302,CUST-02083,PROD-0037,2024-12-24,changed_mind,130.17,approved
RET-005789,ORD-024312,CUST-00589,PROD-0088,2024-12-18,changed_mind,72.42,approved
RET-005790,ORD-024327,CUST-01258,PROD-0077,2024-12-21,changed_mind,27.69,approved
RET-005791,ORD-024329,CUST-02208,PROD-0139,2024-12-17,defective,33.7,approved
RET-005792,ORD-024333,CUST-02816,PROD-0088,2024-12-19,changed_mind,36.97,approved
RET-005793,ORD-024334,CUST-02391,PROD-0121,2024-12-25,wrong_item,45.3,approved
RET-005794,ORD-024337,CUST-00745,PROD-0072,2024-12-21,not_as_described,84.18,approved
RET-005795,ORD-024338,CUST-00181,PROD-0012,2024-12-22,defective,35.97,approved
RET-005796,ORD-024340,CUST-00626,PROD-0095,2024-12-26,other,41.13,approved
RET-005797,ORD-024347,CUST-00990,PROD-0100,2024-12-20,changed_mind,31.66,approved
RET-005798,ORD-024348,CUST-00177,PROD-0017,2024-12-15,defective,15.75,pending
RET-005799,ORD-024350,CUST-01657,PROD-0117,2024-12-27,wrong_item,22.78,approved
RET-005800,ORD-024356,CUST-01832,PROD-0107,2024-12-31,changed_mind,233.77,approved
RET-005801,ORD-024369,CUST-02858,PROD-0142,2024-12-20,not_as_described,23.21,approved
RET-005802,ORD-024371,CUST-00455,PROD-0004,2024-12-20,wrong_item,12.31,approved
RET-005803,ORD-024375,CUST-00483,PROD-0147,2024-12-19,defective,94.85,approved
RET-005804,ORD-024381,CUST-02091,PROD-0116,2024-12-18,defective,75.18,approved
RET-005805,ORD-024382,CUST-00224,PROD-0076,2024-12-18,defective,24.49,approved
RET-005806,ORD-024386,CUST-01342,PROD-0119,2024-12-21,changed_mind,45.41,approved
RET-005807,ORD-024391,CUST-01064,PROD-0117,2024-12-17,defective,21.74,approved
RET-005808,ORD-024394,CUST-02995,PROD-0041,2024-12-20,defective,43.04,rejected
RET-005809,ORD-024395,CUST-02523,PROD-0004,2024-12-28,changed_mind,31.59,approved
RET-005810,ORD-024396,CUST-00042,PROD-0031,2024-12-22,not_as_described,132.08,approved
RET-005811,ORD-024407,CUST-00071,PROD-0123,2024-12-18,defective,53.39,approved
RET-005812,ORD-024408,CUST-01751,PROD-0137,2024-12-21,wrong_item,57.21,approved
RET-005813,ORD-024415,CUST-01471,PROD-0006,2024-12-23,defective,63.03,approved
RET-005814,ORD-024418,CUST-00101,PROD-0150,2024-12-23,defective,47.46,approved
RET-005815,ORD-024425,CUST-02533,PROD-0132,2024-12-27,defective,29.93,approved
RET-005816,ORD-024426,CUST-01806,PROD-0145,2024-12-22,changed_mind,19.36,approved
RET-005817,ORD-024438,CUST-00775,PROD-0043,2024-12-22,wrong_item,65.01,approved
RET-005818,ORD-024444,CUST-01634,PROD-0038,2024-12-22,changed_mind,52.82,approved
RET-005819,ORD-024450,CUST-02514,PROD-0095,2024-12-21,not_as_described,80.46,approved
RET-005820,ORD-024453,CUST-01257,PROD-0111,2024-12-27,changed_mind,44.33,rejected
RET-005821,ORD-024460,CUST-00392,PROD-0147,2024-12-18,defective,97.84,approved
RET-005822,ORD-024465,CUST-00285,PROD-0004,2024-12-28,not_as_described,32.1,approved
RET-005823,ORD-024467,CUST-01011,PROD-0053,2024-12-22,defective,75.48,approved
RET-005824,ORD-024474,CUST-00898,PROD-0079,2024-12-31,defective,41.33,pending
RET-005825,ORD-024480,CUST-00822,PROD-0126,2024-12-30,defective,124.71,approved
RET-005826,ORD-024482,CUST-00436,PROD-0023,2024-12-25,defective,130.9,approved
RET-005827,ORD-024489,CUST-00669,PROD-0118,2024-12-29,defective,105.58,approved
RET-005828,ORD-024493,CUST-01092,PROD-0093,2024-12-20,defective,143.16,approved
RET-005829,ORD-024494,CUST-02112,PROD-0149,2024-12-22,wrong_item,59.64,approved
RET-005830,ORD-024495,CUST-00255,PROD-0131,2024-12-24,changed_mind,22.08,approved
RET-005831,ORD-024506,CUST-00775,PROD-0070,2024-12-22,defective,26.31,approved
RET-005832,ORD-024509,CUST-02935,PROD-0066,2024-12-19,defective,41.53,approved
RET-005833,ORD-024510,CUST-02777,PROD-0143,2024-12-29,defective,28.66,approved
RET-005834,ORD-024524,CUST-02485,PROD-0090,2024-12-27,defective,23.65,approved
RET-005835,ORD-024532,CUST-02461,PROD-0116,2024-12-31,defective,105.96,approved
RET-005836,ORD-024533,CUST-01753,PROD-0052,2024-12-30,defective,78.03,approved
RET-005837,ORD-024538,CUST-02846,PROD-0064,2024-12-25,changed_mind,55.94,approved
RET-005838,ORD-024543,CUST-02882,PROD-0031,2024-12-30,not_as_described,32.71,approved
RET-005839,ORD-024546,CUST-01376,PROD-0028,2024-12-23,defective,168.97,approved
RET-005840,ORD-024552,CUST-00272,PROD-0110,2024-12-24,not_as_described,882.88,approved
RET-005841,ORD-024554,CUST-00266,PROD-0087,2024-12-28,changed_mind,26.96,approved
RET-005842,ORD-024561,CUST-00497,PROD-0067,2024-12-24,wrong_item,78.89,approved
RET-005843,ORD-024566,CUST-01269,PROD-0075,2024-12-26,changed_mind,68.69,approved
RET-005844,ORD-024569,CUST-00706,PROD-0126,2024-12-26,defective,137.58,approved
RET-005845,ORD-024571,CUST-02430,PROD-0085,2024-12-24,changed_mind,76.24,approved
RET-005846,ORD-024575,CUST-00725,PROD-0128,2024-12-24,not_as_described,12.97,approved
RET-005847,ORD-024583,CUST-02783,PROD-0072,2024-12-22,changed_mind,161.26,approved
RET-005848,ORD-024585,CUST-00608,PROD-0096,2024-12-31,defective,55.82,approved
RET-005849,ORD-024591,CUST-02746,PROD-0059,2024-12-30,defective,55.8,approved
RET-005850,ORD-024596,CUST-02098,PROD-0030,2024-12-25,defective,102.96,approved
RET-005851,ORD-024603,CUST-00655,PROD-0017,2024-12-22,changed_mind,36.62,approved
RET-005852,ORD-024611,CUST-00985,PROD-0115,2024-12-25,not_as_described,59.52,approved
RET-005853,ORD-024625,CUST-01175,PROD-0068,2024-12-25,defective,11.41,approved
RET-005854,ORD-024626,CUST-01190,PROD-0014,2024-12-24,defective,20.56,approved
RET-005855,ORD-024631,CUST-02305,PROD-0052,2024-12-25,defective,253.11,approved
RET-005856,ORD-024633,CUST-01618,PROD-0078,2024-12-23,defective,43.84,approved
RET-005857,ORD-024638,CUST-02283,PROD-0077,2024-12-26,not_as_described,53.34,pending
RET-005858,ORD-024642,CUST-00087,PROD-0047,2024-12-25,defective,9.32,approved
RET-005859,ORD-024643,CUST-01706,PROD-0050,2024-12-29,not_as_described,10.96,approved
RET-005860,ORD-024659,CUST-01717,PROD-0066,2024-12-26,defective,33.04,approved
RET-005861,ORD-024666,CUST-00785,PROD-0046,2024-12-31,defective,77.41,approved
RET-005862,ORD-024683,CUST-02053,PROD-0128,2024-12-28,not_as_described,72.98,approved
RET-005863,ORD-024685,CUST-01832,PROD-0134,2024-12-28,other,11.84,approved
RET-005864,ORD-024692,CUST-00569,PROD-0012,2024-12-31,defective,36.32,approved
RET-005865,ORD-024693,CUST-02486,PROD-0024,2024-12-30,wrong_item,49.68,approved
RET-005866,ORD-024695,CUST-02962,PROD-0129,2024-12-25,changed_mind,39.12,approved
RET-005867,ORD-024699,CUST-00606,PROD-0052,2024-12-27,defective,82.07,approved
RET-005868,ORD-024700,CUST-00583,PROD-0061,2024-12-30,defective,95.79,rejected
RET-005869,ORD-024703,CUST-00107,PROD-0150,2024-12-30,not_as_described,108.02,approved
RET-005870,ORD-024714,CUST-00244,PROD-0117,2024-12-31,changed_mind,23.12,approved
RET-005871,ORD-024727,CUST-00077,PROD-0120,2024-12-27,defective,64.75,approved
RET-005872,ORD-024729,CUST-01689,PROD-0070,2024-12-28,wrong_item,25.1,approved
RET-005873,ORD-024732,CUST-01123,PROD-0060,2024-12-29,other,62.68,approved
RET-005874,ORD-024742,CUST-01802,PROD-0146,2024-12-28,other,112.34,approved
RET-005875,ORD-024750,CUST-00501,PROD-0039,2024-12-29,changed_mind,5.16,approved
RET-005876,ORD-024755,CUST-01629,PROD-0044,2024-12-30,defective,22.32,rejected
RET-005877,ORD-024767,CUST-00880,PROD-0025,2024-12-29,changed_mind,291.62,approved
RET-005878,ORD-024772,CUST-01577,PROD-0060,2024-12-31,defective,64.44,approved
RET-005879,ORD-024805,CUST-00981,PROD-0121,2024-12-28,changed_mind,42.03,approved
RET-005880,ORD-024825,CUST-00251,PROD-0120,2024-12-30,other,66.09,approved
RET-005881,ORD-024834,CUST-02891,PROD-0026,2024-12-31,defective,59.58,approved
RET-005882,ORD-024907,CUST-00011,PROD-0012,2024-12-30,defective,35.75,approved
